Year of Ceremony,Movie_Title,Nominations,Directed_By,Written_By,Produced_By,Screenplay_By,Adapted_From,Cast,Cinematography,Edited_By,Production Companies,Distributed_By,Date_Released,Running_Time (minutes),Producer_Country,Language,Budget (in millions),Box Office (in millions),Gains,"% of budget/box office made (If the budget is 1/3rd of the revenue, then movie did good, smaller than 33% is better)",Parental Guide,RT Critics,RT Audience,Lat,Long,Setting_City,Setting_Country,Filming_City,Filming_Country,Setting_Time,Film genre ,Summary,Notes
1st,Chang,"1 NOMINATION
Unique and Artistic Picture - Paramount Famous Lasky","Merian C. Cooper
Ernest B. Schoedsack",Achmed Abdullah,"Merian C. Cooper
Ernest B. Schoedsack",-,-,-,Ernest B. Schoedsack,Louis R. Loeffler,"Famous Players–Lasky Corporation
Paramount Famous Lasky Corporation",Paramount Pictures,"April 29, 1927",64,United States,Silent (English Intertitles),0.095,2,1.905,5%,Pre-Hays Code,94,70,18.68471037,100.8079162,Nan,Thailand,Nan,Thailand,1927,Documentary,"Kru, the farmer depicted in the film, battles leopards, tigers, and even a herd of elephants, all of which pose a constant threat to his livelihood. As filmmakers, Cooper and Schoedsack attempted to capture real life with their cameras, though they often re-staged events that had not been captured adequately on film. The danger was real to all the people and animals involved. Tigers, leopards, and bears are slaughtered on camera,[2] while the film's climax shows Kru's house being demolished by a stampeding elephant.",
1st,7th Heaven,"5 NOMINATIONS, 3 WINS
* Actress - Janet Gaynor
* Directing (Dramatic Picture) - Frank Borzage
* Writing (Adaptation) - Benjamin Glazer
Art Direction - Harry Oliver
Outstanding Picture - Fox",Frank Borzage,"Harry H. Caldwell (titles)
Katharine Hilliker (titles)
Bernard Vorhaus (uncredited)",William Fox,Benjamin Glazer,"Seventh Heaven (Broadway Play)
by Austin Strong",Janet Gaynor as Diane; Charles Farrell as Chico; Ben Bard as Col. Brissac; Albert Gran as Boul; David Butler as Gobin; Marie Mosquini as Madame Gobin; Gladys Brockwell as Nana; Emile Chautard as Father Chevillon; Jessie Haslett as Aunt Valentine; Brandon Hurst as Uncle George; George E. Stone as Sewer Rat; Lillian West as Arlette; Henry Armetta as Extra (uncredited); Lewis Borzage Sr. as Streetlamp Lighter (uncredited); Dolly Borzage as Street Girl (uncredited); Mary Borzage as Bullet Factory Worker (uncredited); Sue Borzage as Street Girl (uncredited); Italia Frandi as Extra (uncredited); Venezia Frandi as Extra (uncredited); Frankie Genardi as Little Boy (uncredited); Lois Hardwick as Extra (uncredited),"Ernest Palmer
Joseph A. Valentine",Barney Wolf,Fox Film Corporation,Fox Film Corporation,"May 6, 1927",110,United States,Silent (English Intertitles),1.3,2.5,1.2,52%,Pre-Hays Code,100,85,48.85857707,2.336475791,Paris,France,Los Angeles (Century City),United States,1914,Romantic drama,"In the early 1910s, Chico works in the sewers of Paris. He expresses his desire to be a street sweeper, to work above ground, and light candles at a nearby church. After a meeting with the church's priest, Chico receives the recommendation he needs for the street-sweeping job.
Diane is a young prostitute living with her abusive sister, Nana. When news arrives that their uncle and aunt have returned with a fortune, Nana particularly hopes they will provide more comfortable accommodations. But when the uncle asks Diane directly whether she and her sister have kept ""clean and decent"", the look on her face confirms his worst suspicions and, refusing to take them home, disowns them. Nana, furious at Diane for revealing the truth, begins to beat her. As Diane tries to escape on the street, Chico steps in to rescue her.
Following a brief flirtation between Diane and Chico, Nana returns with the police, intending to arrest Diane. Once again, Chico intervenes, asserting that Diane is not a prostitute but his wife. Despite initial skepticism, the police refrain from arresting Diane but ask for Chico's address to verify the marriage. Concerned about potential repercussions for lying, Chico fears losing his job as a streetsweeper. To provide an alibi, he suggests Diane move in with him. After ensuring she's not being exploited, Diane agrees to Chico's proposal.
Soon afterwards, the police visit Chico's apartment for further investigation, and their strategy succeeds, absolving them both of suspicion. With no more reason to stay, Diane prepares to leave, feeling disheartened after having grown fond of Chico and his airy sixth-floor walkup flat. When Chico offers her to stay, she joyfully accepts, feeling that Chico is a godsend. As they spend more time together, they quickly fall in love and decide to marry genuinely.
News of World War I reaching France arrives, prompting the couple to hold an unofficial wedding in their apartment, with God as their sole witness. Chico is swiftly recruited, forcing him to depart for the battlefield. Upon his departure, a resentful Nana returns, deriding Diane for her marriage and attemping to assault her once more, only to be forced out by Diane fighting back with newfound bravery thanks to Chico's support.
While Chico fights in the war, Diane finds work at a munitions factory. During a battle, Chico is gravely wounded and believes he's dying. When Diane is told that Chico has been officially declared dead, she is devastated. Yet once the war ends, Chico returns home, his death having been wrongly reported, but he is now blind.","Janet Gaynor and Charles Farrell were cast in the lead roles. The pairing proved to be so popular, the two went on to star in 11 more films together and were dubbed ""America's Favorite Lovebirds""."
1st,Underworld,"1 WIN, 1 NOMINATION
* Writing (Original Story) - Ben Hecht",Josef von Sternberg,"Ben Hecht
Charles Furthman
Robert N. Lee","Hector Turnbull
B. P. Schulberg
",,,"Clive Brook as ""Rolls Royce"" Wensel; Evelyn Brent as ""Feathers"" McCoy; George Bancroft as ""Bull"" Weed; Fred Kohler as ""Buck"" Mulligan; Helen Lynch as Meg, Mulligan's girl; Larry Semon as ""Slippy"" Lewis; Jerry Mandy as Paloma; Alfred Allen as Judge (uncredited); Shep Houghton as Street Kid (uncredited); Andy MacLennan as One of Laughing Faces at the Ball (uncredited); Ida May as Laughing Woman at the Ball (uncredited); Karl Morse as 'High Collar' Sam (uncredited); Bob Reeves as Detective at Railroad Station (uncredited); Julian Rivero as One of Buck's Henchmen (uncredited)",Bert Glennon,E. Lloyd Sheldon,Paramount Pictures,Paramount Pictures,"August 20, 1927",80,United States,Silent (English intertitles),,,0,#DIV/0!,Pre-Hays Code,,,,,,,,United States,,Gangster,"Boisterous gangster kingpin 'Bull' Weed rehabilitates the down-and-out 'Rolls Royce' Wensel, a former lawyer who has fallen into alcoholism. The two become confidants, with Rolls Royce's intelligence aiding Weed's schemes, but complications arise when Rolls Royce falls for Weed's girlfriend 'Feathers' McCoy.

Adding to Weed's troubles are attempts by a rival gangster, 'Buck' Mulligan, to muscle in on his territory. Their antagonism climaxes with Weed killing Mulligan and he is imprisoned. Awaiting a death sentence, Rolls Royce devises an escape plan, but he and Feathers face a dilemma, wondering if they should elope together and leave Bull Weed to his fate.","The film launched Sternberg's eight-year collaboration with Paramount Pictures, with whom he would produce his seven films with actress Marlene Dietrich. "
1st,The Patent Leather Kid,"1 NOMINATION
Actor - Richard Barthelmess",Alfred Santell,"Rupert Hughes (story)
Winifred Dunn (scenario)","Alfred Santell
Richard A. Rowland",-,-,Richard Barthelmess as the Patent Leather Kid; Molly O'Day as Curley Boyle; Lawford Davidson as Lt. Hugo Breen; Matthew Betz as Jake Stuke; Arthur Stone as Jimmy Kinch; Ray Turner as Mabile Molasses; Hank Mann as Sergeant; Walter James as Officer Riley; Lucien Prival as the German Officer; Nigel De Brulier as the French Doctor; Fred O'Beck as Tank Crew; Clifford Salam as Tank Crew; Henry Murdock as Tank Crew; Charles Sullivan as Tank Crew; John Kolb as Tank Crew; Al Alleborn as Tank Crew; Billy Bletcher as Fight Fan (uncredited); Fred Kelsey as Fight Fan (uncredited); Lafe McKee as Fight Spectator (uncredited),"Arthur Edeson
Ralph Hammeras
Alvin Knechtel",-,,First National Pictures,"September 1, 1927",130,United States,Silent (English Intertitles),0.85,1.2,0.35,71%,Pre-Hays Code,,,,,,,,,,Drama,-,A copy of the film is held by the Library of Congress[5][6] and a 16mm print exists at the Wisconsin Center for Film and Theater Research.[7]
1st,The Magic Flame,"1 NOMINATION
Cinematography - George Barnes",Henry King,"George Marion Jr. (titles)
June Mathis (continuity)
Bess Meredyth (writer)
Nellie Revell (titles)",Samuel Goldwyn,-,"König Harlekin (play)
by Rudolph Lothar","Ronald Colman as Tito the Clown; Vilma Bánky as Bianca, the acrobat; Agostino Borgato as The Ringmaster; Gustav von Seyffertitz as The Chancellor; Harvey Clark as The Aide; Shirley Palmer as The Wife; Cosmo Kyrle Bellew as The Husband; George Davis as The Utility Man; André Cheron as The Manager; Vadim Uraneff as The Visitor; Meurnier-Surcouf as Sword Swallower; Raoul Paoli as Weight Thrower; William Bakewell; Lucille Ballart; Austen Jewell",George Barnes,-,Samuel Goldwyn Productions,United Artists,"September 18, 1927",90,United States,Silent (English Intertitles),,,0,#DIV/0!,Pre-Hays Code,,,,,,,Los Angeles (West Hollywood),United States,,Drama,The film promoted itself as the Romeo and Juliet of the circus upon its release.,"The Magic Flame is now considered to be a lost film.[3] The first five reels are rumored to exist at the George Eastman Museum, though this is disputed.[4][5]"
1st,Two Arabian Knights,"1 WIN, 1 NOMINATION
* Directing (Comedy Picture) - Lewis Milestone",Lewis Milestone,,"John W. Considine Jr.
Howard Hughes","Wallace Smith
Cyril Gardner
James T. O'Donohoe
George Marion Jr.","Two Arabian Knights
1924 story in McClure's Magazine
by Donald McGibney",William Boyd as W. Dangerfield Phelps III; Mary Astor as Mirza; Louis Wolheim as Sgt. Peter O'Gaffney; Ian Keith as Shevket Ben Ali; Michael Vavitch as The Emir; Michael Visaroff as The Skipper; Boris Karloff as The Purser; DeWitt Jennings as American Consul; Nicholas Dunaew as Mirza's Man Servant; Jean Vachon as Mirza's Maid Servant; David Cavendish as The Emir's Advisor,"Tony Gaudio
Joseph H. August",Douglass Biggs,The Caddo Company,United Artists,"September 23, 1927",92,United States,Silent (English intertitles),,,0,#DIV/0!,Pre-Hays Code,,,,,,Arabia,,United States,1914,Comedy,"During the First World War, two American soldiers become trapped in no man's land. Expecting to die, W. Dangerfield Phelps III (William Boyd) decides to fulfill his fondest desire: to beat up his sergeant since training camp, Peter O'Gaffney (Louis Wolheim). While they are brawling, the Germans sneak up and capture them.
In a German prison camp, the two become friends when Phelps takes responsibility for an unflattering caricature he drew of a guard, rather than let O'Gaffney take the blame. The two escape, stealing the white robes of Arab prisoners to blend in with the snow. However, they encounter (and are forced to join) a group of similarly garbed Arab prisoners being sent by train to Constantinople.
Near the end of their journey, Phelps creates a distraction, and the two men jump off, landing in a hay wagon. When the hay is loaded onto a ship bound for Arabia, so are they. The stowaways are discovered, but the skipper (Michael Visaroff) is satisfied when Phelps pays him their fare.
When a small boat founders nearby, Phelps jumps in to try to rescue an Arabian woman, Mirza (Mary Astor). Both he and the woman have to be saved by O'Gaffney. The two soldiers and the skipper vie for the veiled woman's affections. Phelps eventually coaxes her into removing her veil, and is entranced by her beauty. Meanwhile, the woman's escort observes this development with disapproval. The skipper insists on being paid for Mirza's fare, but none of the three have any money left. They hold him off as best they can.
When they reach their destination, the skipper refuses to let Mirza debark without paying, so O'Gaffney robs the purser (Boris Karloff) to get the money. Mirza is met by Shevket Ben Ali (Ian Keith); Mirza informs Phelps that her father has arranged for her to marry Shevket. They depart. The Americans jump overboard when the skipper discovers what happened to his purser.
The two men head for the American consul, but leave hastily without speaking to him when they find the skipper already there lodging a complaint. They decide to seek the assistance of Mirza's father the Emir, who turns out to be the governor of the region. However, Mirza's escort has told him and Shevket that Phelps has seen her without her veil. Outraged, the Emir sends his men to bring the Americans back to be executed. Unaware of this, the two soldiers saunter into the Emir's palace. Phelps reads Mirza's warning note in time, and the two escape.
When Phelps sets out to rescue Mirza, O'Gaffney shows true friendship and accompanies him. They are trapped by Shevket and his men, but when Mirza threatens to kill herself, Shevket proposes they settle this with a duel in which only one of the pistols is loaded with a real bullet, the other gun has a blank cartridge. Phelps agrees and fires first; his gun contains the blank. Mirza is made to leave the room. Then Shevket reveals that both guns had blanks; he did not wish to wager his life with a ""dog"". He exits, leaving his men to dispose of Phelps. The two men overcome their captors, relieve Shevket of Mirza, and ride away.","The film was long thought lost before being located in Howard Hughes' film collection after his death.[4] Two Arabian Knights was preserved by the Academy Film Archive, in partnership with University of Nevada, Las Vegas, in 2016.[5]"
1st,The Way of All Flesh,"1 WIN, 1 NOMINATION
* Actor - Emil Jannings",Victor Fleming,"Lajos Biro (adaptation)
Frederica Sagor (adaptation)
Jules Furthman (scenario)","Adolph Zukor
Jesse L. Lasky",,Perley Poore Sheehan,"Emil Jannings as August Schiller; Belle Bennett as Mrs. Schiller; Phyllis Haver as The Temptress; Donald Keith as August Schiller, junior; Fred Kohler as The Tough; Philippe De Lacy as August Schiller, jr., as a child; Mickey McBan as Evald; Betsy Ann Hisle as Charlotte; Carmencita Johnson as Elizabeth; Gordon Thorpe as Karl; Jackie Combs as Heinrich; Dean Harrell as Evald; Anne Sheridan; Nancy Drexel; Philip Sleeman (uncredited)",Victor Milner,,Paramount Pictures,Paramount Pictures,"October 1, 1927",90,United States,Silent (English intertitles),,,0,#DIV/0!,Pre-Hays Code,,,41.88305313,-87.62544932,Chicago,United States,,United States,"1907
1927",Melodrama,"In the story, which opens in the early 1900s with August Schiller, a bank clerk in Milwaukee who is happy with both his job and his family. But when bank officials ask him to transport $1,000 in securities to Chicago, he meets a blond seductress on the train, who sees what he is carrying. She flirts with him, convinces him to buy her a bottle of champagne, and takes him to a saloon run by a crook. The next morning he awakes alone in a dilapidated bedroom, without the securities. He finds the woman, and at first pleads with her, then intimidates her to return the stolen securities. He is knocked unconscious by the saloon owner and dragged to a nearby railroad track.
As the crook strips him of everything that might lead to his identification, Schiller recovers consciousness, and in a struggle the crook is thrown into the path of an oncoming train and killed. Schiller flees, and in despair is about to take his own life, when he sees in a newspaper that he is supposedly dead, the crook's mangled body having been identified as Schiller's. The time passes to twenty years later. Schiller is aged and unkempt, employed to pick up trash in a park. He sees his own family go to a cemetery and place a wreath on his grave. Following other scenes in a Christmas snowstorm, Schiller makes his way to his former home, where he sees that the son whom he had taught to play violin is now a successful musician. He walks away, carrying in his pocket a dollar that his son has given him, not recognizing that the old tramp is his father.","It is now considered a lost film with only two fragments of the film having been found.
"
1st,The Jazz Singer,"2 NOMINATIONS, 1 WIN
* Special Award - Special Award
Writing (Adaptation) - Alfred Cohn",Alan Crosland,-,Darryl F. Zanuck,Alfred A. Cohn,"The Jazz Singer (play)
by Samson Raphaelson","Al Jolson as Jacob ""Jakie"" Rabinowitz (Jack Robin); Bobby Gordon as Jakie Rabinowitz (age 13); Warner Oland as Cantor Rabinowitz, Jakie Rabinowitz's (Jack Robin's) father; Eugenie Besserer as Sara Rabinowitz, Jakie Rabinowitz's (Jack Robin's) mother; May McAvoy as Mary Dale; Otto Lederer as Moisha Yudelson; Richard Tucker as Harry Lee; Yossele Rosenblatt as himself",Hal Mohr,Harold McCord,"Warner Bros. Pictures
The Vitaphone Corporation",Warner Bros. Pictures,"October 6, 1927",89,United States,English (part talkie),0.422,2.6,2.178,16%,Pre-Hays Code,26,69,40.71519772,-73.98433686,"New York City (Manhattan, Lower East Side)",Unites States,New York City (Lower East Side),United States,1900s,Musical drama,"The film depicts the fictional story of Jakie Rabinowitz, a young man who defies the traditions of his devout Jewish family. After singing popular tunes in a beer garden, he is punished by his father, a hazzan (cantor), prompting Jakie to run away from home. Some years later, now calling himself Jack Robin, he has become a talented jazz singer, performing in blackface. He attempts to build a career as an entertainer, but his professional ambitions ultimately come into conflict with the demands of his home and heritage.","It is the first feature-length motion picture with both synchronized recorded music and lip-synchronous singing and speech (in several isolated sequences). Its release heralded the commercial ascendance of sound films and effectively marked the end of the silent film era with the Vitaphone sound-on-disc system, featuring six songs performed by Al Jolson.
In 1998, the film was chosen in voting conducted by the American Film Institute as one of the best American films of all time, ranking at number ninety. The film's copyright expired on January 1, 2023, when all works published in the U.S. in 1927 entered the public domain."
1st,Sunrise,"4 NOMINATIONS, 3 WINS
* Actress - Janet Gaynor
* Cinematography - Charles Rosher, Karl Struss
* Unique and Artistic Picture - Fox
Art Direction - Rochus Gliese",F. W. Murnau,,William Fox,Carl Mayer,"""The Excursion to Tilsit""
1917 story in ""Litauische Geschichten""
by Hermann Sudermann",George O'Brien as The Man; Janet Gaynor as The Wife; Margaret Livingston as The Woman From the City; Bodil Rosing as The Maid; J. Farrell MacDonald as The Photographer; Ralph Sipperly as The Barber; Jane Winton as The Manicure Girl; Arthur Housman as The Obtrusive Gentleman; Eddie Boland as The Obliging Gentleman; Sally Eilers as Woman in Dance Hall with failing straps (uncredited); Gino Corrado as Manager of Hair Salon (uncredited); Herman Bing as Streetcar Conductor (uncredited); Gibson Gowland as Angry Driver (uncredited),"Charles Rosher
Karl Struss",Harold Schuster,Fox Film Corporation,Fox Film Corporation,"November 4, 1927",95,United States,"Sound (Synchronized)
(English Intertitles)",,0.818,0.818,0%,Pre-Hays Code,98,,,,,,,United States,,Romantic drama,"The film's plot follows a married farmer (O'Brien) who falls for a woman vacationing from the city (Livingston), who tries to convince him to murder his wife (Gaynor) in order to be with her.","While the film has no audible dialogue, it was released with a synchronized musical score with sound effects using the Movietone sound-on-film process.
The film's legacy has endured, and it is now widely considered a masterpiece and one of the greatest films ever made. Many have called it the greatest film of the silent era. In 1989, Sunrise was one of the first 25 films selected by the U.S. Library of Congress for preservation in the National Film Registry for being ""culturally, historically, or aesthetically significant"".[9][10] The Academy Film Archive preserved Sunrise in 2004.[11] The 2007 update of the American Film Institute's list of the 100 greatest American films ranked it number 82,[12] and the British Film Institute's 2022 Sight & Sound critics’ poll named it the eleventh-best film in the history of motion pictures, while the directors’ poll listed it 33rd.
Although the original 35mm negative of the original American version of Sunrise was destroyed in the 1937 Fox vault fire, a new negative was created from a surviving print.
Sunrise premiered on September 23, 1927. It was accompanied by the first ever talking newsreels, which attracted much of the initial interest in the film."
1st,The Devil Dancer,"1 NOMINATION
Cinematography - George Barnes",Fred Niblo,"Alice D. G. Miller (screenplay)
Edwin Justus Mayer (intertitles)",Samuel Goldwyn,-,Story by Harry Hervey,Gilda Gray as Takla (The Devil Dancer); Clive Brook as Stephen Athelstan; Anna May Wong as Sada; Serge Temoff as Beppo; Michael Vavitch as Hassim; Sōjin Kamiyama as Sadik Lama; Anne Schaefer as Tana; Albert Conti as Arnold Guthrie; Martha Mattox as Isabel; Kalla Pasha as Toy; James B. Leong as The Grand Lama; William H. Tooker as Lathrop; Claire Du Brey as Audrey; Nora Cecil as Julia; Barbara Tennant as The White Woman; Herbert Evans (uncredited minor part); Jack Harvey (uncredited minor part); Ura Mita (uncredited minor part); Clarissa Selwynne (uncredited minor part),"George Barnes
Thomas Brannigan",-,Samuel Goldwyn Productions,United Artists,"November 19, 1927",73,United States,Silent (English Intertitles),-,-,-,-%,Pre-Hays Code,71,-,-,-,-,-,Los Angeles (West Hollywood),United States,-,Romantic drama,An English explorer disturbed by the practices of an isolated tribe attempts to rescue a native girl with whom he has become fascinated.,The Devil Dancer is now considered a lost film.
1st,Sorrell and Son,"1 NOMINATION
Directing (Dramatic Picture) - Herbert Brenon","Herbert Brenon
Ray Lissner (assistant)","Elizabeth Meehan (adaptation)
Herbert Brenon (scenario)",Joseph Schenck,,"Sorrell and Son
by Warwick Deeping    ",H. B. Warner as Stephen Sorrell; Anna Q. Nilsson as Dora Sorrell; Mickey McBan as Kit (as a child); Carmel Myers as Flo Palfrey; Lionel Belmore as John Palfrey; Norman Trevor as Thomas Roland; Betsy Ann Hisle as Molly (as a child); Louis Wolheim as Buck; Paul McAllister as Dr. Orange; Alice Joyce as Fanny Garland; Nils Asther as Christopher 'Kit' Sorrell; Mary Nolan as Molly Roland,James Wong Howe,Marie Halvey,,United Artists,"December 2, 1927",100,United States,Silent (English Intertitles),,,0,#DIV/0!,Pre-Hays Code,,,,,,,,England,,Drama,,"The 1927 version was considered a lost film for many years. However, the Academy Film Archive restored both an almost-complete copy of Sorrell and Son and a trailer for the film, in 2004 and 2006, respectively.[2]"
1st,The Dove,"1 WIN, 1 NOMINATION
* Art Direction - William Cameron Menzies",Roland West,"Gerald Beaumont (story)
Roland West (adaptation)
Wallace Smith (adaptation, intertitles)","Norma Talmadge
Joseph M. Schenck",-,"The Dove (1925 Broadway play)
by Willard Mack",Norma Talmadge as Dolores; Noah Beery as Don José María y Sandoval; Gilbert Roland as Johnny Powell; Eddie Borden as Billy; Harry Myers as Mike; Walter Daniels as The Drunk; Kalla Pasha as The Comandante; Michael Vavitch as Gómez; Brinsley Shaw as The Patriot; Charles Darvas as The Comandante's Captain; Michael Dark as Sandoval's Captain; Olga Baclanova as Bit Part (uncredited);; Robert Gleckler as Bit Part (uncredited); Mark Hamilton as Prisoner (uncredited); Andy MacLennan as Bit Part (uncredited); Jack McDonald as Bit Part (uncredited); Alice White as Bit Part (uncredited),Oliver T. Marsh,Hal C. Kern,Norma Talmadge Film Corporation,United Artists,"December 31, 1927",90,United States,Silent (English Intertitles),-,-,-,-%,Pre-Hays Code,67,-,-,-,-,-,,,-,Romantic drama,"The original story is about Mexican despot Don José (Beery), who falls in love with the dancing girl Dolores (Talmadge) who rejects him. Due to the potential political repercussions of condemning Mexico, it was decided to relocate the plot to some anonymous Mediterranean country.","The film was Norma Talmadge's first feature for United Artists.
Though the film was not well received, William Cameron Menzies won the first Academy Award for Best Art Direction in 1928 for this film[1] and Tempest, though the award was then called ""Interior Decoration.""[4]
In 1932, Herbert Brenon directed a new talkie version named Girl of the Rio, starred by Dolores del Río for RKO Radio Pictures.
Prints of The Dove are located in the collections of the Library of Congress and Swedish Film Institute.[6] The Library of Congress has reels 1, 3, 4, and 8, and is missing reels 2, 5, 6, 7, and 9.[7][8]"
1st,A Ship Comes In,"1 NOMINATION
Actress - Louise Dresser",William K. Howard,"Julien Josephson
John W. Krafft
Sonya Levien",,,,Rudolph Schildkraut - Peter Pleznik; Louise Dresser - Mama Pleznik; Milton Holmes - Eric; Linda Landi - Marthe; Fritz Feld - Sokol; Lucien Littlefield - Dan Casey; Robert Edeson - Judge Gresham; Louis Natheaux - Seymon,Lucien N. Andriot,Barbara Hunter,,Pathé Exchange,"January 4, 1928",70,United States,Silent (English Intertitles),,,0,#DIV/0!,Pre-Hays Code,,,,,New York City,United States,,,1914,Drama,"The film focuses on the Plezniks, a European family immigrating to the United States just before the outbreak of the first World War. The family is boundlessly optimistic about their new life, in particular Peter, the family patriarch. Peter makes a friend of his neighbor Mr. Casey, who helps him get a job as a janitor at the local embassy; after five years, the embassy's Judge makes an enthusiastic Peter a citizen of the United States. At this time, Peter's oldest child Eric, has left to join the military, with the same level of enthusiasm as his father. Mama Pleznik, however, is worried, but lets him go.
In a plot to kill the embassy judge, Peter is framed when an explosive is hidden in a package he had given to the Judge as a thank-you gift. Upon a jury finding him guilty, Peter finally breaks down in tears, but is soon back to his normal optimistic self in prison. His fortune improves when the real bomber, having suffered a guilty conscience, confesses to the police. His patriotism praised, Peter is released, gets his job back (with back pay), and returns to see his family. After a warm welcome, Peter is disheartened to learn that Eric has been killed in action. But his and Mrs. Pleznik's grief turns to pride when they remember Eric was just as loyal to his new country as they were; the film ends with Peter saluting his son's portrait on the wall.","The film is preserved in the Library of Congress, George Eastman House, Filmarchiv Austria.[3]"
1st,Sadie Thompson,"2 NOMINATIONS
Actress - Gloria Swanson
Cinematography - George Barnes",Raoul Walsh,"Gloria Swanson
Raoul Walsh",Gloria Swanson Productions,W. Somerset Maugham,"Rain
by John Colton and Clemence Randolph",Gloria Swanson as Sadie Thompson; Lionel Barrymore as Mr. Alfred Davidson; Blanche Friderici as Mrs. Alfred Davidson; Charles Willis Lane as Dr. Angus McPhail; Florence Midgley as Mrs. Angus McPhail; James A. Marcus as Joe Horn; Sophia Artega as Ameena; Will Stanton as Quartermaster Bates; Raoul Walsh as Sergeant Timothy O'Hara,"George Barnes
Robert Kurrle
Oliver T. Marsh",C. Gardner Sullivan,Gloria Swanson Productions,United Artists,"January 7, 1928",91,United States,Silent (English Intertitles),0.65,8,7.35,8%,Pre-Hays Code,,,-14.27312572,-170.7013261,Pago Pago,American Samoa,,,1922,Drama,"A smoking, drinking, jazz listening, young prostitute named Sadie Thompson (Gloria Swanson) arrives at Pago Pago (American Samoa), on her way to a job with a shipping line on another island. At the same time, 'moralists' arrive, including Mr. and Mrs. Davidson (Lionel Barrymore and Blanche Friderici). They all end up staying in the same hotel, where the Davidsons plot to teach the natives about sin and Sadie entertains a bunch of Marines.
Sadie begins to fall in love with Sergeant Timothy O'Hara (Raoul Walsh), who is not fazed by her past. He tells her that he has a best friend who married a former prostitute, and the couple now lives happily in Australia.
Davidson sets about trying to redeem Sadie, much to her disgust. He tricks her into telling him about her past in San Francisco, and once she refuses to repent, he declares that he will go to the governor and have her deported. Sadie is terrified of the threat, but O'Hara assures her that it will not happen. He tells her he wishes she would go to Australia and wait for his term of service to finish, after which they can get married. She agrees.
Davidson gets his way, however, and Sadie is livid. She and O'Hara go to the governor, begging him to let her go to Australia instead of back to San Francisco. Davidson has managed to get O'Hara punished for being immoral, but Sadie will be able to go to Australia if Davidson approves. Sadie pleads with him, but to no avail. She eventually confesses that, if she goes back to San Francisco, there is ""a man there who won't let her go straight"", which is what she wants to do. Davidson figures out this statement means that there is a warrant for her arrest back in San Francisco. Sadie claims that she was framed and she is innocent, but will go to prison if she is sent back.
Davidson still refuses, saying she must atone for her past. Sadie pleads and pleads and eventually offers to repent. Davidson, however, says that the only way to fully repent is for her to go to prison. Sadie runs to her room, crying out for Davidson. Davidson returns, and Sadie confesses she is afraid. Davidson then tells her that, if she repents, there will be nothing to fear and he begins to pray with her. Sadie converts to Christianity.
Sadie prays for three whole days. She has put away her old things and has become a modest woman. O'Hara returns and finds Davidson is gone, apparently ""trying to stop the locals from dancing on the beach"". O'Hara tells Sadie that he has a fishing boat waiting to take her and her things to a ship that will then take her to Australia, where they can marry and be free. Sadie is extremely afraid and refuses to go, saying that the ""old Sadie is dead"" and she must go to San Francisco and prison to repent.
O'Hara does everything he can, including forcibly taking her from the room, but Davidson is waiting outside. O'Hara tries to attack him, but Sadie asks him to stop. O'Hara, extremely upset, leaves and Sadie pleads with Davidson not to get him in trouble, for ""it was all her fault"".
Later that night, Sadie is asleep, and everyone else is heading to bed. Davidson can not sleep and goes out for a walk in the rain. (It has rained almost continuously.) His wife says he cannot sleep for ""the unpleasant dreams he's been having about Miss Thompson"". A fellow boarder suspects they are not ""all that unpleasant"". Outside, Davidson struggles with himself and realizes that he is sexually attracted to Sadie and that he is unable to handle it. He looks into her window and eventually returns to his room.
Sadie, frightened because she heard noises, is waiting in Davidson's room. Davidson is shocked and sends her back to her room.
The last reel of the film is missing, but the story as originally filmed was that the fishermen find Davidson's body. He has committed suicide. Sadie and O'Hara reconcile and head for Australia.","Due to the subject matter, the making of the film was extremely controversial. However, it was a financial and critical success for Swanson.
Due to the public's apathy towards silent films, a sound version was prepared in the latter half of 1928. While the sound version has no audible dialog, it features a synchronized musical score with sound effects along with a theme song.
Swanson did not attend the ceremony, and always felt it was like ""comparing apples to oranges.""[31]"
1st,The Private Life of Helen of Troy,"1 NOMINATION
Writing (Title Writing) - Gerald Duffy",Alexander Korda,"Gerald C. Duffy (intertitles)
Ralph Spence (intertitles)
Casey Robinson (intertitles)",Richard A. Rowland,-,"The Private Life of Helen of Troy
by John Erskine",María Corda as Helen; Lewis Stone as Menelaus; Ricardo Cortez as Paris; George Fawcett as Eteoneus; Alice White as Adraste; Bill Elliott as Telemachus; Tom O'Brien as Ulysses; Bert Sprotte as Achilles; Mario Carillo as Ajax; Charles Puffy as Malapokitoratoreadetos; George Kotsonaros as Hector; Emilio Gorgato as Sarpedon; Constantine Romanoff as Aeneas; Alice Adair as Aphrodite; Helen Fairweather as Athena; Virginia Thomas as Hera; Agostino Borgato (uncredited); Sonia Karlov (uncredited); Inez Marion (uncredited); Jack Stambaugh as Extra (uncredited); John Westwood as Extra (uncredited); Clifford Ingram as Chariot Driver (uncredited); Gusztáv Pártos as Nobleman (uncredited),"Lee Garmes
Sidney Hickox",Harold Young,,First National Pictures,"January 8, 1928",87,United States,Silent (English Intertitles),,,-,-%,Pre-Hays Code,,,,,,,,,,,,"Duffy died on June 25, 1928, and was the first person to be posthumously nominated for an Academy Award.[2]
Two sections from the beginning and end, running about 27–30 minutes in total, are reportedly all that survive of The Private Life of Helen of Troy; they are preserved by the British Film Institute.[1][3]"
1st,The Last Command,"2 NOMINATIONS, 1 WIN
* Actor - Emil Jannings
Writing (Original Story) - Lajos Biro",Josef von Sternberg,"John F. Goodrich
Herman J. Mankiewicz (titles)","Adolph Zukor
Jesse L. Lasky","Lajos Bíró
Josef von Sternberg",-,"Emil Jannings as Grand Duke Sergius Alexander; Evelyn Brent as Natalie ""Natacha"" Dabrova; William Powell as Leo Andreyev; Jack Raymond as the Assistant Director; Nicholas Soussanin as the Adjutant; Michael Visaroff as the Bodyguard; Fritz Feld as A revolutionist",Bert Glennon,William Shea,Paramount Famous Lasky Corp.,Paramount Pictures,"January 22, 1928",85,United States,Silent (English Intertitles),-,-,-,-%,Pre-Hays Code,90,95,55.75390226,37.61222498,"Los Angeles (Hollywood)
Moscow","United States
Russia",Los Angeles (Hollywood),United States,"1928
1918",Romantic drama,"In 1928 Hollywood, director Leo Andreyev looks through photographs for actors for his next movie. When he comes to the picture of an aged Sergius Alexander, he pauses, then tells his assistant to cast the man. Sergius shows up at the Eureka Studio with a horde of other extras and is issued a general's uniform. As he is dressing, another actor complains that his continual head twitching is distracting. Sergius apologizes and explains that it is the result of a great shock he once experienced.
The film then flashes back ten years to Czarist Russia, which is in the midst of the Revolution. Grand Duke Sergius Alexander, the Czar's cousin and commander of all his armies, is informed by his adjutant that two actors entertaining the troops have been identified as dangerous ""revolutionists"" during a routine passport check. He decides to toy with them for his amusement. When one of them, Leo Andreyev, becomes insolent, Sergius whips him across the face and has him jailed.
Leo's companion, the beautiful Natalie Dabrova, is an entirely different matter. She intrigues Sergius. Despite the danger she poses, he takes her along with him. After a week, he gives her a pearl necklace as a token of his feelings for her. She comes to realize that he is at heart a man of great honor who loves Russia as deeply as she does. When she invites him to her room, he spots a partially hidden pistol, but deliberately turns his back to her. She draws the weapon, but cannot fire. Despite their political differences, she has fallen in love with him.
When the Bolsheviks capture the train on which they are traveling, she pretends to despise him. Instead of having him shot out of hand like his officers, she suggests they have him stoke coal into the locomotive all the way to Petrograd, where he will be publicly hanged. This is a ruse to keep him alive and, when everyone on board is drunk, she helps him escape, giving him back the pearl necklace to finance his way out of the country. Sergius jumps from the train, then watches in horror as it tumbles off a nearby bridge into the icy river below, taking Natalie with it. This moment is when Sergius develops his head twitch.
Ten years later, Sergius is reduced to poverty, eking out a living as a Hollywood extra. When he and the director finally meet, Sergius recognizes him. Leo, in an ironic act calculated to humiliate him, casts him as a Russian general in a battle scene. He is directed to give a speech to a group of actors playing his dispirited men. When one soldier tries to incite a mutiny, telling the general that ""you've given your last command"", he whips the man in the face as instructed, just as he had once struck Leo. Losing his grip on reality, he imagines himself genuinely on the battlefield, besieged by enemies, and passionately urges his men to fight for Russia. Overstraining himself, he dies, inquiring with his last words if they have won. Moved, Leo tells him they have. The assistant remarks, ""That guy was a great actor."" Leo replies, ""He was more than a great actor – he was a great man.""","In 2006, the film was deemed ""culturally, historically, or aesthetically significant"" by the United States Library of Congress and selected for the National Film Registry.[2][3]
The film's copyright was renewed, and therefore it did not fall into the public domain in the United States until 2024.[35][36]"
1st,The Circus,"1 WIN, 1 NOMINATION
* Special Award - Special Award",Charlie Chaplin,Charlie Chaplin,Charlie Chaplin,-,-,"Charlie Chaplin as The Tramp; Al Ernest Garcia as The Circus Proprietor and Ringmaster [credited as Allan Garcia]; Merna Kennedy as The Ringmaster's Step-daughter, a Circus Rider; Harry Crocker as Rex, a Tight Rope Walker (also a disgruntled property man and a clown); George Davis as a Magician; Henry Bergman as an Old Clown; Tiny Sandford as The Head Property Man [credited as Stanley J. Sandford]; John Rand as an Assistant Property Man (also a clown); Steve Murphy as a Pickpocket",Roland Totheroh,-,United Artists,United Artists,"January 27, 1928",70,United States,Silent (English Intertitles),0.9,3.8,2.9,24%,Pre-Hays Code,97,94,,,Unknown,United States,"Los Angeles (Hollywood, Glendale)",United States,1927,Romantic comedy,"The ringmaster of an impoverished circus hires Chaplin's Little Tramp as a clown, but discovers that he can only be funny unintentionally.","The production of the film was the most difficult experience in Chaplin's career. Numerous problems and delays occurred, including a studio fire, the death of Chaplin's mother, as well as Chaplin's bitter divorce from his second wife Lita Grey, and the Internal Revenue Service's claims of Chaplin's owing back taxes, all of which culminated in filming being stalled for eight months.[2] The Circus was the seventh-highest-grossing silent film in cinema history, taking in more than $3.8 million in 1928.[1] The film continues to receive high praise. The film's copyright was renewed, so it entered the public domain on January 1, 2024.[3]
Charlie Chaplin was originally nominated for three Academy Awards, but the Academy took Chaplin out of the running by giving him a Special Award ""for writing, acting, directing and producing The Circus"".[32][33] The Academy no longer lists Chaplin's nominations in their official list of nominees, although most unofficial lists include him.[34]"
1st,The Noose,"1 NOMINATION
Actor - Richard Barthelmess",John Francis Dillon,"James T. O'Donohoe (adaptation)
Garrett Graham (titles)","Henry Hobart
Richard A. Rowland",H.H. Van Sloan,"The Noose
by Willard Mack and H.H. Van Sloan","Richard Barthelmess as Nickie Elkins; Montagu Love as Buck Gordon; Robert Emmett O'Connor as Jim Conley; Jay Eaton as Tommy; Lina Basquette as Dot; Thelma Todd as Phyllis; Ed Brady as Seth McMillan; Fred Warren as Dave, Pianist; Alice Joyce as Mrs. Bancroft; Will Walling as Warden (credited as William Walling); Robert T. Haines as Governor; Ernest Hilliard as Craig; Emile Chautard as Priest; Romaine Fielding as Judge; Yola d'Avril as Cabaret Girl; William B. Davidson as Bill Chase; Mike Donlin as Waiter; Joseph W. Girard as Captain of the Guards; Bob Kortman as Death Row Convict; Ivan Linow as Death Row Convict; Charles McMurphy as Bar Patron; Monte Montague as Guard; George H. Reed as Death Row Inmate; Hector; Sarno as Rival Hood; Harry Semels as Waiter; Charles Sullivan as Head Waiter",James Van Trees,Jack Dennis,,First National Pictures,"January 29, 1928",65,United States,Silent (English Intertitles),,,0,#DIV/0!,Pre-Hays Code,,,,,,,,,,Drama,-,"A print of The Noose is located at the Museum of Modern Art in New York City.
"
1st,The Crowd,"2 NOMINATIONS
Directing (Dramatic Picture) - King Vidor
Unique and Artistic Picture - Metro-Goldwyn-Mayer",King Vidor,Joseph Farnham (titles),Irving Thalberg,"King Vidor
John V.A. Weaver",-,"Eleanor Boardman as Mary Sims; James Murray as John Sims; Bert Roach as Bert; Estelle Clark as Jane; Daniel G. Tomlinson as Jim; Dell Henderson as Dick; Lucy Beaumont as Mary's mother; Freddie Burke Frederick as ""Junior""; Alice Mildred Puter as daughter",Henry Sharp,Hugh Wynn,Metro-Goldwyn-Mayer,Metro-Goldwyn-Mayer,"March 3, 1928",98,United States,Silent (English Intertitles),-,-,-,-%,Pre-Hays Code,96,90,40.76703307,-73.96931152,New York City,United States,"New York City
Culver City
Venice Pier",United States,"1921
1922
1927",Drama,"Born on the Fourth of July, 1900, John Sims loses his father when he is twelve. At 21, he sets out for New York City, where he is sure he will become somebody important, just as his father had always believed. Another boat passenger tells him he will have to be good in order to stand out from the crowd.
John gets a job as one of many office workers of the Atlas Insurance Company. Fellow employee Bert talks him into a double date to Coney Island. John is so smitten with Mary, he proposes to her at the end of the date; she accepts. Bert predicts the marriage will last a year or two.
A Christmas Eve dinner in their tiny apartment with Mary's mother and two brothers, with whom John is not on friendly terms, ends badly. John goes to Bert's to get some liquor. A young woman there throws herself at him, complimenting him on his looks, and starts to dance with him. John returns home very late and very drunk. Mary's family has gone home, and she tells him that they do not understand him. They exchange Christmas gifts and John compliments her, but yells at her when she does something trivial.
In April, they quarrel and Mary threatens to leave, and is shocked and hurt by John's apathy when he does not try to stop her. The couple reconciles when Mary tells John that she is pregnant. She gives birth to a son. Over the next five years, the couple have a daughter and an $8 raise, but Mary is dissatisfied with John's lack of advancement, especially compared to Bert, and in light of John's big talk about his prospects.
Finally, John wins $500 for an advertising slogan; and buys presents for his family. When he and Mary urge their children to rush home to see their gifts, their daughter is killed by a truck. John is so overcome with grief, he cannot function at work. When reprimanded, he quits.
John gets other jobs, but cannot hold onto any of them. Mary's brothers reluctantly offer him a position, but John is too proud to accept what he deems a ""charity job"". In a fit of rage, Mary slaps him. John goes for a walk, contemplates suicide, but his son goes with him. The child's unconditional love for him makes him rethink his situation, and he changes his mind. John gets work as a sandwich board carrier and returns home, his optimism renewed, only to find Mary about to leave with her brothers. She steps out of the house, but no further. She loves John too much to abandon him. The reconciled family attends a vaudeville comedy show, with the final shot showing them overcome with laughter, and lost in the crowded audience of laughing people.",The film is widely regarded by critics and historians as one of the greatest films ever made and a landmark of silent-era cinema.
2nd,Skyscraper,"1 NOMINATION
Writing - Elliott Clawson",Howard Higgin,"Elliott J. Clawson
Tay Garnett (titles)
Dudley Murphy (story)","Ralph Block
Cecil B. DeMille (for PDC)",,,William Boyd as Blondy; Alan Hale as Slim Strede; Sue Carol as Sally; Alberta Vaughn as Jane; Wesley Barry as Redhead; Paul Weigel as Redhead's father,John W. Boyle,Adelaide Cannon,DeMille Pictures Corporation,Pathe Exchange,"April 8, 1928",68,United States,Silent,,,,,,,,,,,,,,,Drama,"The original story, by Dudley Murphy, was about two construction workers involved in building a New York skyscraper who are rivals for a woman's love.",
2nd,Street Angel,"1 WIN, 1 NOMINATION
* Actress - Janet Gaynor",Frank Borzage,"Philip Klein
Henry Roberts Symonds",William Fox,,"Lady Cristilinda
by Monckton Hoffe","Janet Gaynor as Angela; Charles Farrell as Gino; Natalie Kingston as Lisetta; Henry Armetta as Mascetto; Guido Trento as Neri, Sergeant of Police; Alberto Rabagliati as A Policeman; Demetrius Alexis as Museum Waiter (uncredited); Jennie Bruno as Landlady (uncredited); Gino Conti as Policeman (uncredited); Milton Dickinson as Bimbo (uncredited); Helena Herman as Andrea (uncredited); Dave Kashner as The Strong Man (uncredited); Louis Liggett as Beppo (uncredited); Hector Sarno as Spaghetti Cook (uncredited)","Paul Ivano
Ernest Palmer",,,Fox Film Corporation,"April 9, 1928",102,United States,"Sound (Synchronized)
English Intertitles",,1.7,1.7,0%,Pre-Hays Code,,,,,Naples,Italy,,United States,,Drama,"The film begins in the dark, narrow streets of Naples, a city of archways, weathered stone steps, laundry hanging overhead, and patches of mist that soften the lamplight. The police — carabineers — make their rounds in pairs, their boots echoing on the cobblestones.
In a cramped, dimly lit home, Angela (Janet Gaynor) tends to her ailing mother, who is gravely ill. Angela has no money for medicine. She is desperate. Hearing the doctor say a prescription will cost twenty lire, she leaves the house determined to get the money by any means. 
Angela, still young and naïve, imitates the behavior of a streetwalker she has seen. She approaches men in the street, awkwardly trying to make herself seem available. But the men — some amused, some annoyed — laugh her off. She is too innocent, too obviously playing a part.
Finally, in a small spaghetti café, Angela sees a customer’s coins left on the counter. In a moment of panic and desperation, she tries to snatch the change — but is caught in the act by the shopkeeper and the police sergeant, Neri (Guido Trento). She is arrested on the charge of attempted theft while soliciting.
In the court, Angela is sentenced to one year in the workhouse. As she is being escorted there by two carabineers, she spots a chance for escape — slipping away in the confusion of the marketplace. She disappears into the winding alleys and escapes Naples entirely.
Angela finds refuge with a small caravan circus, run by Mascetto (Henry Armetta), a jovial but gruff ringmaster who barks orders at his troupe while fussing over his animals. Mascetto hires Angela to perform as a stilt-walker and in small sideshow acts. The circus is poor but colorful: a strongman who lifts women overhead, a fortune teller, children chasing after the wagons.
It is here that Angela meets Gino (Charles Farrell), a struggling painter who has joined the circus to make money painting banners and signs. Gino is instantly struck by Angela’s delicate beauty and spirit. He watches her shyly, sketching her in idle moments.
Over time, Gino and Angela fall in love. Gino paints Angela’s portrait as a Madonna — serene, pure, radiant. He rents a modest studio, telling Angela he will one day do great work for the churches of Naples. They have separate rooms but share a deep romantic bond, often communicating through playful whistles — a motif of the Neapolitan song “O Sole Mio.”
During a circus performance, Angela, on stilts, suddenly spots two uniformed carabineers in the crowd. The sight of them brings back her past like a ghost. She loses her balance and falls heavily, breaking her ankle. Gino takes her back to Naples to get proper medical care from a good doctor.
Angela recovers slowly, but Gino is broke. He cannot sell his paintings, no matter how hard he tries. Desperate for money, he reluctantly sells his Madonna portrait of Angela to an elderly dealer. Unknown to Gino, the buyer plans to fake the painting as an “old master” for profit.
While Angela is out buying food with the little money they have, she is recognized by the same Carabineer who arrested her a year before. He follows her back to the studio and knocks at the door. When Angela answers, he places her under arrest to serve her original sentence. She pleads for one hour to say goodbye to Gino without revealing the truth to him. She tells the officer that the shock of knowing she is going to prison would kill Gino. The officer relents.
Angela returns to Gino, who has just come in carrying a basket of food and wine, thrilled with a small advance payment he has received for a mural job. They share a bittersweet hour together. Gino believes her tears are tears of joy. At one point, he whistles “O Sole Mio,” and Angela, trembling, struggles to whistle back without breaking down.
When the hour is up, Angela slips away quietly. Gino awakes the next morning to find her gone, with no explanation.
Angela serves her full term in the workhouse. Upon her release, she tries to find Gino, but he is nowhere to be seen. At the docks, she wanders among the crowd. She learns from another ex-prisoner that Gino had been searching for her and had been told she was no better than a common streetwalker.
Gino, meanwhile, is seeking a model for a new painting — “a woman with the face of an angel and the soul of a devil.” He spots Angela in the crowd. His eyes blaze with fury and betrayal. She, terrified, flees into a nearby church, seeking sanctuary.
Inside the church, Gino catches up to Angela and is about to choke her in anger — but then he sees his own Madonna painting of her, now hanging above the altar. The sight stops him cold.
Angela, through tears, convinces him she is still the woman he painted, that her soul has not changed. Gino’s anger melts. They embrace beneath the gaze of the painted Madonna.
The lovers, reunited, leave the church together. The mist and shadows of Naples close in, but now they walk with renewed hope.","Street Angel, which at its start is set in Naples, caused a riot when shown there in 1928.[8] As a result, Benito Mussolini replaced the film censors that had passed the film and banned further showing of it in Italy.[9] At the request of the Italian government in 1929, the French government banned the showing of Street Angel throughout Morocco.
The film was believed to be lost for many years, but it is now part of a collection of 12 films by Fox that was released in 2008.[10]
As an early, transitional sound film, it used intertitles, recorded sound effects and musical selections, but did not include recorded dialogue.
The movie received two further Academy Award nominations at the 1930 ceremony for Best Art Direction and Best Cinematography, making it one of two English-language films to receive Oscar nominations in separate years. The other was The Quiet One, nominated in 1949 for Documentary Feature[5] and in 1950 for Story and Screenplay.[6]"
2nd,Street Angel,"2 NOMINATIONS
Art Direction - Harry Oliver
Cinematography - Ernest Palmer",Frank Borzage,"Philip Klein
Henry Roberts Symonds",William Fox,,"Lady Cristilinda
by Monckton Hoffe","Janet Gaynor as Angela; Charles Farrell as Gino; Natalie Kingston as Lisetta; Henry Armetta as Mascetto; Guido Trento as Neri, Sergeant of Police; Alberto Rabagliati as A Policeman; Demetrius Alexis as Museum Waiter (uncredited); Jennie Bruno as Landlady (uncredited); Gino Conti as Policeman (uncredited); Milton Dickinson as Bimbo (uncredited); Helena Herman as Andrea (uncredited); Dave Kashner as The Strong Man (uncredited); Louis Liggett as Beppo (uncredited); Hector Sarno as Spaghetti Cook (uncredited)","Paul Ivano
Ernest Palmer",,,Fox Film Corporation,"April 9, 1928",102,United States,"Sound (Synchronized)
English Intertitles",,1.7,1.7,0%,Pre-Hays Code,,,,,Naples,Italy,,United States,,Drama,"The film begins in the dark, narrow streets of Naples, a city of archways, weathered stone steps, laundry hanging overhead, and patches of mist that soften the lamplight. The police — carabineers — make their rounds in pairs, their boots echoing on the cobblestones.
In a cramped, dimly lit home, Angela (Janet Gaynor) tends to her ailing mother, who is gravely ill. Angela has no money for medicine. She is desperate. Hearing the doctor say a prescription will cost twenty lire, she leaves the house determined to get the money by any means. 
Angela, still young and naïve, imitates the behavior of a streetwalker she has seen. She approaches men in the street, awkwardly trying to make herself seem available. But the men — some amused, some annoyed — laugh her off. She is too innocent, too obviously playing a part.
Finally, in a small spaghetti café, Angela sees a customer’s coins left on the counter. In a moment of panic and desperation, she tries to snatch the change — but is caught in the act by the shopkeeper and the police sergeant, Neri (Guido Trento). She is arrested on the charge of attempted theft while soliciting.
In the court, Angela is sentenced to one year in the workhouse. As she is being escorted there by two carabineers, she spots a chance for escape — slipping away in the confusion of the marketplace. She disappears into the winding alleys and escapes Naples entirely.
Angela finds refuge with a small caravan circus, run by Mascetto (Henry Armetta), a jovial but gruff ringmaster who barks orders at his troupe while fussing over his animals. Mascetto hires Angela to perform as a stilt-walker and in small sideshow acts. The circus is poor but colorful: a strongman who lifts women overhead, a fortune teller, children chasing after the wagons.
It is here that Angela meets Gino (Charles Farrell), a struggling painter who has joined the circus to make money painting banners and signs. Gino is instantly struck by Angela’s delicate beauty and spirit. He watches her shyly, sketching her in idle moments.
Over time, Gino and Angela fall in love. Gino paints Angela’s portrait as a Madonna — serene, pure, radiant. He rents a modest studio, telling Angela he will one day do great work for the churches of Naples. They have separate rooms but share a deep romantic bond, often communicating through playful whistles — a motif of the Neapolitan song “O Sole Mio.”
During a circus performance, Angela, on stilts, suddenly spots two uniformed carabineers in the crowd. The sight of them brings back her past like a ghost. She loses her balance and falls heavily, breaking her ankle. Gino takes her back to Naples to get proper medical care from a good doctor.
Angela recovers slowly, but Gino is broke. He cannot sell his paintings, no matter how hard he tries. Desperate for money, he reluctantly sells his Madonna portrait of Angela to an elderly dealer. Unknown to Gino, the buyer plans to fake the painting as an “old master” for profit.
While Angela is out buying food with the little money they have, she is recognized by the same Carabineer who arrested her a year before. He follows her back to the studio and knocks at the door. When Angela answers, he places her under arrest to serve her original sentence. She pleads for one hour to say goodbye to Gino without revealing the truth to him. She tells the officer that the shock of knowing she is going to prison would kill Gino. The officer relents.
Angela returns to Gino, who has just come in carrying a basket of food and wine, thrilled with a small advance payment he has received for a mural job. They share a bittersweet hour together. Gino believes her tears are tears of joy. At one point, he whistles “O Sole Mio,” and Angela, trembling, struggles to whistle back without breaking down.
When the hour is up, Angela slips away quietly. Gino awakes the next morning to find her gone, with no explanation.
Angela serves her full term in the workhouse. Upon her release, she tries to find Gino, but he is nowhere to be seen. At the docks, she wanders among the crowd. She learns from another ex-prisoner that Gino had been searching for her and had been told she was no better than a common streetwalker.
Gino, meanwhile, is seeking a model for a new painting — “a woman with the face of an angel and the soul of a devil.” He spots Angela in the crowd. His eyes blaze with fury and betrayal. She, terrified, flees into a nearby church, seeking sanctuary.
Inside the church, Gino catches up to Angela and is about to choke her in anger — but then he sees his own Madonna painting of her, now hanging above the altar. The sight stops him cold.
Angela, through tears, convinces him she is still the woman he painted, that her soul has not changed. Gino’s anger melts. They embrace beneath the gaze of the painted Madonna.
The lovers, reunited, leave the church together. The mist and shadows of Naples close in, but now they walk with renewed hope.","Street Angel, which at its start is set in Naples, caused a riot when shown there in 1928.[8] As a result, Benito Mussolini replaced the film censors that had passed the film and banned further showing of it in Italy.[9] At the request of the Italian government in 1929, the French government banned the showing of Street Angel throughout Morocco.
The film was believed to be lost for many years, but it is now part of a collection of 12 films by Fox that was released in 2008.[10]
As an early, transitional sound film, it used intertitles, recorded sound effects and musical selections, but did not include recorded dialogue.
The movie received two further Academy Award nominations at the 1930 ceremony for Best Art Direction and Best Cinematography, making it one of two English-language films to receive Oscar nominations in separate years. The other was The Quiet One, nominated in 1949 for Documentary Feature[5] and in 1950 for Story and Screenplay.[6]"
2nd,Glorious Betsy,"1 NOMINATION
Writing (Adaptation) - Anthony Coldeway","Alan Crosland
Gordon Hollingshead",-,-,"Anthony Coldeway
Jack Jarmuth","Glorious Betsy (1908 play)
by Rida Johnson Young",,Hal Mohr,Thomas Pratt,Warner Bros. Pictures,Warner Bros. Pictures,"April 26, 1928",80,United States,English (part talkie - intertitle),0.198,0.965,0.767,21%,Pre-Hays Code,-,20,,,,,,,,,,
2nd,Tempest,"1 WIN, 1 NOMINATION
* Art Direction - William Cameron Menzies","Sam Taylor
Lewis Milestone (uncredited)
Victor Tourjansky (uncredited)","Vladimir Nemirovich-Danchenko
C. Gardner Sullivan
Lewis Milestone (uncredited)
Erich von Stroheim (uncredited)
George Marion Jr. (intertitles; uncredited)","John W. Considine Jr.
Joseph M. Schenck",,,John Barrymore as Sgt. Ivan Markov; Camilla Horn as Princess Tamara; Louis Wolheim as Sgt. Bulba; Boris de Fast as Peddler/Commissar; George Fawcett as General; Ullrich Haupt as Captain; Michael Visaroff as Guard,Charles Rosher,Allen McNeil,Feature Productions,United Artists,"May 27, 1928",111,United States,"Sound (Synchronized)
(English Intertitles)",1.2,,-1.2,#DIV/0!,Pre-Hays Code,,,,,Moscow,Russia,,,1914,Drama,"In Czarist Russia, Ivan Markov (John Barrymore), a patriotic peasant youth, rises through the ranks after earning the admiration of a celebrated military leader, the General (George Fawcett), who commissions him a lieutenant. Ivan falls hopelessly in love with the General's daughter, Princess Tamara (Camilla Horn), but she is already engaged to a pompous officer, Captain Egorov (Ullrich Haupt), a snobbish member of her father's staff.
At a grand ball, the princess spurns Ivan with cold disdain. Humiliated and drunk, Ivan forces his way into her bedchamber, collapses in a stupor, and before losing consciousness, he scrawls ""I love you — Ivan"" on the back of a sacred icon he wears and leaves it on her pillow. Shocked to find Ivan in her room, Tamara calls her father and fiancé. Ivan is arrested, stripped of his rank, and imprisoned.
Loyal to his comrade, Sergeant Bulba (Louis Wolheim) deliberately insults an officer and joins Ivan in prison. There, they are visited by a peddler (Boris de Fast), secretly a revolutionary agent. Though previously rebuked by Ivan for spreading anti-czarist propaganda, the peddler now persuades him to join the growing revolutionary movement.
Tamara, remorseful and realizing her true feelings, visits Ivan in his cell. But Ivan, hardened by betrayal and humiliation, bitterly denounces her and the aristocracy, proud instead of his peasant roots. Captain Egorov, having eavesdropped, accuses her of betrayal and Tamara breaks their engagement, confessing that her heart still belongs to Ivan.
In retaliation, Egorov arranges for Ivan's solitary confinement, falsely claiming it was at Tamara's behest. When World War I breaks out, all political prisoners are released for service—except Ivan. Alone, Ivan begins to lose his sanity until the Bolsheviks seize power. The peddler, now a high-ranking Commissar, frees Ivan and appoints him second-in-command of the revolutionary tribunal. Bulba, returned from the front, is now a senior figure in the new regime.
At the tribunal, Ivan and the peddler condemn aristocrats to death. Among the prisoners is Princess Tamara, captured while trying to save her father. Still torn between love and rage, Ivan has her thrown into the same prison cell he once occupied. He visits her alone; she bears his harsh words in silence until she collapses in his arms. In that moment, Ivan sees she has always loved him—she still wears the icon he left on her pillow.
Leaving Bulba to guard Tamara, Ivan rushes to the execution yard where he finds the General, his former mentor, facing a firing squad. The old man dies in Ivan's arms. Appalled by the brutality of the regime he now serves, Ivan storms into the commissar's office. The peddler accuses him of treason. In a moment of self-defense and moral awakening, Ivan kills him.
Ivan escapes with Tamara and Bulba in a waiting sleigh. Together, they flee the bloodshed of the revolution, finding sanctuary in a new land—and a chance at peace and happiness.","While the film has no audible dialog, it was released with a synchronized musical score with sound effects using both the sound-on-disc and sound-on-film process"
2nd,White Shadows in the South Seas,"1 WIN, 1 NOMINATION
* Cinematography - Clyde De Vinna",W. S. Van Dyke,"Intertitles:
John Colton","Irving Thalberg
Hunt Stromberg
William Randolph Hearst","Jack Cunningham
Ray Doyle","White Shadows in the South Seas
1919 travel book
by Frederick O'Brien",Monte Blue as Dr. Lloyd; Raquel Torres as Fayaway; Robert Anderson as Sebastian; Renee Bush as Fayaway's friend (uncredited),"Clyde De Vinna
Bob Roberts
George Gordon Nogle",Ben Lewis,Cosmopolitan Productions,Metro-Goldwyn-Mayer,"July 31, 1928",89,United States,"Sound (Synchronized)
English intertitles",0.365,1.6,1.235,23%,,,,,,Papeete,Tahiti,Papeete,Tahiti,,Romantic adventure,"Dr. Matthew Lloyd, an alcoholic doctor, is disgusted by white traders' exploitation of native pearl divers on a Polynesian island. The traders give the divers well below the value of the pearls while the divers suffer numerous injuries, some fatal, from the sea bed and from diving without breathing equipment.

When a diver is gravely injured, Sebastian, a leading trader, is indifferent, demanding that the other divers keep working. When Lloyd remonstrates, Sebastian threatens him, demands he leave the island and swings a punch at him. Later, the diver dies despite Lloyd's treatment but the traders have a party all the same.

Sebastian tricks Lloyd onto an arriving ship by saying they have measles. His men tie the doctor up and send the ship off unmanned. Lloyd survives a storm and is washed ashore on an island where none of the natives has ever seen a white man.","This film is important historically for being the first sound MGM film to be released with a pre-recorded soundtrack.
This film was the first time audiences heard the roar of Leo the Lion, over the MGM banner at the beginning of the film."
2nd,The Patriot,"5 NOMINATIONS, 1 WIN
* Writing - Hans Kraly
Actor - Lewis Stone
Art Direction - Hans Dreier
Directing - Ernst Lubitsch
Outstanding Picture - Paramount Famous Lasky",Ernst Lubitsch,"Hanns Kräly
Ashley Dukes (Play)
Dmitry Merezhkovsky (Play)",,,Alfred Neumann (Novel),Emil Jannings as Tsar Paul I; Florence Vidor as Countess Ostermann; Lewis Stone as Count Pahlen; Vera Voronina as Mademoiselle Lapoukhine; Neil Hamilton as Crown Prince Alexander; Harry Cording as Stefan; Tullio Carminati and Carmencita Johnson appear uncredited in this movie.,Bert Glennon,Ernst Lubitsch,,Paramount Pictures,"August 17, 1928",113,United States,"Sound (Part-Talkie)
English Intertitles",1,,,,,,,,,,,,,1801,Semi-Biographical,"In Imperial Russia, Tsar Paul I rules through fear, paranoia, and erratic cruelty. A tyrant haunted by dread, Paul lives in constant suspicion of everyone around him, believing that he, like some of his ancestors, is doomed to be assassinated. Despite his mistrustful nature, he places intermittent trust in one man: Count Pahlen, his Prime Minister. Pahlen skillfully manages the emperor like a child, maintaining an unassailable political position.

Privately, Pahlen is in love with Countess Ostermann, the wife of a military officer. Their affair is interrupted when her husband unexpectedly returns. As he picks up one of Pahlen's boots to hurl it out the window in a rage, he is shot and killed by a Cossack guard—one of the Tsar's decrees forbids anyone from being visible at a window during his passage.

While Pahlen is deeply loyal to Russia, he is also tormented by the suffering Paul inflicts on the nation. Torn between duty and patriotism, he determines to bring about the Tsar's downfall. He recruits Stephan, a soldier recently punished by Paul for minor uniform violations, promising him vengeance and assigning him as his bodyguard.

At St. Michael's Castle, Paul obsesses over trivialities like the number of gaiter buttons, while foreign and domestic affairs languish. Meanwhile, Pahlen begins to rally conspirators at court. He appeals to Crown Prince Alexander, an idealist who dreams of a better Russia. But when the prince refuses to support treason, Pahlen reports him to Paul as a traitor, knowing full well the emperor already resents the popularity of his own son. Paul immediately places Alexander under arrest.

With the conspiracy in motion, Pahlen devises a plan: Paul will be pressured to abdicate, and if he refuses, he will be assassinated. But Paul suddenly announces he is leaving the city with his mistress, Mademoiselle Lapoukhine, derailing the carefully timed plot.

To keep Paul in the capital, Pahlen shows him a snuff box with a hidden portrait of Countess Ostermann. Obsessed, Paul cancels his trip and demands to meet the Countess. Pahlen orchestrates the meeting and deliberately leaves the two alone. Paul clumsily propositions her. Betrayed and disgusted, the Countess reveals Pahlen's plot to assassinate him.

Summoning Pahlen, Paul demands an explanation. Calmly, Pahlen claims he infiltrated the conspiracy to expose the plotters. He offers his life in exchange for the Tsar's trust. Satisfied, Paul retires to his chambers.

That night, the assassination proceeds. As the Tsar lies in uneasy sleep, conspirators enter his room. Paul pleads with them: “I am the Tsar by Divine Right!”—but his words delay, not deter. From behind, Stephan emerges and murders the Tsar.

Outside, bells toll and the people celebrate the rise of the new emperor. In his study, Pahlen awaits the cost of his actions. Stephan appears with a pistol. As the clock strikes the hour, a shot rings out—Pahlen is mortally wounded.

The Countess arrives too late. Cradled in her arms, Pahlen declares with his final breath: “I have been a bad friend and lover—but I have been a ‘Patriot’.”","This was Paramount's first feature with spoken dialogue. 
However, only fragments of the film remain, with no complete copy found to date."
2nd,The Cop,"1 NOMINATION
Writing - Elliott Clawson",Donald Crisp,"Elliott J. Clawson
Tay Garnett
John W. Krafft",Ralph Block,,,William Boyd as Pete Smith; Alan Hale as Mather; Jacqueline Logan as Mary Monks; Robert Armstrong as Scarface Marcas; Tom Kennedy as Sergeant Coughlin; Louis Natheaux as Louie; Philip Sleeman as Lord Courtney (credited as Phil Sleeman); Dan Wolheim,Arthur C. Miller,,DeMille Pictures Corporation,Pathé Exchange,"August 20, 1928",77,United States,Silent (English intertitles),,,0,#DIV/0!,Hays Code (but not fully into effect),,,,,,,,,,Drama,,
2nd,Our Dancing Daughters,"2 NOMINATIONS
Cinematography - George Barnes
Writing - Josephine Lovett",Harry Beaumont,"Marian Ainslee
Ruth Cummings",Hunt Stromberg,Josephine Lovett (and scenario)   ,,"Joan Crawford as Diana ""Di"" Medford aka Diana the Dangerous; John Mack Brown as Ben Blaine; Nils Asther as Norman; Dorothy Sebastian as Beatrice ""Bea""; Anita Page as Ann ""Annikins""; Kathlyn Williams as Ann's mother; Edward J. Nugent as Freddie; Dorothy Cumming as Diana's mother; Huntley Gordon as Diana's father; Evelyn Hall as Freddie's mother; Sam De Grasse as Freddie's father",George Barnes,William Hamilton,Cosmopolitan Productions,Metro-Goldwyn-Mayer,"September 1, 1928",97,United States,"Sound film (Synchronized)
English Intertitles",0.178,1.099,0.921,16%,,,,,,,United States,,United States,1927,Drama,"""Dangerous Diana"" Medford (Crawford) is outwardly flamboyant and popular but inwardly virtuous and idealistic, patronizing her parents by telling them not to stay out late. Her friend Ann chases boys for their money and is as amoral as her mother.
Diana and Ann are both attracted to Ben Blaine (Brown). He takes Diana's flirtatious behavior with other boys as a sign of lack of interest in him and marries Ann, who has lied about her virtues. Bea, a mutual friend of Diana and Ann, also meets and marries a wealthy suitor named Norman who loves her but is haunted by her past.
Diana becomes distraught for a while about the marriages of her friends with questionable pasts. She decides to go away and Bea throws a raucous bon voyage party at the yacht club (complete with sculpted ice ocean liner centerpiece), which Ben declined to attend and made Ann decline as well. The same evening Ann hopes to meet up with her lover, Freddie, telling her husband she is going to see her sick mom. When her mom calls and Ben realizes Ann has lied to him yet again, they get into an argument and Ann storms out to meet Freddie.
Now alone, Ben decides to stop by the party where he and Diana realize their love for each other. Meanwhile, a drunken Ann follows Freddie into the party only to find Ben and Diana alone together in a quiet room. She causes an uproar, after which both Diana and Ben leave the party declaring their love but ultimately saying goodbye to one another.
Norman arrives at the dwindling party to find Bea trying to help the inebriated Ann home. On her way out, Ann mocks a trio of cleaning women and reflects on her and her mother's gold-digging strategy. Distracted by this, she stumbles and falls down a flight of stairs to her death. Headlines tell of Diana's return home after two years away, upon which she and Ben are happily reunited.","The film launched the career of Joan Crawford.
When Our Dancing Daughters was released, many states and cities in the United States had censor boards that could require cuts or other eliminations before the film could be shown. Among cuts required by the Kansas censor board was a cut of an intertitle with the caption ""Before I met you, Norman—–before I knew anything about love—–things happened.""
It was due in part to Joan Crawford's role as the ferociously free Charleston-dancing, Prohibition-era-booze-swilling, stage-diving ""Dangerous"" Diana Medford that F. Scott Fitzgerald wrote:[6]
Joan Crawford is doubtless the best example of the flapper, the girl you see in smart night clubs, gowned to the apex of sophistication, toying iced glasses with a remote, faintly bitter expression, dancing deliciously, laughing a great deal, with wide, hurt eyes. Young things with a talent for living."
2nd,The Racket,"1 NOMINATION
Outstanding Picture - The Caddo Company",Lewis Milestone,"Bartlett Cormack
Tom Miranda
Harry Behn",Howard Hughes,,"The Racket (play)
by Bartlett Cormack","Thomas Meighan as Captain James McQuigg; Louis Wolheim as Nick Scarsi; Lucien Prival as Chick; Marie Prevost as Helen Hayes; G. Pat Collins as Patrolman Johnson (credited as Pat Collins); Henry Sedley as Spike Corcoran; George E. Stone as Joe Scarsi (credited as George Stone); Sam De Grasse as District Attorney Welch (credited as Sam DeGrasse); Richard ""Skeets"" Gallagher as Miller (credited as Skeets Gallagher); Lee Moran as Pratt; John Darrow as Dave Ames – Cub Reporter",Tony Gaudio,Eddie Adams,The Caddo Company,Paramount Pictures,"November 1, 1928",84,United States,Silent (English Intertitles),,,-,-%,Pre-Hays Code,100,68,41.88305313,-87.62544932,Chicago,United States,,United States,1927,Crime Drama,"Chicago Police Department officer James ""Mac"" McQuigg tries to keep the peace in Chicago during the Prohibition gang wars but is hampered by massive corruption. After a shootout McQuigg manages to arrest mob boss Nick Scarsi's henchman Spike Corcoran, the political boss ""The Old Man"" arranges to have all charges dropped. After a birthday party for Nick Scarsi's younger brother Joe Scarsi ends in a shootout in which Nick Scarsi kills Corcoran, McQuigg arrests Nick Scarsi for murder but is forced to release him after being unable to find the murder weapon.

Although McQuigg vows to bring down Nick Scarsi, he gets transferred to ""the sticks"" of the 28th precinct. After Joe Scarsi is arrested for a hit-and-run accident, McQuigg convinces his girlfriend Helen Hayes to implicate him. Nick Scarsi arrives and shoots the witness Patrolman Johnson, and McQuigg arrests him again for murder. When Nick Scarsi's attorney arrives with a writ of habeas corpus to free him, McQuigg rips it up and imprisons him as well. Hayes falls in love with cub reporter Dave Ames, and tricks Nick Scarsi into confessing to keep him from killing Ames. With Nick Scarsi implicated in a crime, ""The Old Man"" and District Attorney Welch's political machine turn on Nick Scarsi in order to remain in power at the upcoming municipal election. They trick him into attempting to escape and trying to shoot McQuigg with an empty gun before killing him themselves.","Due to the controversial portrayal of a corrupt police force and city government, both the film and the play were banned at the time in Chicago.[3] The main antagonist Nick Scarsi was modeled after Al Capone while ""The Old Man"" was modeled after Chicago Mayor William Hale ""Big Bill"" Thompson.
Only one copy of the film was known to exist.[7] It was long thought lost before being located in Howard Hughes' film collection after his death.[8] The Racket was preserved by the Academy Film Archive in 2016.[9] It airs occasionally on Turner Classic Movies."
2nd,Sal of Singapore,"1 NOMINATION
Writing - Elliott Clawson",Howard Higgin,Elliott J. Clawson,,,"The Sentimentalists
by Dale Collins",Phyllis Haver as Sal; Alan Hale as Captain Erickson; Fred Kohler as Captain Sunday; Noble Johnson as Erickson's 1st Mate; Dan Wolheim as Erickson's 2nd Mate; Jules Cowles as Cook; Pat Harmon as Sunday's 1st Mate; Harold William Hill as Baby,John J. Mescall,,,Pathe Exchange,"November 4, 1928",70,United States,"Sound (Part-Talkie)
English Intertitles",,,,,,,,,,,,,,,Drama,"Captain Lief Erickson (Alan Hale), master of a rugged freighter, is about to enjoy the nightlife of Mazatlán Harbor when he discovers that someone has abandoned a baby in the launch attached to his ship. At first bewildered, the hard-boiled captain is surprised to find his heart stirred by the tiny hands clutching his fingers. Determined to see the infant cared for, he decides to bring the child with him on the voyage, intending to find a suitable woman to tend it.

The women of the seaport, however, prove to be entirely unfit for the task. By chance, Erickson encounters “Singapore Sal” (Phyllis Haver), a disillusioned but spirited woman of the waterfront, during a clash with his old rival Captain Sunday (Fred Kohler). Recognizing her intelligence beneath the hardened exterior, Erickson, with the aid of his mate (Noble Johnson), shanghais Sal and forces her aboard his ship.

Once freed from her bonds, Sal fights Erickson like a fury. The Herculean captain only laughs at her blows, locks her in his cabin, and orders his crew to lift anchor. Frantically seeking escape, Sal discovers the baby in the adjoining cabin. Initially annoyed by its cries, she soon feels pity for the “poor little devil.” Realizing it is hungry, she swallows her hatred of Erickson long enough to demand milk and supplies. Ingeniously, she fashions a feeding bottle from an empty whiskey flask and a glove finger, mixing condensed milk with hot water to save the child.

Though Erickson admires Sal’s resourcefulness, he remains emotionally distant, seeing her only as a competent caretaker for the baby he has come to love. At her orders he fetches hot water, starch, safety pins, and other necessities, quietly acknowledging her skill. But while Erickson views her impersonally, his mate (Dan Wolheim), and others among the crew, are not blind to her womanly allure. Hardened by her sordid past, Sal is neither offended nor shocked by their advances; instead she plots to use their desires to her advantage, planning to escape with the baby at the first port.

When Erickson realizes that his mate has become dangerously obsessed with Sal, he fears for the child’s safety. Soon the man is reported “washed overboard.” When Sal accuses Erickson of murder, he does not deny it, and she secretly vows to hold this knowledge over him when they reach San Francisco. From then on, their relationship becomes a silent battle for possession of the baby.

The struggle is interrupted when the infant falls ill. Erickson races for San Francisco, while he and Sal put aside their venom to care for the child. For two days and nights they hover over it, exhausted, but gentler with one another than ever before. At last the fever breaks, and the fog lifts as the ship nears the Golden Gate. Moved, Erickson makes the bravest gesture of his life: he tells Sal to go ashore and keep the baby.

Though she has schemed for this moment, Sal finds no joy in it. Dressing once more in the tawdry finery of her waterfront days, she sees her reflection and recoils. Who is she, “Singapore Sal,” to guide a child’s future? With tears streaming, she writes Erickson a note, declaring the baby will be safer in his hands, and slips away alone.

Sal boards the ship of Captain Sunday, recognizing him as Erickson’s rival. Sunday, amused at the idea of stealing her, puts to sea. When Erickson discovers her note and learns she has gone to Sunday’s vessel, he understands her sacrifice but cannot let her go. He pursues, and after a thrilling chase across the waves, brings his crew aboard Sunday’s ship. In a fierce but bloodless hand-to-hand fight, Erickson is victorious. Sal watches in breathless excitement.

The two captains, though rivals, respect each other. Erickson, as victor, commands Sunday to perform a marriage ceremony—since, being more than twelve miles at sea, Sunday has the legal right as master of a ship. Erickson shyly asks Sal to be his wife. She, equally moved yet unable to speak her emotions, consents. Amidst the salt spray and fading rivalries, “Singapore Sal” finds not only redemption but love, and the baby a true family.",
2nd,The Awakening,"1 NOMINATION
Art Direction - William Cameron Menzies",Victor Fleming,Frances Marion,Samuel Goldwyn,Carey Wilson ,,Vilma Bánky as Marie Ducrot; Walter Byron as Count Karl von Hagen; Louis Wolheim as Le Bete; George Davis as The Orderly; William Orlamond as Grandfather Ducrot; Carl von Haartman as Lieutenant Franz Geyer,George Barnes,"Viola Lawrence
Katherine Hilliker
H. H. Caldwell",Samuel Goldwyn Productions,United Artists,"November 17, 1928",90,United States,"Sound (Synchronized)
English Intertitles",,,0,#DIV/0!,Pre-Code,,,,,Alsace (Pré D'Or),France,,,1914,,"In the quiet Alsatian village of Pré d'Or, just before the outbreak of the Great War, lives Marie Ducrot (Vilma Bánky), a beautiful and virtuous young woman, the admired belle of the village. Despite the attentions of many local suitors, Marie remains unattached. Among her admirers is Le Bête (Louis Wolheim), the wealthiest farmer in the region, whose clumsy courtship is favored by Grandfather Ducrot (William Orlamond), Marie’s guardian. Yet Marie grants him little more than a polite smile.
On the eve of the village’s annual festival, a regiment of Uhlans arrives on fall maneuvers, led by the dashing and aristocratic Lieutenant Count Karl von Hagen (Walter Byron), a charming officer known for trifling with women’s affections. When Marie's flock of sheep delays the progress of his squadron, von Hagen notices her and resolves to make her his latest conquest.
At the festival the next day, von Hagen boldly flirts with Marie, inciting jealousy in Le Bête. Marie rejects the officer’s advances when he grows too presumptuous, but her resolve falters soon after. Regretful, she agrees to see him privately. Within a week, as von Hagen prepares to leave for Africa—a posting he expects to be fatal—Marie has fallen deeply in love with him. For von Hagen, the affair had begun as a mere amusement, but Marie’s sincerity unsettles him.
When Le Bête, seething with jealousy, confronts von Hagen at the village inn and threatens him, the officer coolly dismisses the challenge with disdain. Later, von Hagen tells Marie that if her love is true, she will come to him that night to say goodbye. Marie battles with fear, passion, and the threat of village gossip—but when the morning bugle sounds, she can resist no longer.
A village gossip sees Marie entering von Hagen’s lodgings and spreads word of her supposed fall from grace. A mob forms, led by the enraged Le Bête. Inside, Marie is overcome with emotion and submits to Karl, who, struck by her purity and devotion, realizes he truly loves her. Knowing he has acted selfishly, he asks her to leave before harm comes to her.
Outside, the villagers lie in wait. As Marie emerges, Le Bête viciously whips her through the rain back to her cottage. There, she finds her home defaced with tar as a mark of disgrace—and her beloved grandfather dead in his chair, overcome by the shame.
By morning, it is assumed that Marie has taken her own life.
Years pass. War has engulfed Alsace. Now promoted to Captain, von Hagen returns near Pré d'Or to warn a convent of nuns of the approaching French advance. To his astonishment, among the sisters he finds Marie—alive, cloistered, and a novice. Though she has not yet taken final vows, she turns away from his renewed declaration of love, having found solace in the peace of religious life.
The next day, von Hagen returns to help evacuate the convent, but he is severely wounded. Marie, though shell-shocked herself, tends to him. While fetching water, the French army arrives, led by Sergeant Le Bête, now half-mad from war and still carrying the bitter scars of his past with von Hagen.
Finding the officer unconscious in the convent chapel, Le Bête recognizes his old enemy and, in a moment of vengeance, rips away his bandages to let him bleed to death. He settles down to watch the life ebb from von Hagen.
Marie returns to the chapel and finds them. Le Bête, shocked to see her alive, realizes she still loves von Hagen. In a sudden act of redemption, he resolves to save them both. He hides the wounded officer and Marie beneath straw in a peasant cart, takes the reins himself, and drives furiously toward the German lines.
Though hit by sniper fire along the way, Le Bête delivers them to safety—dying with a triumphant laugh at the bewildered von Hagen. The war has cost him everything, but in his last act he redeems himself.
Marie and von Hagen are left together at last, their love deepened by suffering and finally secure in peace.","One reel of the film (approximately 1000 feet of 35mm nitrate film) survives at the BFI.
"
2nd,The Barker,"1 NOMINATION
Actress - Betty Compson",George Fitzmaurice,"Benjamin Glazer
Joseph Jackson
Herman J. Mankiewicz (titles)","Al Rockett
Richard A. Rowland",,"The Barker
by Kenyon Nicholson","Dorothy Mackaill as Lou; Milton Sills as Nifty Miller, the barker; Douglas Fairbanks Jr. as Chris Miller; Betty Compson as Carrie; Sylvia Ashton as Ma Benson; George Cooper as Hap Spissel; S. S. Simon as Col. Gowdy; Tom Dugan as Stuttering Spieler; Bobby Dunn as Hamburger concessionaire; Pat Harmon as Heckler; Bynunsky Hyman as Fire Eater; Gladden James as Member of Hawaiian Trio; Charles Sullivan as Man in audience; Pat West as Bartender",Lee Garmes,Stuart Heisler,First National Pictures,Warner Bros. Pictures,"December 9, 1928",87,United States,English (Intertitles and talking scenes),,,0,#DIV/0!,Pre-Code,,,,,,,,,,Romantic Drama,"""Nifty Miller (Milton Sills), a veteran sideshow barker, is famed for his ability to draw crowds with his magnetic voice and pitch-perfect patter. Colonel Gowdy (S. S. Simon), owner of the carnival, calls him the best barker in the business. Nifty's colorful showmanship conceals a deep paternal hope: that his son Chris (Douglas Fairbanks Jr.), currently away at school, will never enter show business but instead pursue a respectable career as a lawyer.
Carrie (Betty Compson), a sultry Hawaiian dancer who has never actually been to Honolulu, is passionately in love with Nifty and urges him to marry her. But Nifty refuses, determined not to complicate Chris's future with ties to the carnival world.
His plans are derailed when Chris unexpectedly arrives at the carnival, having run away from his grandfather's farm during summer vacation. Chris begs to stay and work with his father, and Nifty relents, persuading Gowdy to give him a job. In response, Nifty reforms his lifestyle—quitting drinking, distancing himself from Carrie—and dedicates himself fully to raising his son.
Carrie, feeling cast aside, plots revenge. She offers $100 to Lou (Dorothy Mackaill), an alluring and worldly performer known as the “Colonel’s girl,” to seduce Chris and lead him away from Nifty's ambitions. Lou initially accepts the challenge but soon finds herself genuinely in love with the innocent and idealistic young man. Chris, likewise, falls head over heels for her.
When Colonel Gowdy informs Nifty that he has seen Chris leaving Lou's rooming house late at night, Nifty confronts her with furious accusations. Chris, incensed by his father's harsh treatment of Lou, announces his intent to marry her. In a rage over the apparent collapse of his dreams for Chris, Nifty strikes his son unconscious. Chris and Lou elope and move to Chicago.
Distraught, Nifty learns of Carrie's role in orchestrating Chris's seduction and nearly strangles her in a fit of rage. He then quits the carnival. Carrie leaves as well, and the Colonel hastily replaces them with a new dancer and a greenhorn barker. But during a performance, when the new barker falters and the crowd begins to drift away, Nifty's instinct for showmanship takes over. He leaps into action, delivering his pitch with unmatched flair and saving the night's business.
Soon after, Nifty receives a postcard from Chicago: Chris is attending law school and working, and he and Lou are happy together. Encouraged by the news, Nifty accepts Gowdy's offer of a partnership in the carnival. In a final gesture, he gruffly suggests to Carrie that if she stays on as the show's dancer, he may eventually forgive her.""",The film survives intact with its talking sequences and has been preserved by the UCLA Film & Television Archive and the Museum of Modern Art.[5] [6]
2nd,Speedy,"1 NOMINATION
Directing (Comedy Picture) - Ted Wilde","Ted Wilde
Clyde Bruckman (sound version, uncredited)","Albert DeMond (titles)
Al Boasberg
Paul Gerard Smith (dialogue sequences, all uncredited)",Harold Lloyd,,"John Grey
J.A. Howe
Lex Neal
Howard Emmett Rogers","Harold Lloyd as Harold ""Speedy"" Swift; Ann Christy as Jane Dillon; Bert Woodruff as Pop Dillon, Her Granddaddy; Byron Douglas as W.S. Wilton; Brooks Benedict as Steve Carter; Babe Ruth as Himself; Steve Murphy as Gangster",Walter Lundin,Carl Himm  ,Harold Lloyd Corporation,Paramount Pictures,"December 15, 1928",86,United States,Silent (English Intertitles),,,0,#DIV/0!,Pre-Hays Code,,,,,New York City,United States,"New York City
Los Angeles",United States,1927,Comedy,"Everybody in New York City ""is in such a hurry that they take Saturday's bath on Friday so they can do Monday's washing on Sunday."" But in one slower-paced, ""old-fashioned corner of the city,"" Pop Dillon (Burt Woodruff) owns and operates the city's last horse-drawn streetcar. His granddaughter Jane Dillon (Ann Christy) is in love with Harold ""Speedy"" Swift (Harold Lloyd).
Speedy, an avid New York Yankees fan, is working at a soda shop. As well as doing his work, he takes frequent telephone calls during Yankees games and passes the line scores on to the kitchen staff by arranging food items in a display case (such as doughnuts for zeroes). But he loses the job after he is ordered to deliver some flowers and lets someone close a car door on them when he gets distracted by a display of baseball scores in a shop window.
Streetcar magnate W.S. Wilton (Byron Douglas) comes to Pop's home to ask for his price to sell the car line, but Speedy spots a newspaper article and realizes that this is part of a plan to form a streetcar monopoly in the city. He surreptitiously raises Pop's written price from $10,000 to $70,000. Wilton angrily refuses and threatens to force Pop out instead.
Speedy is unworried about being unemployed, he is very much used to losing jobs and finding new ones. He and Jane go to Coney Island, where they greatly enjoy themselves despite various mishaps, such as Speedy ruining his suit jacket by leaning against wet paint. On the way home along with a stray dog that decided to follow them, Speedy proposes to Jane, but she will not marry him until her grandfather's affairs are settled.
Speedy is hired as a taxi driver, but for some time a series of mishaps prevents him from actually taking a passenger, and he antagonizes a policeman. Then, to his delight, Babe Ruth (playing himself) hails the cab to get to Yankee Stadium. Although terrified by Speedy's driving, he offers Speedy a ticket to the game, but the taxi owner is there, sees Speedy in the seats when he should be working, and fires him.
At the stadium, Speedy happens to overhear Wilton on the telephone. Wilton has learned that if Pop fails to operate the horsecar every 24 hours he will lose his right to the line, and orders goons to be sent to disrupt the operation. Speedy rushes home and arranges with small-business owners on the street to organize a defense. The goons are beaten off with the help of Speedy's dog, but return and steal the horse and car.
Again helped by his dog, Speedy finds out where the car has been taken and manages to steal it back. In a madcap chase scene, he brings it back across the city to Pop's tracks, stealing fresh horses, tricking police to avoid being stopped, and replacing a broken wheel with a manhole cover lid.
When Wilton sees the horsecar in place, he agrees to meet Pop's price. Speedy says that Pop is a bit deaf and won't hear him until he offers $100,000. Wilton agrees, and Speedy suggests to Jane that they plan a visit to Niagara Falls by horsecar.","It was Lloyd's last silent film before he converted to sound production. Due to the general public's apathy towards silent films, a sound version was prepared and released in the latter half of 1928.
The film was directed by Ted Wilde, the last silent film to be directed by him, and was shot in both Hollywood, and on location in New York City
The film's copyright was renewed and it entered the public domain on January 1, 2024.
At the end of the scene where Speedy gives Babe Ruth a ride in his taxi, Lou Gehrig, Ruth's famous New York Yankee teammate, walks by the far side of Speedy's cab, looks directly at the camera through the taxi's window, and sticks out his tongue.[3] Gehrig is on screen for about three seconds. Ruth and Gehrig's teammate, Bob Meusel, is also seen in the film batting after Ruth hits a home run at the game Harold attends.[3] Meusel's at bat was not filmed for the movie but was taken from newsreel footage.
Both the silent and sound-on-film versions survive complete and preserved by the UCLA Film and Television Archive. The film's trailer and the 16"" soundtrack discs also survive."
2nd,A Woman of Affairs,"1 NOMINATION
Writing - Bess Meredyth",Clarence Brown,Bess Meredyth,,,"The Green Hat
1924 novel
by Michael Arlen","Greta Garbo as Diana Merrick Furness; John Gilbert as Neville ""Nevs"" Holderness; Lewis Stone as Dr. Hugh Trevelyan; Johnny Mack Brown as David Furness (as John Mack Brown); Douglas Fairbanks Jr. as Jeffry Merrick; Hobart Bosworth as Sir Morton Holderness; Dorothy Sebastian as Constance",William H. Daniels,Hugh Wynn,Metro-Goldwyn-Mayer,Metro-Goldwyn-Mayer,"December 15, 1928",91,United States,"Sound (Synchronized)
English Intertitles",0.32868777,1.37,1.04131223,24%,,,,,,London,England,,,,Drama,"Diana Merrick, Neville and David were playmates as children, members of the rich British aristocracy. Diana and Neville are in love, but his father opposes the match, disapproving the Merrick family's lifestyle. Neville is sent to Egypt for business purposes and to become wealthy.

Diana, after waiting in vain for two years for Neville's return, finally marries David, who is also in love with her and good friends with her brother Jeffry. During their honeymoon David commits suicide. Diana does not explain the reasons behind her husband's action, except to say, ""He died for decency."" Jeffry, who was deeply connected to David, blames his sister for his friend's death; he falls deeper into alcohol as his sister starts a reckless life, well-publicized by tabloid-esque publications tracking her numerous affairs.

Years later, Neville returns to England to marry Constance. Jeffry is now gravely ill, and Diana brings Dr. Trevelyan, a family friend, to his bedside and then leaves since Jeffry still refuses to see her. As she starts to drive away, she sees Neville who has followed her and Dr. Trevelyan in a cab. Diana and Neville go to his apartment, realize they are still in love, and spend that one night together. During the night Jeffry dies. Dr. Trevelyan goes to Neville's apartment in the morning to give him the news and discovers that Diana has spent the night there. Three days later, Neville marries Constance.

About nine months go by: Diana falls ill (in the script she is supposed to have suffered a miscarriage, but because of censorship, this couldn't be mentioned) and is visited by Neville. Diana professes her love for him before realizing Constance is in the room. Neville asks Diana for forgiveness and promises that they will be together.

Upon learning of their decision to move to South America Sir Morton sends Diana a letter asking for a meeting so they can talk things over. There he tells her that he's unhappy with the couple because he believes that she is dishonorable and undeserving of his son.

Neville and Constance arrive, mad at his father's rudeness towards Diana he decides to reveal the real reason of David's death, believing that it would sway his father's opinion of Diana. David had been embezzling money for some time, and decided to commit suicide once he realized he was going to be arrested. After that Diana used her own money to reimburse all of his victims, in secrecy, to keep her husband's honor and her brother's memory of him.

Diana is convinced that the only reason Neville decided to be with her isn't because of love but because he finally believes she is honoured. Saddened she decides to break things up by announcing that Constance is pregnant. Amid the furor she leaves.

Constance denies it so they drive out in search for Diana. They find her car overturned after it ran into the tree in front of which she and Neville had fallen in love and sworn eternal fidelity.","The film was based on a 1924 best-selling novel by Michael Arlen, The Green Hat, which he adapted as a four-act stage play in 1925. The Green Hat was considered so daring in the United States that the movie did not allow any associations with it and was renamed A Woman of Affairs, with the characters also renamed to mollify the censors.[2] In particular, the film script eliminated all references to heroin use, homosexuality and syphilis that were at the core of the tragedies involved.
In the popular novel on which the film was based, The Green Hat, David commits suicide because he has syphilis, not because of a criminal background. This critical plot element was excised during scripting by the Hays Commission.[3]"
2nd,Wings,"2 WINS, 2 NOMINATIONS
* Engineering Effects - Roy Pomeroy
* Outstanding Picture - Paramount Famous Lasky",William A. Wellman,Julian Johnson (titles),"Lucien Hubbard
Adolph Zukor
Jesse L. Lasky
B.P. Schulberg
Otto Hermann Kahn (uncredited)","Hope Loring
Louis D. Lighton",John Monk Saunders,"Clara Bow as Mary Preston; Charles ""Buddy"" Rogers as Jack Powell; Richard Arlen as David Armstrong; Jobyna Ralston as Sylvia Lewis; El Brendel as Herman Schwimpf; Richard Tucker as Air Commander; Gary Cooper as Cadet White; Gunboat Smith as Sergeant; Henry B. Walthall as Mr. Armstrong; Roscoe Karns as Lieutenant Cameron; Julia Swayne Gordon as Mrs. Armstrong; Arlette Marchal as Celeste",Harry Perry,"E. Lloyd Sheldon
Lucien Hubbard (uncredited)",Paramount Famous Lasky Corporation,Paramount Famous Lasky Corporation,"January 5, 1929",111,United States,"Sound (synchronized)
(English intertitles)",2,3.8,1.8,53%,Pre-Hays Code,93,,,,San Antonio (Kelly field),United States,San Antonio (Kelly Field),United States,1914,Action (War),"Jack Powell and David Armstrong are rivals in the same small American town, both vying for the attentions of pretty Sylvia Lewis. Jack fails to realize that ""the girl next door"", Mary Preston, is desperately in love with him. The two young men both enlist to become combat pilots in the Army Air Service. When they leave for training camp, Jack mistakenly believes Sylvia prefers him, but she actually prefers David and lets him know about her feelings, but is too kindhearted to turn down Jack's affection.
The two men endure a rigorous training period, where they are enemies. But during a bloody boxing match, they realize each other's courage and become best friends. Upon graduating, they are sent to France to fight against Imperial Germany.
Jack and David are billeted together. Their tent mate is Cadet White, but their acquaintance is all too brief; White is killed in an air crash the same day.
Mary joins the war effort by becoming an ambulance driver. She later learns of Jack's reputation as the ace known as ""The Shooting Star"" and encounters him while on leave in Paris. She finds him, but he is too drunk to recognize her. She takes him back to his room and puts him to bed, but when two military police barge-in while she is innocently changing from a borrowed dress back into her uniform in the same room, she is forced to resign and return to the United States.
The climax of the story comes with the epic Battle of Saint-Mihiel. David is shot down and presumed dead. However, he survives the crash landing, steals a German biplane, and heads for the Allied lines. By a tragic stroke of bad luck, Jack spots the enemy aircraft and, bent on avenging his friend, begins an attack. He is successful in downing the aircraft and lands to retrieve a souvenir of his victory. The owner of the land where David's aircraft crashed urges Jack to come to the dying man's side. He agrees and becomes distraught when he realizes what he has done. David consoles him, and before he dies, forgives his comrade.
At the war's end, Jack returns home to a hero's welcome. He visits David's grieving parents to return his friend's effects. During the visit, he begs their forgiveness for causing David's death. Mrs. Armstrong says it is not Jack who is responsible for her son's death, but the war. Then, Jack is reunited with Mary and realizes he loves her.","Wings is also one of the first widely released films to show nudity. In the enlistment office, nude men are visible from behind undergoing physical exams, through a door which opens and closes several times.[25] In the scene in which Rogers becomes drunk, the intoxication displayed on screen was genuine, as although 22 years of age, he had never tasted liquor before, and quickly became inebriated from drinking champagne.[26] During David's death scene, Jack is plainly observed kissing him on the left cheek near the left corner of Dave's mouth, which has led to interpretations of this film as depicting cinema's first male-to-male kiss.[27][28] While there is no general consensus about which film achieves this LGBT milestone, D.W. Griffith's Intolerance (1916), Cecil B. DeMille's Manslaughter (1922), and Josef von Sternberg's Morocco (1930) have also been suggested.
Whereas most Hollywood productions of the day took little more than a month to shoot, Wings took approximately nine months to complete in total. Although Wellman was generating spectacular aerial footage and making Hollywood film history, Paramount expressed concerns with the cost of production and expanding budget. They sent an executive to San Antonio to complain to Wellman who swiftly told him that he had two options, ""a trip home or a trip to the hospital"".[18] According to biographer Frank T. Thompson, Wellman approached producer David O. Selznick regarding a contract predicament asking him what he should do to which Selznick replied, ""Just keep your mouth shut. You've got 'em where it hurts.""[21] Otto Kahn, the financier bankrolling the production, arrived on set as Wellman was filming the St-Mihiel battle sequence, inadvertently disrupted Wellman's detonation timings, and caused several extras to be seriously injured. Wellman loudly and profanely ordered Kahn off the set. That evening, Kahn visited Wellman in his hotel room, told him he was impressed with his direction, and he could have whatever he needed to finish the picture.[13]
The cast and crew had a lot of time on their hands between shooting sequences, and according to director Wellman, ""San Antonio became the Armageddon of a magnificent sexual Donnybrook"". He recalled that they stayed at the Saint Anthony Hotel for nine months and by the time they left the elevator girls were all pregnant.[12] He stated that Clara Bow openly flirted with the male cast members and several of the pilots which was reciprocated, despite having become engaged to Victor Fleming the day after arriving in San Antonio on September 16, 1926.[22] Gary Cooper, appearing in a role which helped launch his career in Hollywood, began a tumultuous affair during the production with Bow.[23] Cooper reportedly showed Howard Hughes the script to the film and he was not impressed, considering the drama in it to be ""sudsy"", although he informed Cooper that he looked forward to seeing how Wellman would accomplish the technical aerial sequences.[23] Bow strongly detested the wardrobe that Paramount designer Travis Banton made for the film. She slit the necklines and cut off the sleeves of her costumes, much to Banton's chagrin.[24]
While the sound version of the film has no audible dialogue, it was released with a synchronized musical score with sound effects. The original soundtrack to the sound version is preserved at UCLA.
The film was shot on location on a budget of $2 million (equivalent to $28 million in 2024) at Kelly Field in San Antonio, between September 7, 1926, and April 7, 1927. Hundreds of extras and some 300 pilots were involved in the filming, including pilots and planes of the United States Army Air Corps which were brought in for the filming and to provide assistance and supervision. Wellman extensively rehearsed the scenes for the Battle of Saint-Mihiel over ten days with some 3,500 infantrymen on a battlefield made for the production on location. Although the cast and crew had much spare time during the filming because of weather delays, shooting conditions were intense, and Wellman frequently conflicted with the military officers brought in to supervise the picture.
Wings was one of the first widely released films to show nudity. In 1997, Wings was selected for preservation in the United States National Film Registry by the Library of Congress as being ""culturally, historically, or aesthetically significant"", and the film was re-released to Cinemark theaters to coincide with the 85th anniversary for a limited run in May 2012. The film was re-released again for its 90th anniversary in 2017. The Academy Film Archive preserved Wings in 2002.
The film entered the public domain in the United States in 2023."
2nd,In Old Arizona,"5 NOMINATIONS, 1 WIN
* Actor - Warner Baxter
Cinematography - Arthur Edeson
Directing - Irving Cummings
Outstanding Picture - Fox
Writing - Tom Barry","Irving Cummings
Raoul Walsh",Tom Barry,Winfield Sheehan,,"The Cisco Kid
by O. Henry",,"Arthur Edeson
Alfred Hansen",Louis R. Loeffler,,Fox Film Corporation,"January 20, 1929",95,United States,English,,1.3,1.3,0%,,,,,,Arizona,United States,,,1907,Western,"In Arizona, a bandit known as the Cisco Kid robs a stagecoach. Word of this deed reaches to Sergeant Micky Dunn, who is tasked by his superior to bring in the Cisco Kid dead or alive, with a $5,000 reward promised once he succeeds. They meet in a barber shop, though Dunn is unaware of the Cisco Kid's true identity and passes him off as a friendly civilian. When he leaves, the local blacksmith tells him that was the Cisco Kid, much to Dunn's chagrin.

The Cisco Kid is in a relationship with Tonia Maria, and visits her often. He loves her, but she has frequent affairs without his knowledge. Dunn and Maria meet each other and begin an affair. Dunn tells Maria that once he takes down the Cisco Kid, he will give the $5,000 reward to Maria, making her fall in love with him. They express their love for each other while the Cisco Kid secretly watches and listens nearby, learning of her betrayal.

She writes a secret letter to Dunn telling him to come that evening to take down the Cisco Kid before he makes his escape. However, the Cisco Kid finds this letter and replaces it with a fake letter ""from Maria"" which he has written himself. His letter says that he will be dressed up in Maria's clothes in an effort to disguise himself from Dunn, while Maria is actually in the Cisco Kid's clothes riding away. Dunn receives this fake letter, believing it to be from Maria. When the Cisco Kid leaves her house, Dunn shoots Maria, believing her to be the Cisco Kid in disguise. Now farther away, the Cisco Kid laments that ""[Maria's] flirting days are over, and she can finally settle down"". He then makes his escape.",
2nd,Weary River,"1 NOMINATION
Directing - Frank Lloyd",Frank Lloyd,"Paul Perez (titles)
Thomas J. Geraghty (dialogue - uncredited)",Richard A. Rowland,Bradley King (screen version),Courtney Riley Cooper,Richard Barthelmess as Jerry Larrabee; Betty Compson as Alice Gray; William Holden as Warden; Louis Natheaux as Spadoni; George Stone as Blackie; Raymond Turner as Elevator Boy; Gladden James as Manager; Robert Emmett O'Connor as Police Sergeant (uncredited); Johnny Murray as Jerry Larrabee's singing voice (uncredited)[5],"Ernie Haller       
Alvin Knechtel (special photography)","Edward Schroeder
James Gibbon",First National Pictures,First National Pictures,"February 10, 1929",86,United States,"Sound (Part-Talkie)
English Intertitles",,,0,#DIV/0!,,,,,,,,,,,Romantic drama,"Jerry Larrabee is framed by rival gangster Spadoni and sent to prison, where he is befriended by a kind and understanding warden. Through the warden's patient influence, Jerry becomes interested in music and forms a prison band, broadcasting over the radio. Jerry's singing deeply moves his radio listeners, and soon Jerry is given a pardon by the governor.

Jerry pursues a singing career in vaudeville, billing himself as the Master of Melody, but constant whispers of ""Convict!"" from the audience disturb his concentration. Moving from job to job, Jerry is haunted by his past. With no hope of succeeding in music, Jerry returns to his old gang and takes up with his former sweetheart Alice Gray. As he prepares for a final confrontation with Spadoni, Alice gets in touch with the warden, who arrives on the scene in time to keep Jerry on the straight and narrow path. Jerry eventually becomes a radio star and marries Alice.","While Barthelmess's character sings and plays the piano throughout the film, Barthelmess did not sing or play the piano. Frank Churchill played the piano, and Johnny Murray sang into a microphone far away from Barthelmess while he lip-synced and played a piano that had strings deadened with felt.[5]"
2nd,The Leatherneck,"1 NOMINATION
Writing - Elliott Clawson",Howard Higgin,"Elliott J. Clawson
John W. Krafft",,,,,John J. Mescall,,,Pathé Exchange,"February 24, 1929",65,United States,"Sound (Part-Talkie)
English Intertitles",,,0,#DIV/0!,Hays Code (but not fully into effect),,,,,,,,,,,,
2nd,The Bridge of San Luis Rey,"1 WIN, 1 NOMINATION
* Art Direction - Cedric Gibbons",Charles Brabin,"Marian Ainslee
Ruth Cummings
Alice D. G. Miller
Thornton Wilder (novel)",Hunt Stromberg,,,Lili Damita as Camila (La Perichole); Ernest Torrence as Uncle Pio; Raquel Torres as Pepita; Don Alvarado as Manuel; Duncan Renaldo as Esteban; Henry B. Walthall as Father Juniper; Michael Vavitch as Viceroy; Emily Fitzroy as Marquesa; Jane Winton as Doña Carla; Gordon Thorpe as Jaime; Mitchell Lewis as Capt. Alvarado; Paul Ellis as Don Vicente; Eugenie Besserer as A nun; Tully Marshall as A townsman,Merritt B. Gerstad,Margaret Booth,Metro-Goldwyn-Mayer,Metro-Goldwyn-Mayer,"March 30, 1929",86,United States,"Sound (Part-Talkie)
English Intertitles",,,0,#DIV/0!,Hays Code (but not fully into effect),,,,,,,,,,,"The film and novel are very loosely based on the real-life story of Micaela Villegas (1748–1819), a famous Peruvian entertainer known as La Perichole. Her life was also the inspiration for the novella Le Carrosse du Saint-Sacrement by Prosper Mérimée; the opéra bouffe La Périchole by Jacques Offenbach; and Jean Renoir’s 1953 film Le Carrosse d'or (The Golden Coach).",The complete soundtrack for this film survives on Vitaphone type discs. A mute print of the film exists at the George Eastman House film archive.
2nd,The Divine Lady,"3 NOMINATIONS, 1 WIN
* Directing - Frank Lloyd
Actress - Corinne Griffith
Cinematography - John Seitz",Frank Lloyd,"Forrest Halsey
Agnes Christine Johnston (continuity)
Harry Carr (intertitles)","Frank Lloyd
Walter Morosco
Richard A. Rowland",,"The Divine Lady: a Romance of Nelson and Emma Hamilton (1924 novel)
by E. Barrington",Corinne Griffith as Emma Hart; Victor Varconi as Horatio Nelson; H. B. Warner as Sir William Hamilton; Ian Keith as Honorable Charles Greville; Marie Dressler as Mrs. Hart; Montagu Love as Captain Hardy; William Conklin as Romney; Dorothy Cumming as Queen Maria Carolina; Michael Vavitch as King Ferdinand; Evelyn Hall as Duchess of Devonshire; Helen Jerome Eddy as Lady Nelson,John F. Seitz,Hugh Bennett,First National Pictures,Warner Bros. Pictures,"March 31, 1929",99,United States,"Sound (Synchronized)
English intertitles",,,0,#DIV/0!,Pre-Code,,,,,,,,,1790s,Historical Drama,"In the late 18th century, Lady Hamilton has had a somewhat turbulent relationship with the British people, especially the aristocracy. Born Emma Hart from a very humble background (she being the daughter of a cook), she was seen as being vulgar by the rich, but equally captivating for her beauty. In a move to protect his inheritance, Honorable Charles Greville, Emma's then lover and her mother's employer, sent Emma to Naples under false pretenses to live with his uncle, Sir William Hamilton, where she would study to become a lady.
Surprisingly to Greville whose deception Emma would eventually discover, Emma ended up becoming Hamilton's wife in a marriage of convenience. But it is Emma's eventual relationship with Horatio Nelson of the British navy that would cause the largest issue. A move by Lady Hamilton helped Nelson's armada defeat Napoleon's fleet in naval battles, which Nelson would have ultimately lost without Lady Hamilton's help. Beyond the dangers of war, Lady Hamilton and Nelson's relationship is ultimately threatened by the court of public opinion as both are married to other people.",The film still survives intact along with its Vitaphone soundtrack. This film was a joint preservation project of the UCLA Film & Television Archive and the Museum of Modern Art Department of Film in cooperation with the Czechoslovak Film Archive. It was restored in conjunction with the project American Moviemakers: The Dawn of Sound.
2nd,Coquette,"1 WIN, 1 NOMINATION
* Actress - Mary Pickford",Sam Taylor,"John Grey
Allen McNeil
Sam Taylor","Sam Taylor
Mary Pickford",,"Coquette (1927 play)
by George Abbott
Ann Preston Bridgers",Mary Pickford as Norma Besant; Johnny Mack Brown as Michael Jeffery; Matt Moore as Stanley Wentworth; John St. Polis as Dr. John Besant; William Janney as Jimmy Besant; Henry Kolker as Jasper Carter; George Irving as Robert Wentworth; Louise Beavers as Julia[2][3],Karl Struss,Barbara McLean,,United Artists,"April 5, 1929",76,United States,English,,1.5,1.5,0%,Pre-Code,,,,,,,,,,Drama,"Norma Besant, daughter of a Southern doctor, is an incorrigible flirt and has many suitors. Her father Dr. Besant favors Stanley, who is taken with Norma. However, Norma has met a simple man named Michael Jeffrey with whom she has fallen madly in love. Dr. Besant disapproves and orders Norma to never see Michael again. Norma agrees but then promptly plans to marry Michael in six months if he can earn enough money in the hills to afford to buy them a home in the valley. A few months pass and Michael emerges from the hills to see Norma at a country-club dance. Wanting more time alone, they sneak off to Michael's mother's cabin. She returns home early the next day, but someone has spotted the couple and begun to spread rumors around town that threaten to destroy Norma's reputation. Michael is furious and vows that he will ask Norman's father for her hand in marriage immediately.

Dr. Besant is furious with Michael and a heated verbal exchange ensues. Michael leaves and vows to marry Norma as soon as possible, but Dr. Besant orders Norma to her room and leaves in search of Michael, pistol in hand. As Norma's brother tries to distract her, Stanley arrives, informing her that her father has shot Michael. Norma runs to Michael's cabin, where he dies in her arms. Dr. Besant's lawyer friend arrives and beseeches Norma to lie to the police to save her father's life. Norma refuses, but later as the trial progresses, she changes her mind. On the stand, she lies about Michael, trying to save her father. She withers under cross examination and Dr. Besant comforts her on the witness stand, telling her she does not have to lie any more. However, when Dr. Besant spots the gun on the evidence table, he confesses his guilt, expressing his willingness to pay the price for his crime. He grabs the gun and shoots himself in front of the court.
Stanley is waiting for Norma, who has been in the judge's chambers. He offers to walk her home, but Norma refuses, saying that she would prefer to walk alone.",
2nd,The Letter,"1 NOMINATION
Actress - Jeanne Eagels",Jean de Limur,,Monta Bell,Garrett Fort,"The Letter (1927 play)
by W. Somerset Maugham",,George J. Folsey,"Jean de Limur
Monta Bell",Paramount Pictures,Paramount Pictures,"April 13, 1929",60,United States,English,,8.9,8.9,0%,Hays Code (but not fully into effect),,,,,,,,,,,,
2nd,Alibi,"3 NOMINATIONS
Actor - Chester Morris
Art Direction - William Cameron Menzies
Outstanding Picture - Feature Productions",Roland West,Elaine Sterne Carrington,Roland West,,"Nightstick
by Elaine Sterne Carrington, J.C. Nugent, Elliott Nugent, and John Wray","Chester Morris as Chick Williams; Eleanor Griffith as Joan Manning Williams; Pat O’Malley as Detective Sgt. Tommy Glennon; Purnell Pratt as Police Sgt. Pete Manning; Regis Toomey as Danny McGann/Billy Morgan; Mae Busch as Daisy Thomas; Harry Stubbs as Buck Bachman; Irma Harrison as Toots; Elmer Ballard as Soft Malone, cab driver (uncredited); James Bradbury Jr. as Blake, a crook (uncredited); Ed Brady as George Stanislaus David (uncredited); Kernan Cripps as Trask, the plainclothesman (uncredited); Virginia *Flohri as the singer in the theater (uncredited); Al Hill as Brown, a crook (uncredited); DeWitt Jennings as Officer O'Brien (uncredited)",Ray June,,United Artists,,"April 20, 1929",90,United States,English,,,0,#DIV/0!,Hays Code (but not fully into effect),,,,,New York City,United States,,,1928,Crime,"Joan Manning, the daughter of a police sergeant, secretly marries Chick Williams, a gangleader who convinces her that he is leading an honest life. Chick attends the theater with Joan and, at the intermission, sneaks away, committing a robbery during which a policeman is killed. Chick is suspected of the crime but is able to use Joan to substantiate his alibi. The police plant Danny McGann, an undercover agent, in Chick's gang; but he is discovered, and Chick murders him. Chick is later cornered by the police in his own home. Before they can arrest him, he flips the light switch, plunging the room into darkness. In the midst of the chaos, Chick escapes to the roof. He attempts to jump off to a nearby building, but stumbles on the landing, thus falling to his death.","When Alibi was released in the United States, many states and cities in the United States had censor boards that could require cuts or other eliminations before the film could be shown. The Chicago Board of Censors banned the film, citing it for ""immorality, criminality, and depravity.""[6] United Artists appealed the ban to circuit court, where the Board explained that the film had been banned because it ridiculed the police. After watching the film, Judge Harry Fisher, stating that ""censorship is a form of tyranny at best, and abhorrent to ideals of the American people,"" issued an injunction allowing the film to be shown in an U.A. theater."
2nd,The Valiant,"2 NOMINATIONS
Actor - Paul Muni
Writing - Tom Barry",William K. Howard,,William K. Howard,"Tom Barry (adaptation)
John Hunter Booth
& Tom Barry (dialogue) ","The Valiant, a play
by Halworthy Hall & Robert Middlemass","Paul Muni as Man claiming to be ""James Dyke"", birth name Joseph Anthony Douglas; Marguerite Churchill as Mary Douglas, younger sister of James Anthony Douglas; John Mack Brown as Bob, who asks Mary Douglas to marry him; DeWitt Jennings as Warden of the prison where ""James Dyke"" is held; Edith Yorke as Mrs. Douglas, mother of Joseph Anthony Douglas; Clifford Dempsey as Police lieutenant to whom ""James Dyke"" confesses the killing; Richard Carlyle as Death row chaplain Father Daly; Henry Kolker as Judge who sentences ""James Dyke"" to be executed",Lucien Andriot,Jack Dennis,Fox Film Corporation,Fox Film Corporation,"May 19, 1929",66,United States,English,,,0,#DIV/0!,Pre-Code,,,,,,,,,,Drama,"Surrender of the condemned man
The credits (accompanied by organ music endemic to silent films), segue into a title card: ""A city street-----where laughter and tragedy rub elbows."" A crowded block lined with tenement buildings, on Manhattan's Lower East Side, comes into view, followed by a look into the hallway of one of those buildings, then a shot is heard, a door to one of the apartments opens and a man holding a gun (Paul Muni) backs out, closes the door, puts the gun in his pocket, then walks slowly down flights of stairs and into the busy street.
While he passes along sidewalks teeming with human activity, an Irish American policeman (unbilled Don Terry) berates an arriving driver for parking in front of a hydrant, but when the driver removes his scarf, revealing a priest’s clerical collar, the abashed officer apologizes, ushers him into the car, and warns him not to park illegally on the beat of ""that cop on the next corner, he's not one of us!” The cop steps on the running board and says that he will ride along and help with any traffic. They drive away, leaving the shooter standing on the sidewalk with his hand raised.
Continuing to walk through sidewalks crowded with children, the shooter pauses to help a small boy (unbilled Delmar Watson) who has fallen and skinned his knee. Inside the police precinct, he approaches the desk lieutenant (Clifford Dempsey), who asks, ""Well, what's on your mind?"", he replies, ""I killed a man"", explaining that the victim lived at 191 East 8th Street, was named John Harris, and ""deserved to die"". Asked for his own name, he hesitates and, spotting a wall calendar (showing May 1928) with a large ad for ""Dyke & Co., Inc."", says ""Dyke... James Dyke"". To ""Why are you giving yourself up?"", he answers ""It was the only thing to do"". He won’t answer questions about where he was born or where he lives, and a search reveals that any identifying tags have been removed from his clothes.
The condemned man is sentenced to be executed
The subsequent title card states: ""Civilization demands its toll."" In court, the trial is over and the judge appeals to the killer to think of those others who may be worrying about him. The killer is only willing to say “I never struck anybody in anger in all my life, but when I knew what he had done, I had to kill him."" When God’s judgment is mentioned, he goes on to explain that God will judge him truly, because that other man will be there to tell the story that the court has not heard. God will know the truth. The judge (Henry Kolker) proclaims, ""it is the duty of this court to sentence you to be executed at the state's prison during the week of August seventeenth and may God have mercy on your soul.”
The condemned man's mother, sister and sister's fiancé
Another title card: ""Meanwhile------in a far-away home...."" In the backyard of a modest old countryside house, a young woman (Marguerite Churchill) is attending to her collie dogs, while her mother (Edith Yorke) is sitting nearby. A young man (John Mack Brown) arrives and greets the mother as ""Mrs. Douglas.” She addresses him as ""Robert"" and tells him that it was on a nice day like this that she last saw her son Joe, and one such s day she always hopes to see him again. Robert hands her ""your Columbus paper"" and goes to greet the young woman, ""Mary"", who calls him ""Bob"". He attempts to help Mary bathe one of the collies, but Laddie slips out of her grasp. When she falls trying to catch the dog, Bob kisses her long and hard, tells her he loves her and asks if she loves him. “I thought so”, she replies, and he tells her she will never be sorry. “I hope you won’t be”, she answers. Their mood is somber rather than cheerful. Although they may be referring to a proposal that happened off camera, the conversation and tone suggest that they have been lovers.
Mary's mother calls to them and shows them a photograph of ""James Dyke"" in the paper with the headline ""CRIME DOESN'T PAY / Condemned Man's / Story Of His Life As / It Should Have Been / A LESSON TO YOUTH ON FOLLY OF CRIME / By The Man of Mystery"". She tells them that he looks like the long-lost Joe, but Mary says that it must be a mistake. “Listen to what Bob has to tell you.” Bob asks for Mary’s hand in marriage, and Mary assured her mother that they will all live together afterwards.
The condemned man arrives at his final destination
The next title card describes ""Gray walls, claiming their forfeits of liberty------and life."" Prisoners are seen laboring in a field outside the prison and, as they return to the mess hall for a meal, a stage above the dining area features an orchestra consisting of African-American prisoners playing dance music for the prisoners as they eat.
""Dyke"" has been transferred to this prison to await his execution. He is brought to the office of the warden (DeWitt Jennings) who asks him about any family members whom he might like to contact, but the condemned man replies that he has no one, no mother or father or sister or wife or sweetheart, and his name is Dyke. Leaving the office, he hears the jaunty melody resonating from the dining area and says, ""I didn't know you had music... here"".
A newspaper's printing presses are seen churning out the evening edition with the headlines: ""Mystery of Dyke's Identity / Secret as Hour of Death Nears / Prisoner Staunchly Refuses to Divulge / Secret of Himself or the Motive for / His Crime Though He Faces Chair / James Dyke Maintains Silence as He Writes News- / paper Articles Warning Youth on the Folly of Crime"" One of the pressmen (unbilled Robert Homans) tells another that he heard the paper was paying Dyke $2,500 for his writings and another (unbilled Tom Wilson) jokes that Dyke might be buying Liberty Bonds with the money and adds that he will probably do something with it before he dies ($2,500 in 1929 is worth $36,600 today using the CPI—a very conservative measure—or $76,500.00 using the “real” price) [4]
Seeing the condemned man's photo, his mother insists on traveling to see him
Sitting in her bedroom, the infirm Mrs. Douglas visualizes old memories of teenage Joe (unbilled Barton Hepburn) telling his little sister Mary about being cast in a school production of a Shakespeare play—Macbeth, judging by his description of the “terrible witches”—and how, at bedtime, instead of ""goodnight"", he taught her to recite to him the ""parting is such sweet sorrow"" lines, while he would respond with ""sleep dwell upon thine eyes...”. Meanwhile, in the living room, Mary and Bob are in the midst of a party to celebrate their engagement and, as the happy couple and invited guests dance, everyone joins in singing a fast chorus of ""Hosanna, hosanna, sing hosanna today"". Briefly leaving their guests to check on Mrs. Douglas, Mary and Bob hear from her that, despite fragile health, she has decided to make the long trip to visit ""James Dyke"" in prison. The possibility, however tiny, that he might be Joe is making the uncertainty unbearable. Mary, afraid the trip would kill her mother, offers to travel on her mother's behalf, with Bob accompanying her on the trip. She knows how to make herself known to Joe, if it is he.
As Mary and Bob sit in a moving train, a middle-aged woman (unbilled Lillian Lawrence) asks inane questions of the conductor while a little girl (unbilled Helen Parrish) comes over to Mary and Bob, tells them that her name is Suzanne and asks if they also have a little girl, prompting Mary to tell Bob that she couldn't marry him ""if this man in prison should be my brother"", because ""it wouldn't be fair to you"" and ""people are cruel, they would never let you forget. He tells her not to be silly, but she says “That’s the way I feel.”
Section of the plot which corresponds to the one-act play on which the film is based
A title card reads ""The test of the valiant."" Dyke is escorted to the warden, who commends his exemplary behavior and asks what he wants done with the $2,500 in Liberty Bonds which are being held in the office for him. There must be someone to send them to. Yes there is, but that would give away his identity. Dyke adds that he'll think of something. Also present is the chaplain (Richard Carlyle) who, along with the warden, tries to convince him to see the young lady who traveled a thousand miles to speak with him in the hope that he might be her long-lost brother. The distance she has traveled gives Dyke pause and he eventually agrees, but requests privacy for the meeting, which is granted. The warden speaks with Mary alone, first, learning that she is from the (fictitious) town of Pennington in Ohio; that her father died when she was a baby; that her brother Joe, who is 10 years older than she, left home 15 years ago because ""he wanted to be in the city"" and has not been heard from since. She is certain, however, that she could recognize him from his reactions to their long-ago ""goodnight"" exchange of verses from Romeo and Juliet. She says them aloud for the warden to hear.
Dyke is brought into the office, but there is no sign of recognition. The warden introduces Mary as “the young lady who has come all the way from Pennington, Ohio, to see you”; he does not mention her name. The warden and the chaplain are in one room and the guard in the next, leaving the two alone, but with all doors open. After Mary's explanation of her reasons for coming, Dyke, who avoids making eye contact with her throughout most of the scene—denies being her brother and does not react to her questioning or to the verses, which he dismisses as silly. When Mary tells him that her mother is ill and will never really get better until she knows what happened to Joe, Dyke asks Mary what her name is. Mary Douglas, she replies. Douglas? he asks, thinking aloud, trying to remember. ..Joseph Anthony Douglas. “That‘s Joe” she cries. How...? Dyke tells her that when the war began he enlisted and went overseas for four years with the Canadians.
Her eyes never leave his face as he gives an animated description of an act of heroism — a young soldier showed great valor in risking his life, braving shot and shell to rescue a wounded officer, but dying when a 5.9 landed on them both. The dead hero's name was Douglas. Joseph Douglas. Joseph Anthony Douglas — Dyke remembers the name on the dog tags. If an officer had been there would have been a medal. Many men would have liked to die that way. He tells her to write to Ottawa for the official records. They’ll be able to tell her his battalion and when he went overseas and so forth, although the records are so confused that they might not tell her about his heroism. They might say he was missing or died of wounds or even served out to the end of the war and was honorably discharged: “They don’t know what happened to half the men.”
He asks her to take the unopened envelope (containing the Liberty Bonds) and give it to her mother—a sort of memorial to her son from the man who saw her son die. He asks that her mother buy a little gold star to wear for her boy. He asks Mary to do the same, and wear it over her heart When she says that she will sometimes think of him, he scoffs at the idea and says that he isn‘t fit to be mentioned in the same breath as her brother. Mary asks if there is anything she can do, and he responds that it would mean the world to him if she would say good-bye to him like the sister he never had. After a long, gentle hug, Mary starts to cry, wishing she could have said her special goodnight to her brother one more time. He tells her to say it and she does: “Good night, good night. Parting is such sweet sorrow that I should say goodnight ‘til it be morrow.”
She runs out sobbing, past the warden and the chaplain, who gaze at him, speechless. Then “James Dyke"" tenderly recites, in the presence of the two men, “Sleep dwell upon thine eyes, Peace in thy breast. Would I were Sleep and Peace, so sweet to rest.” In a long speech, he thanks the warden for letting him see that girl, because he sees how lucky he is to be alone... ”If I had a family,” he says in a warning voice, “it would never be over for them. They would have to go on living and suffering.” The chaplain puts his hand on Dyke’s back and says, in a voice filled with compassion, “My son. “
It is time for the execution. Dyke says, “Alright, let’s go.”
The condemned man's family remembers him as a war hero
Back in Pennington, Mary and Bob sit at the piano, playing “Love's Old Sweet Song”, and talking of how much better it is now that her mother knows and is so very proud of her “hero boy.” Mrs. Douglas rests In a chair on the porch in front of the open door, hearing in her mind a marching band briskly playing ""There's a Long Long Trail A-Winding"" and seeing a parade of soldiers, while her young son, fresh-faced in his doughboy uniform, smiles down at her. Mary comes to the door and calls to her, saying “It’s getting chilly, hadn’t you better come in?” Her mother rises and, with only a little assistance from Mary, walks into the house. Bob, smiling, slowly closes the front door, revealing the Service Flag Star hanging on it.","Although described by at least one source[2] as a silent film containing talking sequences, synchronized music, and sound effects, The Valiant has continuous dialogue and is a full ""talkie"" made without a corresponding silent version."
2nd,The Broadway Melody,"3 NOMINATIONS, 1 WIN
* Outstanding Picture - Metro-Goldwyn-Mayer
Actress - Bessie Love
Directing - Harry Beaumont",Harry Beaumont,"Sarah Y. Mason (continuity)
Norman Houston (dialogue)
James Gleason (dialogue)
Earl Baldwin (titles) (uncredited)","Irving Thalberg
Lawrence Weingarten",,Edmund Goulding,"Anita Page as Queenie Mahoney; Bessie Love as Harriet ""Hank"" Mahoney; Charles King as Eddie Kearns; Jed Prouty as Uncle Jed; Kenneth Thomson as Jacques Warriner; Edward Dillon as Stage Manager; Mary Doran as Flo, the blonde; Eddie Kane as Zanfield; J. Emmett Beck as Babe Hatrick; Marshall Ruth as Stew; Drew Demarest as Turpe[2]; James Gleason as Music Publisher (uncredited)",John Arnold,"Sam S. Zimbalist
William LeVanway (silent version) (uncredited)",Metro-Goldwyn-Mayer,Metro-Goldwyn-Mayer,"June 12, 1929",100,United States,English,0.379,4.4,4.021,9%,Pre-Code,,,,,New York City,United States,,United States,1927,Musical,"Eddie Kearns sings ""The Broadway Melody"" and tells some chorus girls that he has brought the Mahoney Sisters vaudeville act to New York to perform it with him in the latest revue being produced by Francis Zanfield. Harriet ""Hank"" Mahoney and her sister Queenie Mahoney are awaiting Eddie's arrival at their apartment. Hank, the older sister, prides herself on her business sense and talent, while Queenie is lauded for her beauty. Hank is confident they will make it big, while Queenie is less eager to put everything on the line to become a star. Hank declines the offer of their Uncle Jed to join a 30-week traveling show but consents to think it over.
Eddie, who is engaged to Hank, arrives and sees Queenie for the first time since she was a young girl and is instantly taken with her. He tells them to come to a rehearsal for Zanfield's revue to present their act. Flo, a dancer in Zanfield's company, sabotages their performance by placing a bag in the piano, which causes a fight with Hank. Zanfield isn't interested in it but says he might have a use for Queenie, who begs him to give Hank a part as well, saying both will work for one wage. She also convinces him to pretend that Hank's business skills won him over. Eddie witnesses this exchange and becomes even more enamored of Queenie for her devotion to her sister. During a dress rehearsal for the revue, Zanfield says the pacing is too slow for ""The Broadway Melody"" and cuts Hank and Queenie from the number.
Meanwhile, another woman is injured after falling off a set prop, and Queenie is selected to replace her. Nearly everyone is enamored with Queenie, particularly notorious playboy Jacques ""Jock"" Warriner. While Jock begins to woo Queenie, Hank is upset that Queenie is building her success on her looks rather than her talent.
Over the following weeks, Queenie spends a lot of time with Jock, of which Hank and Eddie fervently disapprove. They forbid her to see him, which results in Queenie pushing them away and deteriorating the relationship between the sisters. Queenie is only with Jock to fight her growing feelings for Eddie, but Hank thinks she's setting herself up to be hurt. Eventually, Eddie and Queenie confess their love for each other, but Queenie, unwilling to break her sister's heart, runs off to Jock once again.
After witnessing Queenie's fierce outburst toward Eddie and his devastated reaction to it, Hank finally realizes that they are in love. She berates Eddie for letting Queenie run away and tells him to go after her. Hank claims to have never loved him and that she'd only been using him to advance her career. After he leaves, Hank breaks down and alternates between sobs and hysterical laughter. She composes herself enough to call Uncle Jed to accept the job with the 30-week show.
There's a raucous party at the apartment Jock had recently purchased for Queenie, but he insists they spend time alone. When she resists his advances, he says it's the least she could do after all he's done for her. He begins to get physical, but Eddie bursts in and attempts to fight Jock, who knocks him through the door with one punch. Queenie runs to Eddie and leaves Jock and the party behind.
Sometime later, Hank and Uncle Jed await the return of Queenie and Eddie from their honeymoon. The relationship between the sisters is on the mend, but there is obvious discomfort between Hank and Eddie. Queenie announces she's through with show business and will settle in their new house on Long Island. She insists that Hank live with them when her job is over. After Hank leaves with her new partner and Uncle Jed, Queenie laments that she couldn't help her sister find the happiness she deserves. Ironically, Hank's new partner is Flo, the blonde who tried to sabotage the act when the sisters first arrived in New York. The final scene shows Hank on her way to the train station. She promises her new partner that they'll be back on Broadway within six months.","Today, the Technicolor sequence survives only in black and white. The film was the first musical released by Metro-Goldwyn-Mayer and was Hollywood's first all-talking musical.
Because the movie was one of the early sound features and one of the early sound musicals, the production learned to record sound properly through trial and error. After the rushes were viewed, the sets were modified to enhance recording quality, and scenes were re-shot, resulting in extended days for the actors and a prolonged overall shooting schedule.[9] It took over three hours to film Bessie Love's brief ukulele-playing scene.[10] For earlier takes, a full orchestra was off-camera, but for later takes, the actors sang and danced to prerecorded music.[9] A silent version of the film was produced,[citation needed] as there were still many motion picture theaters without sound equipment at the time.
John Arnold shot with spherical lenses on 35mm black-and-white film, with one sequence in color. The film was presented in an aspect ratio of 1.37:1 (sound on disc version) and 1.20:1 (sound on film version).[11]
The film featured a musical sequence for ""The Wedding of the Painted Doll,"" presented in early two-color Technicolor (red and green filters). Color quickly became associated with the musical genre, and numerous features were released in 1929 and 1930 that either featured color sequences or were filmed entirely in color, like On with the Show (1929), Gold Diggers of Broadway (1929), Sally (1929), The Life of the Party (1930), and others. The color footage was missing for many years, apart from a few frames; in March 2025, a version with the color sequence intact was uploaded to YouTube.
first sound film to win an Academy Award for Best Picture. It was one of the early musicals to feature a Technicolor sequence, which sparked the trend of color being used in a flurry of musicals that would hit the screens in 1929–1930.[4]"
2nd,Four Devils,"1 NOMINATION
Cinematography - Ernest Palmer",F. W. Murnau,Carl Mayer,William Fox,,"""Les Quatre Diables""
by Herman Bang",Janet Gaynor as Marion; Anne Shirley as Marion as a girl (billed as Dawn O'Day); Mary Duncan as The Lady; Anders Randolf as Cecchi; Barry Norton as Adolf; Philippe De Lacy as Adolf as a child; Charles Morton as Charles; Jack Parker as Charles as a child; André Cheron as Old Roue; George Davis as Mean Clown; Nancy Drexel as Louise; Anita Louise as Louise as a child; Wesley Lake as Old Clown; J. Farrell MacDonald as The Clown; Claire McDowell as Woman,"L. William O'Connell
Ernest Palmer",,William Fox Studio,Fox Film Corporation,"June 15, 1929",100,United States,"Sound film (Synchronized)
English Intertitles",,,0,#DIV/0!,Hays Code (but not fully into effect),,,,,,,,,,Drama,"In the grim world of small-time circus life, two young boys, Charles and Adolf, are brought to the cruel, drunken circus owner Cecchi by an elderly woman who can no longer care for them. Their father, she says, had been an acrobat, and she hopes Cecchi will train them. Under Cecchi’s harsh regime they are joined by two little girls, Marion and Louise, who are cared for by a kindly, aging clown. Seeing the children’s potential, the old clown eventually rescues all four from Cecchi’s brutality, taking them under his wing.
Over the years, the quartet become expert trapeze artists. Billed as The Four Devils, they perform death-defying acts with flawless skill and a bond born of shared hardship. By the time they reach Paris and join the prestigious Cirque Olympia, Charles and Marion are engaged, and Adolf and Louise are also sweethearts. Their foster father has retired from the ring, living comfortably on the earnings of his beloved protégés.
But into this harmony comes The Lady, a wealthy, cosmopolitan seductress with a taste for dangerous liaisons. Fascinated by the handsome Charles, she uses her charm, her eyes, and her wealth to lure him away from Marion. Charles, flattered and intoxicated, begins visiting her apartment regularly, neglecting both his fiancée and his place in the troupe.
Marion, devoted and trusting, begins to notice his absence. Her heartbreak deepens when she confirms his visits to The Lady. She tries to follow him but cannot win him back. The emotional strain begins to affect her concentration in their high-risk work. Meanwhile, The Lady, though coldly amused by her rival, treats the affair as a passing diversion.
As the season draws to a close, the Cirque Olympia plans a spectacular finale: the Leap of Death, performed without a safety net. On the climactic night, Charles tells Marion he still loves her and intends to return to her. But during the performance, Marion sees The Lady seated in the audience. Her strength falters; her despair overwhelms her. She misses her grip and plunges toward the sawdust. The act is halted as Charles and the others rush to her side.
Marion survives the fall, and Charles, shaken by the near-tragedy, renounces The Lady. After Marion recovers, she and Charles leave the circus world behind, planning a new life together.",
2nd,Hollywood Revue,"1 NOMINATION
Outstanding Picture - Metro-Goldwyn-Mayer",Charles Reisner,"Al Boasberg
Robert E. Hopkins
Joseph W. Farnham","Irving Thalberg
Harry Rapf",,,Conrad Nagel (singing voice dubbed by Charles King); Jack Benny; Joan Crawford; Marion Davies; John Gilbert; Norma Shearer; Charles King; Bessie Love; Cliff Edwards; Anita Page; Marie Dressler; Polly Moran; William Haines; Buster Keaton; Stan Laurel; Oliver Hardy; George K. Arthur; Karl Dane; The Brox Sisters; Gwen Lee; Lionel Barrymore; Gus Edwards; Albertina Rasch Dancers,"John Arnold
Max Fabian
Irving G. Ries
John M. Nickolaus","William S. Gray
Cameron K. Wood",,Metro-Goldwyn-Mayer,"June 20, 1929",130,United States,English,0.426,2.421,1.995,18%,Pre-Code,,,,,,,,,1928,Musical Comedy,"Unlike MGM's imposing feature films, which always boasted strong story values, The Hollywood Revue of 1929 is a plotless parade of variety acts. Conrad Nagel, interviewed for the book The Real Tinsel, recalled, ""Everybody thought Harry Rapf was crazy for making it.""[7] Billed as an ""All-Star Musical Extravaganza"", the film includes performances by once and future stars, including Joan Crawford singing and dancing on stage. (She later remarked, ""Revue was one of those let's-throw-everyone-on-the-lot-into-a musical things, but I did a good song-and-dance number."").[8] Other segments feature Gus Edwards, John Gilbert, Norma Shearer, Lionel Barrymore, Buster Keaton, Marie Dressler, Bessie Love, Marion Davies, Anita Page, and the comedy team of Karl Dane and George K. Arthur.","It was the studio's second feature-length musical, and one of their earliest sound films. Produced by Harry Rapf and Irving Thalberg and directed by Charles Reisner, it features nearly all of MGM's stars in a two-hour revue that includes three segments in Technicolor. "
2nd,Thunderbolt,"1 NOMINATION
Actor - George Bancroft",Josef von Sternberg,,B. P. Fineman,"Jules Furthman
Herman Mankiewicz","Charles Furthman
Jules Furthman",George Bancroft as Thunderbolt Jim Lang; Fay Wray as Ritzie; Richard Arlen as Bob Moran; Tully Marshall as Warden; Eugenie Besserer as Mrs. Moran; James Spottswood as 'Snapper' O'Shea; Robert Elliott as Prison Chaplain; Fred Kohler as 'Bad Al' Frieberg; E.H. Calvert as Dist. Atty. McKay; George Irving as Mr. Corwin; Mike Donlin as Kentucky Sampson - Prisoner #4; S.S. Stewart as Prisoner #7 - Piano Player; William L. Thorne as Police Inspector; Ernie Adams as Thug in Bank at Robbery (uncredited); Elmer Ballard as Prisoner #8 (uncredited); Louise Beavers as Black Cat Cafe Patron (uncredited); Ed Brady as Chuck - 1st Prisoner #5 (uncredited); Theresa Harris as Black Cat Cafe Singer (uncredited); Jerry Mandy as Shorty - 2nd Prisoner #5 (uncredited); Lew Meehan as 2nd Arresting Detective (uncredited); Mosby's Blue Blowers as Black Cat Musical Ensemble (uncredited); Dick Rush as 1st Arresting Detective (uncredited); Rolfe Sedan as 1st Prison Doctor (uncredited); Oscar Smith as Black Cat Cafe Maitre d' (uncredited); Charles Sullivan as Thug Who Grabs Moran (uncredited),Henry W. Gerrard,Helen Lewis,Paramount Pictures,Paramount Pictures,"June 20, 1929",91,United States,English,,,0,#DIV/0!,,,,,,,,,,,Proto-noir,"Thunderbolt Jim Lang (George Bancroft), wanted on robbery and murder charges, ventures out with his girl, ""Ritzie"" (Fay Wray), to a Harlem nightclub, where she informs him that she is going straight. During a raid on the club, Thunderbolt escapes. His gang shadows Ritzie and reports that she is living with Mrs. Moran (Eugenie Besserer), whose son, Bob (Richard Arlen), a bank clerk, is in love with Ritzie. Fearing for Bob's safety, Ritzie engineers a police trap for Thunderbolt; he escapes but is later captured, tried, and sentenced to be executed at Sing Sing. From the death house, he successfully plots to frame Bob in a bank robbery and killing. Bob is placed in the facing cell, and guards frustrate Thunderbolt's attempts to get to his rival. When Ritzie marries Bob in the death house, Thunderbolt confesses his part in Bob's conviction. He plots to kill the boy on the night of his execution, but instead at the last minute his hand falls on Bob's shoulder in a gesture of friendship.",
2nd,Wonder of Women,"1 NOMINATION
Writing - Bess Meredyth",Clarence Brown,"Marian Ainslee (titles)
Bess Meredyth (Writer)",,,"Die Frau des Steffen Tromholt (German novel)
by Hermann Sudermann",Lewis Stone as Stephen Trombolt; Leila Hyams as Karen; Peggy Wood as Brigitte; Harry Myers as Bruno Heim; Sarah Padden as Anna; George Fawcett as Doctor; Blanche Friderici as Stephen Trombolt's housekeeper (as Blanche Frederici); Wally Albright as Wulle-Wulle (as Wally Albright Jr.); Anita Louise as Lottie (as Anita Fremault); Ullrich Haupt as Kurt,Merritt B. Gerstad,William LeVanway,Metro-Goldwyn-Mayer,Metro-Goldwyn-Mayer,"July 13, 1929",95,United States,"Sound (Part-Talkie)
English Intertitles",,,,,Pre-Code,,,,,,,,,,Drama,,The film is now lost with only sound discs surviving at UCLA.
2nd,Drag,"1 NOMINATION
Directing - Frank Lloyd",Frank Lloyd,,Richard A. Rowland,Bradley King (and dialogue),"Drag: A Comedy (1925 novel) 
by William Dudley Pelley","Richard Barthelmess as David Carroll; Lucien Littlefield as Pa Parker; Kathrin Clare Ward as Ma Parker; Alice Day as Allie Parker; Tom Dugan as Charlie Parker; Lila Lee as Dot; Margaret Fielding as Clara; Garry Watson as Baby. On account of this appearance, Watson is considered the last surviving actor from the silent era (as of 2025).",Ernest Haller,Edward Schroeder,First National Pictures,Warner Bros. Pictures,"July 21, 1929",85,United States,English,,,0,#DIV/0!,Hays Code (but not fully into effect),,,,,"Paris (Vermont)
New York",United States,,,,,"David Carroll (Richard Barthelmess) arrives in the small town of Paris, Vermont, to take over the local newspaper, The Courier. He rents a room in the home of Mrs. Parker (Kathrin Clare Ward), whose family quickly becomes entangled in his life.
The following day, David meets Dot (Lila Lee), the town's most sophisticated young woman. Though initially wishing him polite luck, Dot finds herself unexpectedly intrigued by him.
Before long, David is all but maneuvered into marrying Allie Parker (Alice Day), Mrs. Parker's daughter. When he proposes they live independently, Allie refuses to leave her family home. Her father (Lucien Littlefield) then suggests David pay off the $2,000 mortgage and move in with them. Reluctantly, David agrees—and soon finds himself married and living under the same roof with Allie's entire intrusive family, including Charlie (Tom Dugan), Clara (Margaret Fielding), and even the baby (Garry Watson).
Despite the domestic chaos, David throws himself into revitalizing The Courier, and also writes a musical play for the Paris Ladies’ Guild. The production is a local hit, earning him brief satisfaction.
But home life becomes intolerable. Allie constantly sides with her meddling parents and siblings, leaving David increasingly frustrated. Finally, he announces that he is going to New York to try his luck promoting the play—and to escape the suffocating Parker household. Allie refuses to accompany him, so David departs alone, promising to send for her when he can afford to.
In New York, David crosses paths with Dot, now a successful costume designer in the theater world. By coincidence, they meet in the office of a producer whom David is trying to interest in his play. Thanks to Dot's influence, the play is accepted and David achieves success. He rents a beautiful apartment and sends for Allie, determined to honor his marriage.
Though he and Dot have fallen in love, David remains committed to his vows. Understanding this, Dot quietly exits his life, telling him she is sailing to France.
When Allie finally arrives in New York, David hopes they can begin anew—free of her family. But a knock at the door reveals the Parkers, who have followed her. Enraged, David gives Allie an ultimatum: either she severs ties with her family or their marriage is over. Once again, Allie chooses her parents.
Resigned, David hands over the lease to the apartment, telling the Parkers they can have it—or ruin it—because he's done. He rushes to the docks, where the ship Aquitania is preparing to depart. As it pulls away, he declares to the world—and to himself—that he is free.","The film was long thought to be a lost film, but later was rediscovered. The film originally had two versions, a sound version and a silent version.[3][4]"
2nd,The Last of Mrs. Cheyney,"1 NOMINATION
Writing - Hans Kraly",Sidney Franklin,"Hans Kraly
Claudine West",Irving Thalberg (uncredited),,"The Last of Mrs. Cheyney (1925 play)
by Frederick Lonsdale",Norma Shearer as Fay Cheyney; Basil Rathbone as Lord Arthur Dilling; George Barraud as Charles; Herbert Bunston as Lord Elton; Hedda Hopper as Lady Maria; Maude Turner Gordon as Mrs. Webley; Moon Carroll as Joan; Madeline Seymour as Mrs. Wynton; Cyril Chadwick as Willie Wynton; George K. Arthur as George; Frank Finch Smiles as William,William H. Daniels,Conrad A. Nervig,Metro-Goldwyn-Mayer,Metro-Goldwyn-Mayer,"July 26, 1929",94,United States,English,,,0,#DIV/0!,Pre-Code,,,,,,,,,,Comedy-Drama,"Resourceful and engaging Fay Cheyney, posing as a wealthy Australian widow at a Monte Carlo hotel, befriends Mrs. Webley with the intention of stealing her pearl necklace, a plot devised by Charles, her butler and partner-in-crime. Complicating the situation are the romantic feelings she develops for Lord Arthur Dilling, Mrs. Webley's nephew. While taking the necklace during a party in the Webley home, Fay is caught by Arthur, who threatens to expose her unless she submits to him. Rather than compromise her principles, she confesses to her hostess, who plans to contact the police until Lord Elton, another guest, recalls Fay has a love letter he wrote her that could prove to be embarrassing to everyone present. They offer her money in exchange for the letter and her freedom, but when she destroys the letter and refuses their payment, they welcome her back into their social circle.",
2nd,Madame X,"2 NOMINATIONS
Actress - Ruth Chatterton
Directing - Lionel Barrymore",Lionel Barrymore,"Alexandre Bisson (play)
Willard Mack",,,"Madame X (1908 play)
by Alexandre Bisson",,Arthur Reed,William S. Gray,Metro-Goldwyn-Mayer,Metro-Goldwyn-Mayer,"August 17, 1929",95,United States,English,,,0,#DIV/0!,,,,,,,,,,,,,
2nd,Dynamite,"1 NOMINATION
Art Direction - Mitchell Leisen",Cecil B. DeMille,,Cecil B. DeMille,"Jeanie MacPherson
John Howard Lawson
Gladys Unger",,"Conrad Nagel as Roger Towne; Kay Johnson as Cynthia Crothers; Charles Bickford as Hagon Derk; Julia Faye as Marcia Towne; Muriel McCormac as Katie Derk; Joel McCrea as Marco; Robert Edeson as First Wise Fool; William Holden as Second Wise Fool; Henry Stockbridge as Third Wise Fool; Leslie Fenton as Young ""Vulture"" Firing Gun; Barton Hepburn as Young ""Vulture"" Confessing Crime; Ernest Hilliard as Good Mixer; June Nash as Good Mixer; Judith Barrett as Good Mixer; Neely Edwards as Good Mixer; Marjorie Zier as Good Mixer; Rita La Roy as Good Mixer; Tyler Brooke as The Life of the Party; Clarence Burton as Police Officer; Jim Farley as Death Row Police Officer; Robert T. Haines as The Judge; Douglas Scott as Bobby Smith; Jane Keckley as Bobby's Mother; Blanche Craig as Neighbor (Mrs. Johnson); Mary Gordon as Neighbor at Store; Ynez Seabury as Neighbor (Mrs. Johnson's daughter); Scott Kolk as Radio Announcer; Fred Walton as Doctor Rawlins; Wade Boteler as Mine Foreman (uncredited); Randolph Scott as Coal Miner (uncredited)[2]",J. Peverell Marley,Anne Bauchens,Metro-Goldwyn-Mayer,Loew's Inc.,"December 13, 1929",129,United States,English,,,0,#DIV/0!,Pre-Code,,,,,,,,,,Drama,"Coal miner Hagon Derk is sentenced to hang for murder. His only concern is for his young sister Katie, who will be left all alone. Meanwhile, frivolous socialite Cynthia Crothers will not inherit her grandfather's millions and will be penniless if she is not married by her twenty-third birthday (a month away). She is ""engaged"" to Roger Towne, but he is married to Marcia. Marcia has her own lover, Marco, and is willing to grant Roger a divorce ... for the right price. The women settle on $100,000 behind Roger's back.
Hagon, desperate to provide for Katie, offers his body for $10,000 in a newspaper ad. Cynthia offers him the money in exchange for him marrying her. He accepts. Just minutes before Hagon's execution though, the real killer is goaded into attacking a man with a gun and is fatally shot. He confesses before dying, and Hagon is released.
Hagon goes to see his stunned wife. When her friends show up to party the night away, he sees Cynthia writing a $25,000 check as a down payment to Marcia and discussing their agreement. Hagon grabs the check and shows it to Roger. Roger tells Cynthia that if she gives Marcia the check, they are through. Cynthia rips up the check. She then announces that she is married. When Hagon reveals he is her husband, Cynthia is made a laughingstock. Hagon throws out the partygoers. When Cynthia locks herself in her room, Hagon breaks down her door. After a brief confrontation, Hagon flings $10,000 at her and leaves.
When Cynthia is informed that she must be living with her husband on her birthday, she drives to his mining town. He refuses to go back to her apartment, so she persuades him to let her stay with him. He agrees on condition that she cook and clean, and locks up her fancy car in his tool shed. Her first attempt at cooking is a dismal failure. Katie helps out and keeps it a secret from Hagon, but Cynthia confesses. Hagon tells her it is the first honest thing he has seen her do.
The next day, while shopping, Cynthia buys a gift for a young boy. His mother objects, but the child runs away with his present and is hurt in a traffic accident. The doctor says that only a brain specialist in the city can save him, but the boy only has hours to live. Cynthia breaks into the tool shed, speeds away in her car and returns with the specialist. The child is saved.
Hagon returns from work to find the door of his shed demolished and learns that Cynthia withdrew $2,000 from the bank (to pay the specialist). He assumes that she got tired of his way of life and went to see Roger. When Hagon demands an explanation, Cynthia is too disheartened to reply. She telephones Roger to come for her. However, the child's mother tells Hagon what Cynthia has done.
When Roger shows up, he insists on seeing Hagon before leaving. They go down into the mine to find him. A cave-in traps the trio with only fifteen minutes worth of air. Hagon finally confesses he loves Cynthia. Then he realizes there is a way out. He quickly packs a stick of dynamite into a wall; there is another chamber on the other side with enough air to sustain them until they can be rescued. However, without a fuse cap, someone will have to strike the dynamite with a sledgehammer to set it off. The two men toss a coin for the privilege. Roger ""wins"", but Hagon wrestles the sledgehammer away from him. After Cynthia whispers something to Roger, he tells Hagon that Cynthia wants to say goodbye to him. Hagon asks Cynthia to say what she needs to say. Confused, she reveals that she said she loves him. With the two safely out of the way, Roger detonates the dynamite and is killed. As Hagon carries Cynthia into the opened chamber, he tells her that he was wrong about Roger.","The Commonwealth Film Censorship Board refused to permit the film to be released in Australia, a decision upheld by the Censor Appeals Board.[8] At the time, approximately half of all foreign films that were submitted were rejected by the Board."
3rd,All Quiet on the Western Front,"4 NOMINATIONS, 2 WINS
* Directing - Lewis Milestone
* Outstanding Production - Universal
Cinematography - (Arthur Edeson)
Writing - (George Abbott), (Maxwell Anderson), (Del Andrews)",,,,,,,,,,,,,,,,,,,,,,,,,,,,,,,
3rd,The Big House,"4 NOMINATIONS, 2 WINS
* Sound Recording - Metro-Goldwyn-Mayer Studio Sound Department, Douglas Shearer, Sound Director
* Writing - Frances Marion
Actor - Wallace Beery
Outstanding Production - Cosmopolitan",,,,,,,,,,,,,,,,,,,,,,,,,,,,,,,
3rd,The Divorcee,"4 NOMINATIONS, 1 WIN
* Actress - Norma Shearer
Directing - Robert Leonard
Outstanding Production - Metro-Goldwyn-Mayer
Writing - (John Meehan)",,,,,,,,,,,,,,,,,,,,,,,,,,,,,,,
3rd,Disraeli,"3 NOMINATIONS, 1 WIN
* Actor - George Arliss
Outstanding Production - Warner Bros.
Writing - (Julian Josephson)",,,,,,,,,,,,,,,,,,,,,,,,,,,,,,,
3rd,King of Jazz,"1 WIN, 1 NOMINATION
* Art Direction - Herman Rosse",,,,,,,,,,,,,,,,,,,,,,,,,,,,,,,
3rd,With Byrd at the South Pole,"1 WIN, 1 NOMINATION
* Cinematography - Joseph T. Rucker, Willard Van Der Veer",,,,,,,,,,,,,,,,,,,,,,,,,,,,,,,
3rd,The Love Parade,"6 NOMINATIONS
Actor - Maurice Chevalier
Art Direction - (Hans Dreier)
Cinematography - (Victor Milner)
Directing - Ernst Lubitsch
Outstanding Production - Paramount Famous Lasky
Sound Recording - (Paramount Famous Lasky Studio Sound Department, Franklin Hansen, Sound Director)",,,,,,,,,,,,,,,,,,,,,,,,,,,,,,,
3rd,Anna Christie,"3 NOMINATIONS
Actress - Greta Garbo
Cinematography - (William Daniels)
Directing - Clarence Brown",,,,,,,,,,,,,,,,,,,,,,,,,,,,,,,
3rd,Bulldog Drummond,"2 NOMINATIONS
Actor - Ronald Colman
Art Direction - (William Cameron Menzies)",,,,,,,,,,,,,,,,,,,,,,,,,,,,,,,
3rd,Romance,"2 NOMINATIONS
Actress - Greta Garbo
Directing - Clarence Brown",,,,,,,,,,,,,,,,,,,,,,,,,,,,,,,
3rd,Condemned,"1 NOMINATION
Actor - Ronald Colman",,,,,,,,,,,,,,,,,,,,,,,,,,,,,,,
3rd,Hallelujah,"1 NOMINATION
Directing - King Vidor",,,,,,,,,,,,,,,,,,,,,,,,,,,,,,,
3rd,Hell's Angels,"1 NOMINATION
Cinematography - (Gaetano Gaudio), (Harry Perry)",,,,,,,,,,,,,,,,,,,,,,,,,,,,,,,
3rd,Raffles,"1 NOMINATION
Sound Recording - (United Artists Studio Sound Department, Oscar Lagerstrom, Sound Director)",,,,,,,,,,,,,,,,,,,,,,,,,,,,,,,
3rd,Sally,"1 NOMINATION
Art Direction - (Jack Okey)",,,,,,,,,,,,,,,,,,,,,,,,,,,,,,,
3rd,Sarah and Son,"1 NOMINATION
Actress - Ruth Chatterton",,,,,,,,,,,,,,,,,,,,,,,,,,,,,,,
3rd,Song of the Flame,"1 NOMINATION
Sound Recording - (First National Studio Sound Department, George Groves, Sound Director)",,,,,,,,,,,,,,,,,,,,,,,,,,,,,,,
3rd,Street of Chance,"1 NOMINATION
Writing - (Howard Estabrook)",,,,,,,,,,,,,,,,,,,,,,,,,,,,,,,
3rd,The Big Pond,"1 NOMINATION
Actor - Maurice Chevalier",,,,,,,,,,,,,,,,,,,,,,,,,,,,,,,
3rd,The Case of Sergeant Grischa,"1 NOMINATION
Sound Recording - (RKO Radio Studio Sound Department, John Tribby, Sound Director)",,,,,,,,,,,,,,,,,,,,,,,,,,,,,,,
3rd,The Devil's Holiday,"1 NOMINATION
Actress - Nancy Carroll",,,,,,,,,,,,,,,,,,,,,,,,,,,,,,,
3rd,The Green Goddess,"1 NOMINATION
Actor - George Arliss",,,,,,,,,,,,,,,,,,,,,,,,,,,,,,,
3rd,The Rogue Song,"1 NOMINATION
Actor - Lawrence Tibbett",,,,,,,,,,,,,,,,,,,,,,,,,,,,,,,
3rd,The Trespasser,"1 NOMINATION
Actress - Gloria Swanson",,,,,,,,,,,,,,,,,,,,,,,,,,,,,,,
3rd,The Vagabond King,"1 NOMINATION
Art Direction - (Hans Dreier)",,,,,,,,,,,,,,,,,,,,,,,,,,,,,,,
3rd,Their Own Desire,"1 NOMINATION
Actress - Norma Shearer",,,,,,,,,,,,,,,,,,,,,,,,,,,,,,,
4th,Cimarron,,,,,,,,,,,,,,,,,,,,,,,,,,,,,,,,
4th,Skippy,,,,,,,,,,,,,,,,,,,,,,,,,,,,,,,,
4th,A Free Soul,,,,,,,,,,,,,,,,,,,,,,,,,,,,,,,,
4th,Min and Bill,,,,,,,,,,,,,,,,,,,,,,,,,,,,,,,,
4th,Tabu: A Story of the South Seas,,,,,,,,,,,,,,,,,,,,,,,,,,,,,,,,
4th,The Dawn Patrol,,,,,,,,,,,,,,,,,,,,,,,,,,,,,,,,
4th,Morocco,,,,,,,,,,,,,,,,,,,,,,,,,,,,,,,,
4th,The Front Page,,,,,,,,,,,,,,,,,,,,,,,,,,,,,,,,
4th,Holiday,,,,,,,,,,,,,,,,,,,,,,,,,,,,,,,,
4th,Svengali,,,,,,,,,,,,,,,,,,,,,,,,,,,,,,,,
4th,East Lynne,,,,,,,,,,,,,,,,,,,,,,,,,,,,,,,,
4th,Just Imagine,,,,,,,,,,,,,,,,,,,,,,,,,,,,,,,,
4th,Laughter,,,,,,,,,,,,,,,,,,,,,,,,,,,,,,,,
4th,Little Caesar,,,,,,,,,,,,,,,,,,,,,,,,,,,,,,,,
4th,Smart Money,,,,,,,,,,,,,,,,,,,,,,,,,,,,,,,,
4th,The Criminal Code,,,,,,,,,,,,,,,,,,,,,,,,,,,,,,,,
4th,The Doorway to Hell,,,,,,,,,,,,,,,,,,,,,,,,,,,,,,,,
4th,The Public Enemy,,,,,,,,,,,,,,,,,,,,,,,,,,,,,,,,
4th,The Right to Love,,,,,,,,,,,,,,,,,,,,,,,,,,,,,,,,
4th,The Royal Family of Broadway,,,,,,,,,,,,,,,,,,,,,,,,,,,,,,,,
4th,Trader Horn,,,,,,,,,,,,,,,,,,,,,,,,,,,,,,,,
4th,Whoopee!,,,,,,,,,,,,,,,,,,,,,,,,,,,,,,,,
5th,Grand Hotel,,,,,,,,,,,,,,,,,,,,,,,,,,,,,,,,
5th,The Champ,,,,,,,,,,,,,,,,,,,,,,,,,,,,,,,,
5th,Bad Girl,,,,,,,,,,,,,,,,,,,,,,,,,,,,,,,,
5th,Dr. Jekyll and Mr. Hyde,,,,,,,,,,,,,,,,,,,,,,,,,,,,,,,,
5th,Shanghai Express,,,,,,,,,,,,,,,,,,,,,,,,,,,,,,,,
5th,Flowers and Trees,,,,,,,,,,,,,,,,,,,,,,,,,,,,,,,,
5th,The Music Box,,,,,,,,,,,,,,,,,,,,,,,,,,,,,,,,
5th,The Sin of Madelon Claudet,,,,,,,,,,,,,,,,,,,,,,,,,,,,,,,,
5th,Transatlantic,,,,,,,,,,,,,,,,,,,,,,,,,,,,,,,,
5th,Wrestling Swordfish,,,,,,,,,,,,,,,,,,,,,,,,,,,,,,,,
5th,Arrowsmith,,,,,,,,,,,,,,,,,,,,,,,,,,,,,,,,
5th,The Guardsman,,,,,,,,,,,,,,,,,,,,,,,,,,,,,,,,
5th,À Nous la Liberté,,,,,,,,,,,,,,,,,,,,,,,,,,,,,,,,
5th,Emma,,,,,,,,,,,,,,,,,,,,,,,,,,,,,,,,
5th,Five Star Final,,,,,,,,,,,,,,,,,,,,,,,,,,,,,,,,
5th,It's Got Me Again!,,,,,,,,,,,,,,,,,,,,,,,,,,,,,,,,
5th,Lady and Gent,,,,,,,,,,,,,,,,,,,,,,,,,,,,,,,,
5th,Mickey's Orphans,,,,,,,,,,,,,,,,,,,,,,,,,,,,,,,,
5th,One Hour with You,,,,,,,,,,,,,,,,,,,,,,,,,,,,,,,,
5th,Scratch-As-Catch-Can,,,,,,,,,,,,,,,,,,,,,,,,,,,,,,,,
5th,Screen Souvenirs,,,,,,,,,,,,,,,,,,,,,,,,,,,,,,,,
5th,Swing High,,,,,,,,,,,,,,,,,,,,,,,,,,,,,,,,
5th,The Loud Mouth,,,,,,,,,,,,,,,,,,,,,,,,,,,,,,,,
5th,The Smiling Lieutenant,,,,,,,,,,,,,,,,,,,,,,,,,,,,,,,,
5th,The Star Witness,,,,,,,,,,,,,,,,,,,,,,,,,,,,,,,,
5th,What Price Hollywood?,,,,,,,,,,,,,,,,,,,,,,,,,,,,,,,,
5th,Stout Hearts and Willing Hands,,,,,,,,,,,,,,,,,,,,,,,,,,,,,,,,
6th,Cavalcade,,,,,,,,,,,,,,,,,,,,,,,,,,,,,,,,
6th,A Farewell to Arms,,,,,,,,,,,,,,,,,,,,,,,,,,,,,,,,
6th,Little Women,,,,,,,,,,,,,,,,,,,,,,,,,,,,,,,,
6th,The Private Life of Henry VIII,,,,,,,,,,,,,,,,,,,,,,,,,,,,,,,,
6th,Krakatoa,,,,,,,,,,,,,,,,,,,,,,,,,,,,,,,,
6th,Morning Glory,,,,,,,,,,,,,,,,,,,,,,,,,,,,,,,,
6th,One Way Passage,,,,,,,,,,,,,,,,,,,,,,,,,,,,,,,,
6th,So This Is Harris!,,,,,,,,,,,,,,,,,,,,,,,,,,,,,,,,
6th,Three Little Pigs,,,,,,,,,,,,,,,,,,,,,,,,,,,,,,,,
6th,Lady for a Day,,,,,,,,,,,,,,,,,,,,,,,,,,,,,,,,
6th,I Am a Fugitive from a Chain Gang,,,,,,,,,,,,,,,,,,,,,,,,,,,,,,,,
6th,42nd Street,,,,,,,,,,,,,,,,,,,,,,,,,,,,,,,,
6th,State Fair,,,,,,,,,,,,,,,,,,,,,,,,,,,,,,,,
6th,A Preferred List,,,,,,,,,,,,,,,,,,,,,,,,,,,,,,,,
6th,Berkeley Square,,,,,,,,,,,,,,,,,,,,,,,,,,,,,,,,
6th,Building a Building,,,,,,,,,,,,,,,,,,,,,,,,,,,,,,,,
6th,Gold Diggers of 1933,,,,,,,,,,,,,,,,,,,,,,,,,,,,,,,,
6th,Menu,,,,,,,,,,,,,,,,,,,,,,,,,,,,,,,,
6th,Mister Mugg,,,,,,,,,,,,,,,,,,,,,,,,,,,,,,,,
6th,Rasputin and the Empress,,,,,,,,,,,,,,,,,,,,,,,,,,,,,,,,
6th,Reunion in Vienna,,,,,,,,,,,,,,,,,,,,,,,,,,,,,,,,
6th,She Done Him Wrong,,,,,,,,,,,,,,,,,,,,,,,,,,,,,,,,
6th,Sign of the Cross,,,,,,,,,,,,,,,,,,,,,,,,,,,,,,,,
6th,Smilin' Through,,,,,,,,,,,,,,,,,,,,,,,,,,,,,,,,
6th,The Merry Old Soul,,,,,,,,,,,,,,,,,,,,,,,,,,,,,,,,
6th,The Prizefighter and the Lady,,,,,,,,,,,,,,,,,,,,,,,,,,,,,,,,
6th,The Sea,,,,,,,,,,,,,,,,,,,,,,,,,,,,,,,,
6th,When Ladies Meet,,,,,,,,,,,,,,,,,,,,,,,,,,,,,,,,
7th,It Happened One Night,,,,,,,,,,,,,,,,,,,,,,,,,,,,,,,,
7th,One Night of Love,,,,,,,,,,,,,,,,,,,,,,,,,,,,,,,,
7th,Cleopatra,,,,,,,,,,,,,,,,,,,,,,,,,,,,,,,,
7th,The Gay Divorcee,,,,,,,,,,,,,,,,,,,,,,,,,,,,,,,,
7th,Viva Villa!,,,,,,,,,,,,,,,,,,,,,,,,,,,,,,,,
7th,City of Wax,,,,,,,,,,,,,,,,,,,,,,,,,,,,,,,,
7th,Eskimo,,,,,,,,,,,,,,,,,,,,,,,,,,,,,,,,
7th,La Cucaracha,,,,,,,,,,,,,,,,,,,,,,,,,,,,,,,,
7th,Manhattan Melodrama,,,,,,,,,,,,,,,,,,,,,,,,,,,,,,,,
7th,The Merry Widow,,,,,,,,,,,,,,,,,,,,,,,,,,,,,,,,
7th,The Tortoise and the Hare,,,,,,,,,,,,,,,,,,,,,,,,,,,,,,,,
7th,The Affairs of Cellini,,,,,,,,,,,,,,,,,,,,,,,,,,,,,,,,
7th,The Thin Man,,,,,,,,,,,,,,,,,,,,,,,,,,,,,,,,
7th,Imitation of Life,,,,,,,,,,,,,,,,,,,,,,,,,,,,,,,,
7th,Flirtation Walk,,,,,,,,,,,,,,,,,,,,,,,,,,,,,,,,
7th,The Barretts of Wimpole Street,,,,,,,,,,,,,,,,,,,,,,,,,,,,,,,,
7th,The White Parade,,,,,,,,,,,,,,,,,,,,,,,,,,,,,,,,
7th,Bosom Friends,,,,,,,,,,,,,,,,,,,,,,,,,,,,,,,,
7th,Flying Down to Rio,,,,,,,,,,,,,,,,,,,,,,,,,,,,,,,,
7th,Here Comes the Navy,,,,,,,,,,,,,,,,,,,,,,,,,,,,,,,,
7th,Hide-Out,,,,,,,,,,,,,,,,,,,,,,,,,,,,,,,,
7th,Holiday Land,,,,,,,,,,,,,,,,,,,,,,,,,,,,,,,,
7th,Jolly Little Elves,,,,,,,,,,,,,,,,,,,,,,,,,,,,,,,,
7th,Men in Black,,,,,,,,,,,,,,,,,,,,,,,,,,,,,,,,
7th,Of Human Bondage,,,,,,,,,,,,,,,,,,,,,,,,,,,,,,,,
7th,Operator 13,,,,,,,,,,,,,,,,,,,,,,,,,,,,,,,,
7th,She Loves Me Not,,,,,,,,,,,,,,,,,,,,,,,,,,,,,,,,
7th,Strikes and Spares,,,,,,,,,,,,,,,,,,,,,,,,,,,,,,,,
7th,The House of Rothschild,,,,,,,,,,,,,,,,,,,,,,,,,,,,,,,,
7th,The Lost Patrol,,,,,,,,,,,,,,,,,,,,,,,,,,,,,,,,
7th,The Richest Girl in the World,,,,,,,,,,,,,,,,,,,,,,,,,,,,,,,,
7th,"What, No Men!",,,,,,,,,,,,,,,,,,,,,,,,,,,,,,,,
8th,Mutiny on the Bounty,,,,,,,,,,,,,,,,,,,,,,,,,,,,,,,,
8th,The Informer,,,,,,,,,,,,,,,,,,,,,,,,,,,,,,,,
8th,A Midsummer Night's Dream,,,,,,,,,,,,,,,,,,,,,,,,,,,,,,,,
8th,The Lives of a Bengal Lancer,,,,,,,,,,,,,,,,,,,,,,,,,,,,,,,,
8th,Broadway Melody of 1936,,,,,,,,,,,,,,,,,,,,,,,,,,,,,,,,
8th,The Dark Angel,,,,,,,,,,,,,,,,,,,,,,,,,,,,,,,,
8th,Gold Diggers of 1935,,,,,,,,,,,,,,,,,,,,,,,,,,,,,,,,
8th,Naughty Marietta,,,,,,,,,,,,,,,,,,,,,,,,,,,,,,,,
8th,Dangerous,,,,,,,,,,,,,,,,,,,,,,,,,,,,,,,,
8th,How to Sleep,,,,,,,,,,,,,,,,,,,,,,,,,,,,,,,,
8th,The Scoundrel,,,,,,,,,,,,,,,,,,,,,,,,,,,,,,,,
8th,Three Orphan Kittens,,,,,,,,,,,,,,,,,,,,,,,,,,,,,,,,
8th,Wings Over Everest,,,,,,,,,,,,,,,,,,,,,,,,,,,,,,,,
8th,Captain Blood,,,,,,,,,,,,,,,,,,,,,,,,,,,,,,,,
8th,Les Misérables,,,,,,,,,,,,,,,,,,,,,,,,,,,,,,,,
8th,Top Hat,,,,,,,,,,,,,,,,,,,,,,,,,,,,,,,,
8th,David Copperfield,,,,,,,,,,,,,,,,,,,,,,,,,,,,,,,,
8th,Alice Adams,,,,,,,,,,,,,,,,,,,,,,,,,,,,,,,,
8th,"$1,000 a Minute",,,,,,,,,,,,,,,,,,,,,,,,,,,,,,,,
8th,All the King's Horses,,,,,,,,,,,,,,,,,,,,,,,,,,,,,,,,
8th,Audioscopiks,,,,,,,,,,,,,,,,,,,,,,,,,,,,,,,,
8th,Barbary Coast,,,,,,,,,,,,,,,,,,,,,,,,,,,,,,,,
8th,Becky Sharp,,,,,,,,,,,,,,,,,,,,,,,,,,,,,,,,
8th,Black Fury,,,,,,,,,,,,,,,,,,,,,,,,,,,,,,,,
8th,Bride of Frankenstein,,,,,,,,,,,,,,,,,,,,,,,,,,,,,,,,
8th,Broadway Hostess,,,,,,,,,,,,,,,,,,,,,,,,,,,,,,,,
8th,Camera Thrills,,,,,,,,,,,,,,,,,,,,,,,,,,,,,,,,
8th,Escape Me Never,,,,,,,,,,,,,,,,,,,,,,,,,,,,,,,,
8th,Folies Bergère de Paris,,,,,,,,,,,,,,,,,,,,,,,,,,,,,,,,
8th,G Men,,,,,,,,,,,,,,,,,,,,,,,,,,,,,,,,
8th,Go into Your Dance,,,,,,,,,,,,,,,,,,,,,,,,,,,,,,,,
8th,I Dream Too Much,,,,,,,,,,,,,,,,,,,,,,,,,,,,,,,,
8th,King of Burlesque,,,,,,,,,,,,,,,,,,,,,,,,,,,,,,,,
8th,Love Me Forever,,,,,,,,,,,,,,,,,,,,,,,,,,,,,,,,
8th,"Oh, My Nerves",,,,,,,,,,,,,,,,,,,,,,,,,,,,,,,,
8th,Peter Ibbetson,,,,,,,,,,,,,,,,,,,,,,,,,,,,,,,,
8th,Private Worlds,,,,,,,,,,,,,,,,,,,,,,,,,,,,,,,,
8th,Roberta,,,,,,,,,,,,,,,,,,,,,,,,,,,,,,,,
8th,Ruggles of Red Gap,,,,,,,,,,,,,,,,,,,,,,,,,,,,,,,,
8th,She,,,,,,,,,,,,,,,,,,,,,,,,,,,,,,,,
8th,Thanks a Million,,,,,,,,,,,,,,,,,,,,,,,,,,,,,,,,
8th,The Big Broadcast of 1936,,,,,,,,,,,,,,,,,,,,,,,,,,,,,,,,
8th,The Calico Dragon,,,,,,,,,,,,,,,,,,,,,,,,,,,,,,,,
8th,The Crusades,,,,,,,,,,,,,,,,,,,,,,,,,,,,,,,,
8th,The Gay Deception,,,,,,,,,,,,,,,,,,,,,,,,,,,,,,,,
8th,Tit for Tat,,,,,,,,,,,,,,,,,,,,,,,,,,,,,,,,
8th,Who Killed Cock Robin?,,,,,,,,,,,,,,,,,,,,,,,,,,,,,,,,
9th,The Great Ziegfeld,,,,,,,,,,,,,,,,,,,,,,,,,,,,,,,,
9th,Anthony Adverse,,,,,,,,,,,,,,,,,,,,,,,,,,,,,,,,
9th,The Story of Louis Pasteur,,,,,,,,,,,,,,,,,,,,,,,,,,,,,,,,
9th,Dodsworth,,,,,,,,,,,,,,,,,,,,,,,,,,,,,,,,
9th,San Francisco,,,,,,,,,,,,,,,,,,,,,,,,,,,,,,,,
9th,Mr. Deeds Goes to Town,,,,,,,,,,,,,,,,,,,,,,,,,,,,,,,,
9th,The Charge of the Light Brigade,,,,,,,,,,,,,,,,,,,,,,,,,,,,,,,,
9th,Come and Get It,,,,,,,,,,,,,,,,,,,,,,,,,,,,,,,,
9th,Swing Time,,,,,,,,,,,,,,,,,,,,,,,,,,,,,,,,
9th,Bored of Education,,,,,,,,,,,,,,,,,,,,,,,,,,,,,,,,
9th,Give Me Liberty,,,,,,,,,,,,,,,,,,,,,,,,,,,,,,,,
9th,The Country Cousin,,,,,,,,,,,,,,,,,,,,,,,,,,,,,,,,
9th,The Public Pays,,,,,,,,,,,,,,,,,,,,,,,,,,,,,,,,
9th,My Man Godfrey,,,,,,,,,,,,,,,,,,,,,,,,,,,,,,,,
9th,Romeo and Juliet,,,,,,,,,,,,,,,,,,,,,,,,,,,,,,,,
9th,The General Died at Dawn,,,,,,,,,,,,,,,,,,,,,,,,,,,,,,,,
9th,Three Smart Girls,,,,,,,,,,,,,,,,,,,,,,,,,,,,,,,,
9th,A Tale of Two Cities,,,,,,,,,,,,,,,,,,,,,,,,,,,,,,,,
9th,Born to Dance,,,,,,,,,,,,,,,,,,,,,,,,,,,,,,,,
9th,Lloyd's of London,,,,,,,,,,,,,,,,,,,,,,,,,,,,,,,,
9th,The Garden of Allah,,,,,,,,,,,,,,,,,,,,,,,,,,,,,,,,
9th,The Gorgeous Hussy,,,,,,,,,,,,,,,,,,,,,,,,,,,,,,,,
9th,Theodora Goes Wild,,,,,,,,,,,,,,,,,,,,,,,,,,,,,,,,
9th,Winterset,,,,,,,,,,,,,,,,,,,,,,,,,,,,,,,,
9th,After the Thin Man,,,,,,,,,,,,,,,,,,,,,,,,,,,,,,,,
9th,Banjo on My Knee,,,,,,,,,,,,,,,,,,,,,,,,,,,,,,,,
9th,Cain and Mabel,,,,,,,,,,,,,,,,,,,,,,,,,,,,,,,,
9th,Dancing Pirate,,,,,,,,,,,,,,,,,,,,,,,,,,,,,,,,
9th,Double or Nothing,,,,,,,,,,,,,,,,,,,,,,,,,,,,,,,,
9th,Dummy Ache,,,,,,,,,,,,,,,,,,,,,,,,,,,,,,,,
9th,Fury,,,,,,,,,,,,,,,,,,,,,,,,,,,,,,,,
9th,General Spanky,,,,,,,,,,,,,,,,,,,,,,,,,,,,,,,,
9th,Gold Diggers of 1937,,,,,,,,,,,,,,,,,,,,,,,,,,,,,,,,
9th,La Fiesta de Santa Barbara,,,,,,,,,,,,,,,,,,,,,,,,,,,,,,,,
9th,Libeled Lady,,,,,,,,,,,,,,,,,,,,,,,,,,,,,,,,
9th,The Magnificent Brute,,,,,,,,,,,,,,,,,,,,,,,,,,,,,,,,
9th,Moscow Moods,,,,,,,,,,,,,,,,,,,,,,,,,,,,,,,,
9th,One in a Million,,,,,,,,,,,,,,,,,,,,,,,,,,,,,,,,
9th,Pennies from Heaven,,,,,,,,,,,,,,,,,,,,,,,,,,,,,,,,
9th,Pigskin Parade,,,,,,,,,,,,,,,,,,,,,,,,,,,,,,,,
9th,Popeye the Sailor Meets Sindbad the Sailor,,,,,,,,,,,,,,,,,,,,,,,,,,,,,,,,
9th,Popular Science J-6-2,,,,,,,,,,,,,,,,,,,,,,,,,,,,,,,,
9th,"Sing, Baby, Sing",,,,,,,,,,,,,,,,,,,,,,,,,,,,,,,,
9th,Suzy,,,,,,,,,,,,,,,,,,,,,,,,,,,,,,,,
9th,That Girl from Paris,,,,,,,,,,,,,,,,,,,,,,,,,,,,,,,,
9th,The Last of the Mohicans,,,,,,,,,,,,,,,,,,,,,,,,,,,,,,,,
9th,The Old Mill Pond,,,,,,,,,,,,,,,,,,,,,,,,,,,,,,,,
9th,The Texas Rangers,,,,,,,,,,,,,,,,,,,,,,,,,,,,,,,,
9th,These Three,,,,,,,,,,,,,,,,,,,,,,,,,,,,,,,,
9th,The Trail of the Lonesome Pine,,,,,,,,,,,,,,,,,,,,,,,,,,,,,,,,
9th,Valiant Is the Word for Carrie,,,,,,,,,,,,,,,,,,,,,,,,,,,,,,,,
9th,Wanted – A Master,,,,,,,,,,,,,,,,,,,,,,,,,,,,,,,,
10th,The Life of Emile Zola,,,,,,,,,,,,,,,,,,,,,,,,,,,,,,,,
10th,Lost Horizon,,,,,,,,,,,,,,,,,,,,,,,,,,,,,,,,
10th,In Old Chicago,,,,,,,,,,,,,,,,,,,,,,,,,,,,,,,,
10th,The Good Earth,,,,,,,,,,,,,,,,,,,,,,,,,,,,,,,,
10th,A Star Is Born,,,,,,,,,,,,,,,,,,,,,,,,,,,,,,,,
10th,The Awful Truth,,,,,,,,,,,,,,,,,,,,,,,,,,,,,,,,
10th,One Hundred Men and a Girl,,,,,,,,,,,,,,,,,,,,,,,,,,,,,,,,
10th,Captains Courageous,,,,,,,,,,,,,,,,,,,,,,,,,,,,,,,,
10th,The Hurricane,,,,,,,,,,,,,,,,,,,,,,,,,,,,,,,,
10th,A Damsel in Distress,,,,,,,,,,,,,,,,,,,,,,,,,,,,,,,,
10th,Waikiki Wedding,,,,,,,,,,,,,,,,,,,,,,,,,,,,,,,,
10th,Penny Wisdom,,,,,,,,,,,,,,,,,,,,,,,,,,,,,,,,
10th,The Old Mill,,,,,,,,,,,,,,,,,,,,,,,,,,,,,,,,
10th,The Private Life of the Gannets,,,,,,,,,,,,,,,,,,,,,,,,,,,,,,,,
10th,Torture Money,,,,,,,,,,,,,,,,,,,,,,,,,,,,,,,,
10th,Dead End,,,,,,,,,,,,,,,,,,,,,,,,,,,,,,,,
10th,Stage Door,,,,,,,,,,,,,,,,,,,,,,,,,,,,,,,,
10th,Souls at Sea,,,,,,,,,,,,,,,,,,,,,,,,,,,,,,,,
10th,Conquest,,,,,,,,,,,,,,,,,,,,,,,,,,,,,,,,
10th,Maytime,,,,,,,,,,,,,,,,,,,,,,,,,,,,,,,,
10th,Night Must Fall,,,,,,,,,,,,,,,,,,,,,,,,,,,,,,,,
10th,Stella Dallas,,,,,,,,,,,,,,,,,,,,,,,,,,,,,,,,
10th,The Prisoner of Zenda,,,,,,,,,,,,,,,,,,,,,,,,,,,,,,,,
10th,Topper,,,,,,,,,,,,,,,,,,,,,,,,,,,,,,,,
10th,Walter Wanger's Vogues of 1938,,,,,,,,,,,,,,,,,,,,,,,,,,,,,,,,
10th,A Day at the Races,,,,,,,,,,,,,,,,,,,,,,,,,,,,,,,,
10th,A Night at the Movies,,,,,,,,,,,,,,,,,,,,,,,,,,,,,,,,
10th,Ali Baba Goes to Town,,,,,,,,,,,,,,,,,,,,,,,,,,,,,,,,
10th,Artists and Models,,,,,,,,,,,,,,,,,,,,,,,,,,,,,,,,
10th,Black Legion,,,,,,,,,,,,,,,,,,,,,,,,,,,,,,,,
10th,Camille,,,,,,,,,,,,,,,,,,,,,,,,,,,,,,,,
10th,Deep South,,,,,,,,,,,,,,,,,,,,,,,,,,,,,,,,
10th,Educated Fish,,,,,,,,,,,,,,,,,,,,,,,,,,,,,,,,
10th,Every Day's a Holiday,,,,,,,,,,,,,,,,,,,,,,,,,,,,,,,,
10th,Hitting a New High,,,,,,,,,,,,,,,,,,,,,,,,,,,,,,,,
10th,Make a Wish,,,,,,,,,,,,,,,,,,,,,,,,,,,,,,,,
10th,Manhattan Merry-Go-Round,,,,,,,,,,,,,,,,,,,,,,,,,,,,,,,,
10th,Mr. Dodd Takes the Air,,,,,,,,,,,,,,,,,,,,,,,,,,,,,,,,
10th,Popular Science J-7-1,,,,,,,,,,,,,,,,,,,,,,,,,,,,,,,,
10th,Portia on Trial,,,,,,,,,,,,,,,,,,,,,,,,,,,,,,,,
10th,Quality Street,,,,,,,,,,,,,,,,,,,,,,,,,,,,,,,,
10th,"Ready, Willing, and Able",,,,,,,,,,,,,,,,,,,,,,,,,,,,,,,,
10th,Romance of Radium,,,,,,,,,,,,,,,,,,,,,,,,,,,,,,,,
10th,Shall We Dance,,,,,,,,,,,,,,,,,,,,,,,,,,,,,,,,
10th,Should Wives Work?,,,,,,,,,,,,,,,,,,,,,,,,,,,,,,,,
10th / 11th,Snow White and the Seven Dwarfs,,,,,,,,,,,,,,,,,,,,,,,,,,,,,,,,
10th,Something to Sing About,,,,,,,,,,,,,,,,,,,,,,,,,,,,,,,,
10th,The Girl Said No,,,,,,,,,,,,,,,,,,,,,,,,,,,,,,,,
10th,The Little Match Girl,,,,,,,,,,,,,,,,,,,,,,,,,,,,,,,,
10th,The Man Without a Country,,,,,,,,,,,,,,,,,,,,,,,,,,,,,,,,
10th,Thin Ice,,,,,,,,,,,,,,,,,,,,,,,,,,,,,,,,
10th,Varsity Show,,,,,,,,,,,,,,,,,,,,,,,,,,,,,,,,
10th,Way Out West,,,,,,,,,,,,,,,,,,,,,,,,,,,,,,,,
10th,Wee Willie Winkie,,,,,,,,,,,,,,,,,,,,,,,,,,,,,,,,
10th,Wells Fargo,,,,,,,,,,,,,,,,,,,,,,,,,,,,,,,,
10th,Wings over Honolulu,,,,,,,,,,,,,,,,,,,,,,,,,,,,,,,,
10th,You're a Sweetheart,,,,,,,,,,,,,,,,,,,,,,,,,,,,,,,,
11th,You Can't Take It with You,,,,,,,,,,,,,,,,,,,,,,,,,,,,,,,,
11th,The Adventures of Robin Hood,,,,,,,,,,,,,,,,,,,,,,,,,,,,,,,,
11th,Boys Town,,,,,,,,,,,,,,,,,,,,,,,,,,,,,,,,
11th,Jezebel,,,,,,,,,,,,,,,,,,,,,,,,,,,,,,,,
11th,Alexander's Ragtime Band,,,,,,,,,,,,,,,,,,,,,,,,,,,,,,,,
11th,Pygmalion,,,,,,,,,,,,,,,,,,,,,,,,,,,,,,,,
11th,The Cowboy and the Lady,,,,,,,,,,,,,,,,,,,,,,,,,,,,,,,,
11th,The Great Waltz,,,,,,,,,,,,,,,,,,,,,,,,,,,,,,,,
11th,Declaration of Independence,,,,,,,,,,,,,,,,,,,,,,,,,,,,,,,,
11th,Ferdinand the Bull,,,,,,,,,,,,,,,,,,,,,,,,,,,,,,,,
11th,Kentucky,,,,,,,,,,,,,,,,,,,,,,,,,,,,,,,,
11th,Spawn of the North,,,,,,,,,,,,,,,,,,,,,,,,,,,,,,,,
11th,That Mothers Might Live,,,,,,,,,,,,,,,,,,,,,,,,,,,,,,,,
11th,The Big Broadcast of 1938,,,,,,,,,,,,,,,,,,,,,,,,,,,,,,,,
11th,Four Daughters,,,,,,,,,,,,,,,,,,,,,,,,,,,,,,,,
11th,Merrily We Live,,,,,,,,,,,,,,,,,,,,,,,,,,,,,,,,
11th,Algiers,,,,,,,,,,,,,,,,,,,,,,,,,,,,,,,,
11th,If I Were King,,,,,,,,,,,,,,,,,,,,,,,,,,,,,,,,
11th,Mad About Music,,,,,,,,,,,,,,,,,,,,,,,,,,,,,,,,
11th,Marie Antoinette,,,,,,,,,,,,,,,,,,,,,,,,,,,,,,,,
11th,The Citadel,,,,,,,,,,,,,,,,,,,,,,,,,,,,,,,,
11th,Angels with Dirty Faces,,,,,,,,,,,,,,,,,,,,,,,,,,,,,,,,
11th,Army Girl,,,,,,,,,,,,,,,,,,,,,,,,,,,,,,,,
11th,Carefree,,,,,,,,,,,,,,,,,,,,,,,,,,,,,,,,
11th,Suez,,,,,,,,,,,,,,,,,,,,,,,,,,,,,,,,
11th,Test Pilot,,,,,,,,,,,,,,,,,,,,,,,,,,,,,,,,
11th,Blockade,,,,,,,,,,,,,,,,,,,,,,,,,,,,,,,,
11th,Sweethearts,,,,,,,,,,,,,,,,,,,,,,,,,,,,,,,,
11th,That Certain Age,,,,,,,,,,,,,,,,,,,,,,,,,,,,,,,,
11th,The Goldwyn Follies,,,,,,,,,,,,,,,,,,,,,,,,,,,,,,,,
11th,The Young in Heart,,,,,,,,,,,,,,,,,,,,,,,,,,,,,,,,
11th,Vivacious Lady,,,,,,,,,,,,,,,,,,,,,,,,,,,,,,,,
11th,Block-Heads,,,,,,,,,,,,,,,,,,,,,,,,,,,,,,,,
11th,Brave Little Tailor,,,,,,,,,,,,,,,,,,,,,,,,,,,,,,,,
11th,Breaking the Ice,,,,,,,,,,,,,,,,,,,,,,,,,,,,,,,,
11th,Girls' School,,,,,,,,,,,,,,,,,,,,,,,,,,,,,,,,
11th,Going Places,,,,,,,,,,,,,,,,,,,,,,,,,,,,,,,,
11th,Good Scouts,,,,,,,,,,,,,,,,,,,,,,,,,,,,,,,,
11th,La Grande Illusion,,,,,,,,,,,,,,,,,,,,,,,,,,,,,,,,
11th,Holiday,,,,,,,,,,,,,,,,,,,,,,,,,,,,,,,,
11th,Hunky and Spunky,,,,,,,,,,,,,,,,,,,,,,,,,,,,,,,,
11th,Mannequin,,,,,,,,,,,,,,,,,,,,,,,,,,,,,,,,
11th,Mother Goose Goes Hollywood,,,,,,,,,,,,,,,,,,,,,,,,,,,,,,,,
11th,Of Human Hearts,,,,,,,,,,,,,,,,,,,,,,,,,,,,,,,,
11th,Pacific Liner,,,,,,,,,,,,,,,,,,,,,,,,,,,,,,,,
11th,Storm Over Bengal,,,,,,,,,,,,,,,,,,,,,,,,,,,,,,,,
11th,Swingtime in the Movies,,,,,,,,,,,,,,,,,,,,,,,,,,,,,,,,
11th,The Adventures of Tom Sawyer,,,,,,,,,,,,,,,,,,,,,,,,,,,,,,,,
11th,The Buccaneer,,,,,,,,,,,,,,,,,,,,,,,,,,,,,,,,
11th,The Great Heart,,,,,,,,,,,,,,,,,,,,,,,,,,,,,,,,
11th,The Lady Objects,,,,,,,,,,,,,,,,,,,,,,,,,,,,,,,,
11th,There Goes My Heart,,,,,,,,,,,,,,,,,,,,,,,,,,,,,,,,
11th,They're Always Caught,,,,,,,,,,,,,,,,,,,,,,,,,,,,,,,,
11th,Three Comrades,,,,,,,,,,,,,,,,,,,,,,,,,,,,,,,,
11th,Timber Toppers,,,,,,,,,,,,,,,,,,,,,,,,,,,,,,,,
11th,Tropic Holiday,,,,,,,,,,,,,,,,,,,,,,,,,,,,,,,,
11th,Under Western Stars,,,,,,,,,,,,,,,,,,,,,,,,,,,,,,,,
11th,White Banners,,,,,,,,,,,,,,,,,,,,,,,,,,,,,,,,
12th,Gone With the Wind,,,,,,,,,,,,,,,,,,,,,,,,,,,,,,,,
12th,Stagecoach,,,,,,,,,,,,,,,,,,,,,,,,,,,,,,,,
12th,The Wizard of Oz,,,,,,,,,,,,,,,,,,,,,,,,,,,,,,,,
12th,Mr. Smith Goes to Washington,,,,,,,,,,,,,,,,,,,,,,,,,,,,,,,,
12th,Wuthering Heights,,,,,,,,,,,,,,,,,,,,,,,,,,,,,,,,
12th,"Goodbye, Mr. Chips",,,,,,,,,,,,,,,,,,,,,,,,,,,,,,,,
12th,The Rains Came,,,,,,,,,,,,,,,,,,,,,,,,,,,,,,,,
12th,Busy Little Bears,,,,,,,,,,,,,,,,,,,,,,,,,,,,,,,,
12th,Sons of Liberty,,,,,,,,,,,,,,,,,,,,,,,,,,,,,,,,
12th,The Ugly Duckling,,,,,,,,,,,,,,,,,,,,,,,,,,,,,,,,
12th,When Tomorrow Comes,,,,,,,,,,,,,,,,,,,,,,,,,,,,,,,,
12th,Love Affair,,,,,,,,,,,,,,,,,,,,,,,,,,,,,,,,
12th,The Private Lives of Elizabeth and Essex,,,,,,,,,,,,,,,,,,,,,,,,,,,,,,,,
12th,Ninotchka,,,,,,,,,,,,,,,,,,,,,,,,,,,,,,,,
12th,Of Mice and Men,,,,,,,,,,,,,,,,,,,,,,,,,,,,,,,,
12th,Dark Victory,,,,,,,,,,,,,,,,,,,,,,,,,,,,,,,,
12th,Man of Conquest,,,,,,,,,,,,,,,,,,,,,,,,,,,,,,,,
12th,Babes in Arms,,,,,,,,,,,,,,,,,,,,,,,,,,,,,,,,
12th,Beau Geste,,,,,,,,,,,,,,,,,,,,,,,,,,,,,,,,
12th,First Love,,,,,,,,,,,,,,,,,,,,,,,,,,,,,,,,
12th,Gulliver's Travels,,,,,,,,,,,,,,,,,,,,,,,,,,,,,,,,
12th,The Great Victor Herbert,,,,,,,,,,,,,,,,,,,,,,,,,,,,,,,,
12th,The Hunchback of Notre Dame,,,,,,,,,,,,,,,,,,,,,,,,,,,,,,,,
12th,Bachelor Mother,,,,,,,,,,,,,,,,,,,,,,,,,,,,,,,,
12th,Balalaika,,,,,,,,,,,,,,,,,,,,,,,,,,,,,,,,
12th,Captain Fury,,,,,,,,,,,,,,,,,,,,,,,,,,,,,,,,
12th,Detouring America,,,,,,,,,,,,,,,,,,,,,,,,,,,,,,,,
12th,Drums Along the Mohawk,,,,,,,,,,,,,,,,,,,,,,,,,,,,,,,,
12th,Drunk Driving,,,,,,,,,,,,,,,,,,,,,,,,,,,,,,,,
12th,Eternally Yours,,,,,,,,,,,,,,,,,,,,,,,,,,,,,,,,
12th,Five Times Five,,,,,,,,,,,,,,,,,,,,,,,,,,,,,,,,
12th,Golden Boy,,,,,,,,,,,,,,,,,,,,,,,,,,,,,,,,
12th,Information Please,,,,,,,,,,,,,,,,,,,,,,,,,,,,,,,,
12th,Intermezzo,,,,,,,,,,,,,,,,,,,,,,,,,,,,,,,,
12th,Juarez,,,,,,,,,,,,,,,,,,,,,,,,,,,,,,,,
12th,Nurse Edith Cavell,,,,,,,,,,,,,,,,,,,,,,,,,,,,,,,,
12th,Only Angels Have Wings,,,,,,,,,,,,,,,,,,,,,,,,,,,,,,,,
12th,Peace on Earth,,,,,,,,,,,,,,,,,,,,,,,,,,,,,,,,
12th,Prophet Without Honor,,,,,,,,,,,,,,,,,,,,,,,,,,,,,,,,
12th,Second Fiddle,,,,,,,,,,,,,,,,,,,,,,,,,,,,,,,,
12th,She Married a Cop,,,,,,,,,,,,,,,,,,,,,,,,,,,,,,,,
12th,Swanee River,,,,,,,,,,,,,,,,,,,,,,,,,,,,,,,,
12th,Sword Fishing,,,,,,,,,,,,,,,,,,,,,,,,,,,,,,,,
12th,The Man in the Iron Mask,,,,,,,,,,,,,,,,,,,,,,,,,,,,,,,,
12th,The Pointer,,,,,,,,,,,,,,,,,,,,,,,,,,,,,,,,
12th,They Shall Have Music,,,,,,,,,,,,,,,,,,,,,,,,,,,,,,,,
12th,Topper Takes a Trip,,,,,,,,,,,,,,,,,,,,,,,,,,,,,,,,
12th,Union Pacific,,,,,,,,,,,,,,,,,,,,,,,,,,,,,,,,
12th,Way Down South,,,,,,,,,,,,,,,,,,,,,,,,,,,,,,,,
12th,Young Mr. Lincoln,,,,,,,,,,,,,,,,,,,,,,,,,,,,,,,,
13th,Rebecca,,,,,,,,,,,,,,,,,,,,,,,,,,,,,,,,
13th,The Thief of Bagdad,,,,,,,,,,,,,,,,,,,,,,,,,,,,,,,,
13th,The Grapes of Wrath,,,,,,,,,,,,,,,,,,,,,,,,,,,,,,,,
13th,The Philadelphia Story,,,,,,,,,,,,,,,,,,,,,,,,,,,,,,,,
13th,Pinocchio,,,,,,,,,,,,,,,,,,,,,,,,,,,,,,,,
13th,Kitty Foyle,,,,,,,,,,,,,,,,,,,,,,,,,,,,,,,,
13th,North West Mounted Police,,,,,,,,,,,,,,,,,,,,,,,,,,,,,,,,
13th,"Arise, My Love",,,,,,,,,,,,,,,,,,,,,,,,,,,,,,,,
13th,Strike Up the Band,,,,,,,,,,,,,,,,,,,,,,,,,,,,,,,,
13th,The Westerner,,,,,,,,,,,,,,,,,,,,,,,,,,,,,,,,
13th,Pride and Prejudice,,,,,,,,,,,,,,,,,,,,,,,,,,,,,,,,
13th,Quicker'n a Wink,,,,,,,,,,,,,,,,,,,,,,,,,,,,,,,,
13th,"Teddy, the Rough Rider",,,,,,,,,,,,,,,,,,,,,,,,,,,,,,,,
13th,The Great McGinty,,,,,,,,,,,,,,,,,,,,,,,,,,,,,,,,
13th,The Milky Way,,,,,,,,,,,,,,,,,,,,,,,,,,,,,,,,
13th,Tin Pan Alley,,,,,,,,,,,,,,,,,,,,,,,,,,,,,,,,
13th,The Letter,,,,,,,,,,,,,,,,,,,,,,,,,,,,,,,,
13th,Foreign Correspondent,,,,,,,,,,,,,,,,,,,,,,,,,,,,,,,,
13th,Our Town,,,,,,,,,,,,,,,,,,,,,,,,,,,,,,,,
13th,The Long Voyage Home,,,,,,,,,,,,,,,,,,,,,,,,,,,,,,,,
13th,The Great Dictator,,,,,,,,,,,,,,,,,,,,,,,,,,,,,,,,
13th,Spring Parade,,,,,,,,,,,,,,,,,,,,,,,,,,,,,,,,
13th,The Sea Hawk,,,,,,,,,,,,,,,,,,,,,,,,,,,,,,,,
13th,"All This, and Heaven Too",,,,,,,,,,,,,,,,,,,,,,,,,,,,,,,,
13th,Down Argentine Way,,,,,,,,,,,,,,,,,,,,,,,,,,,,,,,,
13th,My Favourite Wife,,,,,,,,,,,,,,,,,,,,,,,,,,,,,,,,
13th,Abe Lincoln in Illinois,,,,,,,,,,,,,,,,,,,,,,,,,,,,,,,,
13th,Arizona,,,,,,,,,,,,,,,,,,,,,,,,,,,,,,,,
13th,Bitter Sweet,,,,,,,,,,,,,,,,,,,,,,,,,,,,,,,,
13th,Boom Town,,,,,,,,,,,,,,,,,,,,,,,,,,,,,,,,
13th,Dark Command,,,,,,,,,,,,,,,,,,,,,,,,,,,,,,,,
13th,Hit Parade of 1941,,,,,,,,,,,,,,,,,,,,,,,,,,,,,,,,
13th,One Million B.C.,,,,,,,,,,,,,,,,,,,,,,,,,,,,,,,,
13th,Second Chorus,,,,,,,,,,,,,,,,,,,,,,,,,,,,,,,,
13th,The Blue Bird,,,,,,,,,,,,,,,,,,,,,,,,,,,,,,,,
13th,The Boys from Syracuse,,,,,,,,,,,,,,,,,,,,,,,,,,,,,,,,
13th,The Howards of Virginia,,,,,,,,,,,,,,,,,,,,,,,,,,,,,,,,
13th,Waterloo Bridge,,,,,,,,,,,,,,,,,,,,,,,,,,,,,,,,
13th,A Wild Hare,,,,,,,,,,,,,,,,,,,,,,,,,,,,,,,,
13th,Angels Over Broadway,,,,,,,,,,,,,,,,,,,,,,,,,,,,,,,,
13th,Behind the News,,,,,,,,,,,,,,,,,,,,,,,,,,,,,,,,
13th,Captain Caution,,,,,,,,,,,,,,,,,,,,,,,,,,,,,,,,
13th,Comrade X,,,,,,,,,,,,,,,,,,,,,,,,,,,,,,,,
13th,Dr. Cyclops,,,,,,,,,,,,,,,,,,,,,,,,,,,,,,,,
13th,Dr. Ehrlich's Magic Bullet,,,,,,,,,,,,,,,,,,,,,,,,,,,,,,,,
13th,"Edison, the Man",,,,,,,,,,,,,,,,,,,,,,,,,,,,,,,,
13th,Eyes of the Navy,,,,,,,,,,,,,,,,,,,,,,,,,,,,,,,,
13th,Irene,,,,,,,,,,,,,,,,,,,,,,,,,,,,,,,,
13th,Lillian Russell,,,,,,,,,,,,,,,,,,,,,,,,,,,,,,,,
13th,London Can Take It!,,,,,,,,,,,,,,,,,,,,,,,,,,,,,,,,
13th,More About Nostradamus,,,,,,,,,,,,,,,,,,,,,,,,,,,,,,,,
13th,Music in My Heart,,,,,,,,,,,,,,,,,,,,,,,,,,,,,,,,
13th,"My Son, My Son!",,,,,,,,,,,,,,,,,,,,,,,,,,,,,,,,
13th,Northwest Passage,,,,,,,,,,,,,,,,,,,,,,,,,,,,,,,,
13th,Primrose Path,,,,,,,,,,,,,,,,,,,,,,,,,,,,,,,,
13th,Puss Gets the Boot,,,,,,,,,,,,,,,,,,,,,,,,,,,,,,,,
13th,Rhythm on the River,,,,,,,,,,,,,,,,,,,,,,,,,,,,,,,,
13th,Service with the Colors,,,,,,,,,,,,,,,,,,,,,,,,,,,,,,,,
13th,Siege,,,,,,,,,,,,,,,,,,,,,,,,,,,,,,,,
13th,Swiss Family Robinson,,,,,,,,,,,,,,,,,,,,,,,,,,,,,,,,
13th,The Fight for Life,,,,,,,,,,,,,,,,,,,,,,,,,,,,,,,,
13th,The House of the Seven Gables,,,,,,,,,,,,,,,,,,,,,,,,,,,,,,,,
13th,The Invisible Man Returns,,,,,,,,,,,,,,,,,,,,,,,,,,,,,,,,
13th,The Mark of Zorro,,,,,,,,,,,,,,,,,,,,,,,,,,,,,,,,
13th,They Knew What They Wanted,,,,,,,,,,,,,,,,,,,,,,,,,,,,,,,,
13th,Too Many Husbands,,,,,,,,,,,,,,,,,,,,,,,,,,,,,,,,
13th,Typhoon,,,,,,,,,,,,,,,,,,,,,,,,,,,,,,,,
13th,Women in War,,,,,,,,,,,,,,,,,,,,,,,,,,,,,,,,
13th,You'll Find Out,,,,,,,,,,,,,,,,,,,,,,,,,,,,,,,,
14th,How Green Was My Valley,,,,,,,,,,,,,,,,,,,,,,,,,,,,,,,,
14th,Sergeant York,,,,,,,,,,,,,,,,,,,,,,,,,,,,,,,,
14th,Here Comes Mr. Jordan,,,,,,,,,,,,,,,,,,,,,,,,,,,,,,,,
14th,Citizen Kane,,,,,,,,,,,,,,,,,,,,,,,,,,,,,,,,
14th,Blossoms in the Dust,,,,,,,,,,,,,,,,,,,,,,,,,,,,,,,,
14th,That Hamilton Woman,,,,,,,,,,,,,,,,,,,,,,,,,,,,,,,,
14th,Suspicion,,,,,,,,,,,,,,,,,,,,,,,,,,,,,,,,
14th,All That Money Can Buy,,,,,,,,,,,,,,,,,,,,,,,,,,,,,,,,
14th,Blood and Sand,,,,,,,,,,,,,,,,,,,,,,,,,,,,,,,,
14th,Dumbo,,,,,,,,,,,,,,,,,,,,,,,,,,,,,,,,
14th,Churchill's Island,,,,,,,,,,,,,,,,,,,,,,,,,,,,,,,,
14th,I Wanted Wings,,,,,,,,,,,,,,,,,,,,,,,,,,,,,,,,
14th,Lady Be Good,,,,,,,,,,,,,,,,,,,,,,,,,,,,,,,,
14th,Lend a Paw,,,,,,,,,,,,,,,,,,,,,,,,,,,,,,,,
14th,Main Street on the March!,,,,,,,,,,,,,,,,,,,,,,,,,,,,,,,,
14th,Of Pups and Puzzles,,,,,,,,,,,,,,,,,,,,,,,,,,,,,,,,
14th,The Great Lie,,,,,,,,,,,,,,,,,,,,,,,,,,,,,,,,
14th,The Little Foxes,,,,,,,,,,,,,,,,,,,,,,,,,,,,,,,,
14th,Hold Back the Dawn,,,,,,,,,,,,,,,,,,,,,,,,,,,,,,,,
14th,Ball of Fire,,,,,,,,,,,,,,,,,,,,,,,,,,,,,,,,
14th,Dr. Jekyll and Mr. Hyde,,,,,,,,,,,,,,,,,,,,,,,,,,,,,,,,
14th,Sun Valley Serenade,,,,,,,,,,,,,,,,,,,,,,,,,,,,,,,,
14th,Sundown,,,,,,,,,,,,,,,,,,,,,,,,,,,,,,,,
14th,The Chocolate Soldier,,,,,,,,,,,,,,,,,,,,,,,,,,,,,,,,
14th,The Maltese Falcon,,,,,,,,,,,,,,,,,,,,,,,,,,,,,,,,
14th,All-American Co-Ed,,,,,,,,,,,,,,,,,,,,,,,,,,,,,,,,
14th,Aloma of the South Seas,,,,,,,,,,,,,,,,,,,,,,,,,,,,,,,,
14th,Buck Privates,,,,,,,,,,,,,,,,,,,,,,,,,,,,,,,,
14th,Dive Bomber,,,,,,,,,,,,,,,,,,,,,,,,,,,,,,,,
14th,Ladies in Retirement,,,,,,,,,,,,,,,,,,,,,,,,,,,,,,,,
14th,Louisiana Purchase,,,,,,,,,,,,,,,,,,,,,,,,,,,,,,,,
14th,The Devil and Miss Jones,,,,,,,,,,,,,,,,,,,,,,,,,,,,,,,,
14th,Topper Returns,,,,,,,,,,,,,,,,,,,,,,,,,,,,,,,,
14th,You'll Never Get Rich,,,,,,,,,,,,,,,,,,,,,,,,,,,,,,,,
14th,A Letter from Home,,,,,,,,,,,,,,,,,,,,,,,,,,,,,,,,
14th,A Place to Live,,,,,,,,,,,,,,,,,,,,,,,,,,,,,,,,
14th,A Yank in the R.A.F.,,,,,,,,,,,,,,,,,,,,,,,,,,,,,,,,
14th,Adventure in the Bronx,,,,,,,,,,,,,,,,,,,,,,,,,,,,,,,,
14th,Alive in the Deep,,,,,,,,,,,,,,,,,,,,,,,,,,,,,,,,
14th,Appointment for Love,,,,,,,,,,,,,,,,,,,,,,,,,,,,,,,,
14th,Army Champions,,,,,,,,,,,,,,,,,,,,,,,,,,,,,,,,
14th,Back Street,,,,,,,,,,,,,,,,,,,,,,,,,,,,,,,,
14th,Beauty and the Beach,,,,,,,,,,,,,,,,,,,,,,,,,,,,,,,,
14th,Billy the Kid,,,,,,,,,,,,,,,,,,,,,,,,,,,,,,,,
14th,Birth of the Blues,,,,,,,,,,,,,,,,,,,,,,,,,,,,,,,,
14th,Blues in the Night,,,,,,,,,,,,,,,,,,,,,,,,,,,,,,,,
14th,Bomber: A Defense Report on Film,,,,,,,,,,,,,,,,,,,,,,,,,,,,,,,,
14th,Boogie Woogie Bugle Boy of Company B,,,,,,,,,,,,,,,,,,,,,,,,,,,,,,,,
14th,Cheers for Miss Bishop,,,,,,,,,,,,,,,,,,,,,,,,,,,,,,,,
14th,Christmas Under Fire,,,,,,,,,,,,,,,,,,,,,,,,,,,,,,,,
14th,Down on the Farm,,,,,,,,,,,,,,,,,,,,,,,,,,,,,,,,
14th,Flight Command,,,,,,,,,,,,,,,,,,,,,,,,,,,,,,,,
14th,Forbidden Passage,,,,,,,,,,,,,,,,,,,,,,,,,,,,,,,,
14th,Forty Boys and a Song,,,,,,,,,,,,,,,,,,,,,,,,,,,,,,,,
14th,Hiawatha's Rabbit Hunt,,,,,,,,,,,,,,,,,,,,,,,,,,,,,,,,
14th,How War Came,,,,,,,,,,,,,,,,,,,,,,,,,,,,,,,,
14th,Ice-Capades,,,,,,,,,,,,,,,,,,,,,,,,,,,,,,,,
14th,King of the Zombies,,,,,,,,,,,,,,,,,,,,,,,,,,,,,,,,
14th,Kings of the Turf,,,,,,,,,,,,,,,,,,,,,,,,,,,,,,,,
14th,Las Vegas Nights,,,,,,,,,,,,,,,,,,,,,,,,,,,,,,,,
14th,Life of a Thoroughbred,,,,,,,,,,,,,,,,,,,,,,,,,,,,,,,,
14th,Lydia,,,,,,,,,,,,,,,,,,,,,,,,,,,,,,,,
14th,Meet John Doe,,,,,,,,,,,,,,,,,,,,,,,,,,,,,,,,
14th,Mercy Island,,,,,,,,,,,,,,,,,,,,,,,,,,,,,,,,
14th,Night Train to Munich,,,,,,,,,,,,,,,,,,,,,,,,,,,,,,,,
14th,Norway in Revolt,,,,,,,,,,,,,,,,,,,,,,,,,,,,,,,,
14th,One Foot in Heaven,,,,,,,,,,,,,,,,,,,,,,,,,,,,,,,,
14th,Penny Serenade,,,,,,,,,,,,,,,,,,,,,,,,,,,,,,,,
14th,Rhapsody in Rivets,,,,,,,,,,,,,,,,,,,,,,,,,,,,,,,,
14th,Rhythm in the Ranks,,,,,,,,,,,,,,,,,,,,,,,,,,,,,,,,
14th,Ridin' on a Rainbow,,,,,,,,,,,,,,,,,,,,,,,,,,,,,,,,
14th,Russian Soil,,,,,,,,,,,,,,,,,,,,,,,,,,,,,,,,
14th,Sagebrush and Silver,,,,,,,,,,,,,,,,,,,,,,,,,,,,,,,,
14th,Sis Hopkins,,,,,,,,,,,,,,,,,,,,,,,,,,,,,,,,
14th,Skylark,,,,,,,,,,,,,,,,,,,,,,,,,,,,,,,,
14th,So Ends Our Night,,,,,,,,,,,,,,,,,,,,,,,,,,,,,,,,
14th,Soldiers of the Sky,,,,,,,,,,,,,,,,,,,,,,,,,,,,,,,,
14th,Sunny,,,,,,,,,,,,,,,,,,,,,,,,,,,,,,,,
14th,Superman,,,,,,,,,,,,,,,,,,,,,,,,,,,,,,,,
14th,"Tall, Dark and Handsome",,,,,,,,,,,,,,,,,,,,,,,,,,,,,,,,
14th,Tanks a Million,,,,,,,,,,,,,,,,,,,,,,,,,,,,,,,,
14th,That Uncertain Feeling,,,,,,,,,,,,,,,,,,,,,,,,,,,,,,,,
14th,The Devil Pays Off,,,,,,,,,,,,,,,,,,,,,,,,,,,,,,,,
14th,The Flame of New Orleans,,,,,,,,,,,,,,,,,,,,,,,,,,,,,,,,
14th,The Gay Parisian,,,,,,,,,,,,,,,,,,,,,,,,,,,,,,,,
14th,The Invisible Woman,,,,,,,,,,,,,,,,,,,,,,,,,,,,,,,,
14th,The Lady Eve,,,,,,,,,,,,,,,,,,,,,,,,,,,,,,,,
14th,The Men in Her Life,,,,,,,,,,,,,,,,,,,,,,,,,,,,,,,,
14th,The Night Before Christmas,,,,,,,,,,,,,,,,,,,,,,,,,,,,,,,,
14th,The Rookie Bear,,,,,,,,,,,,,,,,,,,,,,,,,,,,,,,,
14th,The Sea Wolf,,,,,,,,,,,,,,,,,,,,,,,,,,,,,,,,
14th,The Son of Monte Cristo,,,,,,,,,,,,,,,,,,,,,,,,,,,,,,,,
14th,The Strawberry Blonde,,,,,,,,,,,,,,,,,,,,,,,,,,,,,,,,
14th,The Tanks Are Coming,,,,,,,,,,,,,,,,,,,,,,,,,,,,,,,,
14th,This Woman Is Mine,,,,,,,,,,,,,,,,,,,,,,,,,,,,,,,,
14th,"Tom, Dick and Harry",,,,,,,,,,,,,,,,,,,,,,,,,,,,,,,,
14th,Truant Officer Donald,,,,,,,,,,,,,,,,,,,,,,,,,,,,,,,,
14th,War Clouds in the Pacific,,,,,,,,,,,,,,,,,,,,,,,,,,,,,,,,
14th,When Ladies Meet,,,,,,,,,,,,,,,,,,,,,,,,,,,,,,,,
14th,Fantasia,,,,,,,,,,,,,,,,,,,,,,,,,,,,,,,,
14th,Kukan,,,,,,,,,,,,,,,,,,,,,,,,,,,,,,,,
14th,Target for Tonight,,,,,,,,,,,,,,,,,,,,,,,,,,,,,,,,
15th,Mrs. Miniver,,,,,,,,,,,,,,,,,,,,,,,,,,,,,,,,
15th,Yankee Doodle Dandy,,,,,,,,,,,,,,,,,,,,,,,,,,,,,,,,
15th,The Pride of the Yankees,,,,,,,,,,,,,,,,,,,,,,,,,,,,,,,,
15th,This Above All,,,,,,,,,,,,,,,,,,,,,,,,,,,,,,,,
15th,49th Parallel,,,,,,,,,,,,,,,,,,,,,,,,,,,,,,,,
15th,Holiday Inn,,,,,,,,,,,,,,,,,,,,,,,,,,,,,,,,
15th,"Now, Voyager",,,,,,,,,,,,,,,,,,,,,,,,,,,,,,,,
15th,Reap the Wild Wind,,,,,,,,,,,,,,,,,,,,,,,,,,,,,,,,
15th,The Black Swan,,,,,,,,,,,,,,,,,,,,,,,,,,,,,,,,
15th,My Gal Sal,,,,,,,,,,,,,,,,,,,,,,,,,,,,,,,,
15th,Woman of the Year,,,,,,,,,,,,,,,,,,,,,,,,,,,,,,,,
15th,Beyond the Line of Duty,,,,,,,,,,,,,,,,,,,,,,,,,,,,,,,,
15th,Der Fuehrer's Face,,,,,,,,,,,,,,,,,,,,,,,,,,,,,,,,
15th,Johnny Eager,,,,,,,,,,,,,,,,,,,,,,,,,,,,,,,,
15th,Kokoda Front Line!,,,,,,,,,,,,,,,,,,,,,,,,,,,,,,,,
15th,Moscow Strikes Back,,,,,,,,,,,,,,,,,,,,,,,,,,,,,,,,
15th,Prelude to War,,,,,,,,,,,,,,,,,,,,,,,,,,,,,,,,
15th,Speaking of Animals and Their Families,,,,,,,,,,,,,,,,,,,,,,,,,,,,,,,,
15th,The Battle of Midway,,,,,,,,,,,,,,,,,,,,,,,,,,,,,,,,
15th,Random Harvest,,,,,,,,,,,,,,,,,,,,,,,,,,,,,,,,
15th,The Talk of the Town,,,,,,,,,,,,,,,,,,,,,,,,,,,,,,,,
15th,Arabian Nights,,,,,,,,,,,,,,,,,,,,,,,,,,,,,,,,
15th,Jungle Book,,,,,,,,,,,,,,,,,,,,,,,,,,,,,,,,
15th,The Magnificent Ambersons,,,,,,,,,,,,,,,,,,,,,,,,,,,,,,,,
15th,Wake Island,,,,,,,,,,,,,,,,,,,,,,,,,,,,,,,,
15th,Bambi,,,,,,,,,,,,,,,,,,,,,,,,,,,,,,,,
15th,Flying Tigers,,,,,,,,,,,,,,,,,,,,,,,,,,,,,,,,
15th,Kings Row,,,,,,,,,,,,,,,,,,,,,,,,,,,,,,,,
15th,"Take a Letter, Darling",,,,,,,,,,,,,,,,,,,,,,,,,,,,,,,,
15th,The Pied Piper,,,,,,,,,,,,,,,,,,,,,,,,,,,,,,,,
15th,You Were Never Lovelier,,,,,,,,,,,,,,,,,,,,,,,,,,,,,,,,
15th,Captains of the Clouds,,,,,,,,,,,,,,,,,,,,,,,,,,,,,,,,
15th,Flying with Music,,,,,,,,,,,,,,,,,,,,,,,,,,,,,,,,
15th,One of Our Aircraft Is Missing,,,,,,,,,,,,,,,,,,,,,,,,,,,,,,,,
15th,Road to Morocco,,,,,,,,,,,,,,,,,,,,,,,,,,,,,,,,
15th,Silver Queen,,,,,,,,,,,,,,,,,,,,,,,,,,,,,,,,
15th,The Gold Rush,,,,,,,,,,,,,,,,,,,,,,,,,,,,,,,,
15th,The Shanghai Gesture,,,,,,,,,,,,,,,,,,,,,,,,,,,,,,,,
15th,A Ship Is Born,,,,,,,,,,,,,,,,,,,,,,,,,,,,,,,,
15th,"Africa, Prelude to Victory",,,,,,,,,,,,,,,,,,,,,,,,,,,,,,,,
15th,All Out for V,,,,,,,,,,,,,,,,,,,,,,,,,,,,,,,,
15th,Always in My Heart,,,,,,,,,,,,,,,,,,,,,,,,,,,,,,,,
15th,Babes on Broadway,,,,,,,,,,,,,,,,,,,,,,,,,,,,,,,,
15th,Blitz Wolf,,,,,,,,,,,,,,,,,,,,,,,,,,,,,,,,
15th,Combat Report,,,,,,,,,,,,,,,,,,,,,,,,,,,,,,,,
15th,Conquer by the Clock,,,,,,,,,,,,,,,,,,,,,,,,,,,,,,,,
15th,Desert Wonderland,,,,,,,,,,,,,,,,,,,,,,,,,,,,,,,,
15th,Desperate Journey,,,,,,,,,,,,,,,,,,,,,,,,,,,,,,,,
15th,Don't Talk,,,,,,,,,,,,,,,,,,,,,,,,,,,,,,,,
15th,For Me and My Gal,,,,,,,,,,,,,,,,,,,,,,,,,,,,,,,,
15th,Friendly Enemies,,,,,,,,,,,,,,,,,,,,,,,,,,,,,,,,
15th,George Washington Slept Here,,,,,,,,,,,,,,,,,,,,,,,,,,,,,,,,
15th,Hellzapoppin',,,,,,,,,,,,,,,,,,,,,,,,,,,,,,,,
15th,"Henry Browne, Farmer",,,,,,,,,,,,,,,,,,,,,,,,,,,,,,,,
15th,High Over the Borders,,,,,,,,,,,,,,,,,,,,,,,,,,,,,,,,
15th,High Stakes in the East,,,,,,,,,,,,,,,,,,,,,,,,,,,,,,,,
15th,I Married a Witch,,,,,,,,,,,,,,,,,,,,,,,,,,,,,,,,
15th / 16th,In Which We Serve,,,,,,,,,,,,,,,,,,,,,,,,,,,,,,,,
15th,Inside Fighting China,,,,,,,,,,,,,,,,,,,,,,,,,,,,,,,,
15th,Invisible Agent,,,,,,,,,,,,,,,,,,,,,,,,,,,,,,,,
15th,It Started with Eve,,,,,,,,,,,,,,,,,,,,,,,,,,,,,,,,
15th,It's Everybody's War,,,,,,,,,,,,,,,,,,,,,,,,,,,,,,,,
15th,Joan of Paris,,,,,,,,,,,,,,,,,,,,,,,,,,,,,,,,
15th,Johnny Doughboy,,,,,,,,,,,,,,,,,,,,,,,,,,,,,,,,
15th,Juke Box Jamboree,,,,,,,,,,,,,,,,,,,,,,,,,,,,,,,,
15th,Klondike Fury,,,,,,,,,,,,,,,,,,,,,,,,,,,,,,,,
15th,Listen to Britain,,,,,,,,,,,,,,,,,,,,,,,,,,,,,,,,
15th,Little Belgium,,,,,,,,,,,,,,,,,,,,,,,,,,,,,,,,
15th,Little Isles of Freedom,,,,,,,,,,,,,,,,,,,,,,,,,,,,,,,,
15th,Marines in the Making,,,,,,,,,,,,,,,,,,,,,,,,,,,,,,,,
15th,Moontide,,,,,,,,,,,,,,,,,,,,,,,,,,,,,,,,
15th,Mr. Blabbermouth!,,,,,,,,,,,,,,,,,,,,,,,,,,,,,,,,
15th,Mr. Gardenia Jones,,,,,,,,,,,,,,,,,,,,,,,,,,,,,,,,
15th,My Sister Eileen,,,,,,,,,,,,,,,,,,,,,,,,,,,,,,,,
15th,Once Upon a Honeymoon,,,,,,,,,,,,,,,,,,,,,,,,,,,,,,,,
15th,Orchestra Wives,,,,,,,,,,,,,,,,,,,,,,,,,,,,,,,,
15th,Pigs in a Polka,,,,,,,,,,,,,,,,,,,,,,,,,,,,,,,,
15th,Private Smith of the U.S.A.,,,,,,,,,,,,,,,,,,,,,,,,,,,,,,,,
15th,Ten Gentlemen from West Point,,,,,,,,,,,,,,,,,,,,,,,,,,,,,,,,
15th,The Corsican Brothers,,,,,,,,,,,,,,,,,,,,,,,,,,,,,,,,
15th,The Grain That Built a Hemisphere,,,,,,,,,,,,,,,,,,,,,,,,,,,,,,,,
15th,The Mayor of 44th Street,,,,,,,,,,,,,,,,,,,,,,,,,,,,,,,,
15th,The Navy Comes Through,,,,,,,,,,,,,,,,,,,,,,,,,,,,,,,,
15th,The New Spirit,,,,,,,,,,,,,,,,,,,,,,,,,,,,,,,,
15th,The Price of Victory,,,,,,,,,,,,,,,,,,,,,,,,,,,,,,,,
15th,The Spoilers,,,,,,,,,,,,,,,,,,,,,,,,,,,,,,,,
15th,The War Against Mrs. Hadley,,,,,,,,,,,,,,,,,,,,,,,,,,,,,,,,
15th,To Be or Not to Be,,,,,,,,,,,,,,,,,,,,,,,,,,,,,,,,
15th,To the Shores of Tripoli,,,,,,,,,,,,,,,,,,,,,,,,,,,,,,,,
15th,Tortilla Flat,,,,,,,,,,,,,,,,,,,,,,,,,,,,,,,,
15th,Tulips Shall Grow,,,,,,,,,,,,,,,,,,,,,,,,,,,,,,,,
15th,Twenty-One Miles,,,,,,,,,,,,,,,,,,,,,,,,,,,,,,,,
15th,United States Marine Band,,,,,,,,,,,,,,,,,,,,,,,,,,,,,,,,
15th,We Refuse to Die,,,,,,,,,,,,,,,,,,,,,,,,,,,,,,,,
15th,The White Eagle,,,,,,,,,,,,,,,,,,,,,,,,,,,,,,,,
15th,Winning Your Wings,,,,,,,,,,,,,,,,,,,,,,,,,,,,,,,,
15th,Youth on Parade,,,,,,,,,,,,,,,,,,,,,,,,,,,,,,,,
16th,Casablanca,,,,,,,,,,,,,,,,,,,,,,,,,,,,,,,,
16th,The Song of Bernadette,,,,,,,,,,,,,,,,,,,,,,,,,,,,,,,,
16th,Phantom of the Opera,,,,,,,,,,,,,,,,,,,,,,,,,,,,,,,,
16th,For Whom the Bell Tolls,,,,,,,,,,,,,,,,,,,,,,,,,,,,,,,,
16th,The More the Merrier,,,,,,,,,,,,,,,,,,,,,,,,,,,,,,,,
16th,The Human Comedy,,,,,,,,,,,,,,,,,,,,,,,,,,,,,,,,
16th,Air Force,,,,,,,,,,,,,,,,,,,,,,,,,,,,,,,,
16th,Watch on the Rhine,,,,,,,,,,,,,,,,,,,,,,,,,,,,,,,,
16th,This Is the Army,,,,,,,,,,,,,,,,,,,,,,,,,,,,,,,,
16th,"Hello, Frisco, Hello",,,,,,,,,,,,,,,,,,,,,,,,,,,,,,,,
16th,Amphibious Fighters,,,,,,,,,,,,,,,,,,,,,,,,,,,,,,,,
16th,Crash Dive,,,,,,,,,,,,,,,,,,,,,,,,,,,,,,,,
16th,December 7th,,,,,,,,,,,,,,,,,,,,,,,,,,,,,,,,
16th,Desert Victory,,,,,,,,,,,,,,,,,,,,,,,,,,,,,,,,
16th,Heavenly Music,,,,,,,,,,,,,,,,,,,,,,,,,,,,,,,,
16th,Princess O'Rourke,,,,,,,,,,,,,,,,,,,,,,,,,,,,,,,,
16th,The Yankee Doodle Mouse,,,,,,,,,,,,,,,,,,,,,,,,,,,,,,,,
16th,This Land Is Mine,,,,,,,,,,,,,,,,,,,,,,,,,,,,,,,,
16th,Madame Curie,,,,,,,,,,,,,,,,,,,,,,,,,,,,,,,,
16th,The North Star,,,,,,,,,,,,,,,,,,,,,,,,,,,,,,,,
16th,So Proudly We Hail!,,,,,,,,,,,,,,,,,,,,,,,,,,,,,,,,
16th,Five Graves to Cairo,,,,,,,,,,,,,,,,,,,,,,,,,,,,,,,,
16th,Heaven Can Wait,,,,,,,,,,,,,,,,,,,,,,,,,,,,,,,,
16th,Sahara,,,,,,,,,,,,,,,,,,,,,,,,,,,,,,,,
16th,Saludos Amigos,,,,,,,,,,,,,,,,,,,,,,,,,,,,,,,,
16th,Thousands Cheer,,,,,,,,,,,,,,,,,,,,,,,,,,,,,,,,
16th,Hangmen Also Die!,,,,,,,,,,,,,,,,,,,,,,,,,,,,,,,,
16th,Hit Parade of 1943,,,,,,,,,,,,,,,,,,,,,,,,,,,,,,,,
16th,In Old Oklahoma,,,,,,,,,,,,,,,,,,,,,,,,,,,,,,,,
16th,Something to Shout About,,,,,,,,,,,,,,,,,,,,,,,,,,,,,,,,
16th,Stage Door Canteen,,,,,,,,,,,,,,,,,,,,,,,,,,,,,,,,
16th,Star Spangled Rhythm,,,,,,,,,,,,,,,,,,,,,,,,,,,,,,,,
16th,The Sky's the Limit,,,,,,,,,,,,,,,,,,,,,,,,,,,,,,,,
16th,Action in the North Atlantic,,,,,,,,,,,,,,,,,,,,,,,,,,,,,,,,
16th,Baptism of Fire,,,,,,,,,,,,,,,,,,,,,,,,,,,,,,,,
16th,Bombardier,,,,,,,,,,,,,,,,,,,,,,,,,,,,,,,,
16th,Cabin in the Sky,,,,,,,,,,,,,,,,,,,,,,,,,,,,,,,,
16th,Cavalcade of Dance,,,,,,,,,,,,,,,,,,,,,,,,,,,,,,,,
16th,Champions Carry On,,,,,,,,,,,,,,,,,,,,,,,,,,,,,,,,
16th,Children of Mars,,,,,,,,,,,,,,,,,,,,,,,,,,,,,,,,
16th,Commandos Strike at Dawn,,,,,,,,,,,,,,,,,,,,,,,,,,,,,,,,
16th,Coney Island,,,,,,,,,,,,,,,,,,,,,,,,,,,,,,,,
16th,Corvette K-225,,,,,,,,,,,,,,,,,,,,,,,,,,,,,,,,
16th,Destination Tokyo,,,,,,,,,,,,,,,,,,,,,,,,,,,,,,,,
16th,Flight for Freedom,,,,,,,,,,,,,,,,,,,,,,,,,,,,,,,,
16th,Greetings Bait,,,,,,,,,,,,,,,,,,,,,,,,,,,,,,,,
16th,Hers to Hold,,,,,,,,,,,,,,,,,,,,,,,,,,,,,,,,
16th,Hi Diddle Diddle,,,,,,,,,,,,,,,,,,,,,,,,,,,,,,,,
16th,Hollywood in Uniform,,,,,,,,,,,,,,,,,,,,,,,,,,,,,,,,
16th,Holy Matrimony,,,,,,,,,,,,,,,,,,,,,,,,,,,,,,,,
16th,Imagination,,,,,,,,,,,,,,,,,,,,,,,,,,,,,,,,
16th,Johnny Come Lately,,,,,,,,,,,,,,,,,,,,,,,,,,,,,,,,
16th,Lady of Burlesque,,,,,,,,,,,,,,,,,,,,,,,,,,,,,,,,
16th,Lassie Come Home,,,,,,,,,,,,,,,,,,,,,,,,,,,,,,,,
16th,Letter to a Hero,,,,,,,,,,,,,,,,,,,,,,,,,,,,,,,,
16th,Mardi Gras,,,,,,,,,,,,,,,,,,,,,,,,,,,,,,,,
16th,Mission to Moscow,,,,,,,,,,,,,,,,,,,,,,,,,,,,,,,,
16th,Plan for Destruction,,,,,,,,,,,,,,,,,,,,,,,,,,,,,,,,
16th,Reason and Emotion,,,,,,,,,,,,,,,,,,,,,,,,,,,,,,,,
16th,Report from the Aleutians,,,,,,,,,,,,,,,,,,,,,,,,,,,,,,,,
16th,Riding High,,,,,,,,,,,,,,,,,,,,,,,,,,,,,,,,
16th,Seeing Hands,,,,,,,,,,,,,,,,,,,,,,,,,,,,,,,,
16th,Shadow of a Doubt,,,,,,,,,,,,,,,,,,,,,,,,,,,,,,,,
16th,So This Is Washington,,,,,,,,,,,,,,,,,,,,,,,,,,,,,,,,
16th,Stand By for Action,,,,,,,,,,,,,,,,,,,,,,,,,,,,,,,,
16th,Swedes in America,,,,,,,,,,,,,,,,,,,,,,,,,,,,,,,,
16th,Thank Your Lucky Stars,,,,,,,,,,,,,,,,,,,,,,,,,,,,,,,,
16th,The 500 Hats of Bartholomew Cubbins,,,,,,,,,,,,,,,,,,,,,,,,,,,,,,,,
16th,The Amazing Mrs. Holliday,,,,,,,,,,,,,,,,,,,,,,,,,,,,,,,,
16th,The Battle of Russia,,,,,,,,,,,,,,,,,,,,,,,,,,,,,,,,
16th,The Constant Nymph,,,,,,,,,,,,,,,,,,,,,,,,,,,,,,,,
16th,The Dizzy Acrobat,,,,,,,,,,,,,,,,,,,,,,,,,,,,,,,,
16th,The Fallen Sparrow,,,,,,,,,,,,,,,,,,,,,,,,,,,,,,,,
16th,The Gang's All Here,,,,,,,,,,,,,,,,,,,,,,,,,,,,,,,,
16th,The Kansan,,,,,,,,,,,,,,,,,,,,,,,,,,,,,,,,
16th,The Moon and Sixpence,,,,,,,,,,,,,,,,,,,,,,,,,,,,,,,,
16th,The Ox-Bow Incident,,,,,,,,,,,,,,,,,,,,,,,,,,,,,,,,
16th,To the People of the United States,,,,,,,,,,,,,,,,,,,,,,,,,,,,,,,,
16th,Tomorrow We Fly,,,,,,,,,,,,,,,,,,,,,,,,,,,,,,,,
16th,Victory Through Air Power,,,,,,,,,,,,,,,,,,,,,,,,,,,,,,,,
16th,War Department Report,,,,,,,,,,,,,,,,,,,,,,,,,,,,,,,,
16th,Women at War,,,,,,,,,,,,,,,,,,,,,,,,,,,,,,,,
16th,Youth in Crisis,,,,,,,,,,,,,,,,,,,,,,,,,,,,,,,,
17th,Going My Way,,,,,,,,,,,,,,,,,,,,,,,,,,,,,,,,
17th,Wilson,,,,,,,,,,,,,,,,,,,,,,,,,,,,,,,,
17th,Gaslight,,,,,,,,,,,,,,,,,,,,,,,,,,,,,,,,
17th,Since You Went Away,,,,,,,,,,,,,,,,,,,,,,,,,,,,,,,,
17th,Cover Girl,,,,,,,,,,,,,,,,,,,,,,,,,,,,,,,,
17th,Laura,,,,,,,,,,,,,,,,,,,,,,,,,,,,,,,,
17th,None but the Lonely Heart,,,,,,,,,,,,,,,,,,,,,,,,,,,,,,,,
17th,Thirty Seconds Over Tokyo,,,,,,,,,,,,,,,,,,,,,,,,,,,,,,,,
17th,I Won't Play,,,,,,,,,,,,,,,,,,,,,,,,,,,,,,,,
17th,Mouse Trouble,,,,,,,,,,,,,,,,,,,,,,,,,,,,,,,,
17th,The Fighting Lady,,,,,,,,,,,,,,,,,,,,,,,,,,,,,,,,
17th,Who's Who in Animal Land,,,,,,,,,,,,,,,,,,,,,,,,,,,,,,,,
17th,With the Marines at Tarawa,,,,,,,,,,,,,,,,,,,,,,,,,,,,,,,,
17th,Double Indemnity,,,,,,,,,,,,,,,,,,,,,,,,,,,,,,,,
17th,Kismet,,,,,,,,,,,,,,,,,,,,,,,,,,,,,,,,
17th,Meet Me in St. Louis,,,,,,,,,,,,,,,,,,,,,,,,,,,,,,,,
17th,Brazil,,,,,,,,,,,,,,,,,,,,,,,,,,,,,,,,
17th,Casanova Brown,,,,,,,,,,,,,,,,,,,,,,,,,,,,,,,,
17th,Hollywood Canteen,,,,,,,,,,,,,,,,,,,,,,,,,,,,,,,,
17th,Lady in the Dark,,,,,,,,,,,,,,,,,,,,,,,,,,,,,,,,
17th,Lifeboat,,,,,,,,,,,,,,,,,,,,,,,,,,,,,,,,
17th,Song of the Open Road,,,,,,,,,,,,,,,,,,,,,,,,,,,,,,,,
17th,The Adventures of Mark Twain,,,,,,,,,,,,,,,,,,,,,,,,,,,,,,,,
17th,Address Unknown,,,,,,,,,,,,,,,,,,,,,,,,,,,,,,,,
17th,Dragon Seed,,,,,,,,,,,,,,,,,,,,,,,,,,,,,,,,
17th,Higher and Higher,,,,,,,,,,,,,,,,,,,,,,,,,,,,,,,,
17th,It Happened Tomorrow,,,,,,,,,,,,,,,,,,,,,,,,,,,,,,,,
17th,"Lady, Let's Dance",,,,,,,,,,,,,,,,,,,,,,,,,,,,,,,,
17th,Minstrel Man,,,,,,,,,,,,,,,,,,,,,,,,,,,,,,,,
17th,Mr. Skeffington,,,,,,,,,,,,,,,,,,,,,,,,,,,,,,,,
17th,Mrs. Parkington,,,,,,,,,,,,,,,,,,,,,,,,,,,,,,,,
17th,The Princess and the Pirate,,,,,,,,,,,,,,,,,,,,,,,,,,,,,,,,
17th,Up in Arms,,,,,,,,,,,,,,,,,,,,,,,,,,,,,,,,
17th,Voice in the Wind,,,,,,,,,,,,,,,,,,,,,,,,,,,,,,,,
17th,A Guy Named Joe,,,,,,,,,,,,,,,,,,,,,,,,,,,,,,,,
17th,And to Think I Saw It on Mulberry Street,,,,,,,,,,,,,,,,,,,,,,,,,,,,,,,,
17th,Blue Grass Gentlemen,,,,,,,,,,,,,,,,,,,,,,,,,,,,,,,,
17th,Bombalera,,,,,,,,,,,,,,,,,,,,,,,,,,,,,,,,
17th,Christmas Holiday,,,,,,,,,,,,,,,,,,,,,,,,,,,,,,,,
17th,Days of Glory,,,,,,,,,,,,,,,,,,,,,,,,,,,,,,,,
17th,"Dog, Cat and Canary",,,,,,,,,,,,,,,,,,,,,,,,,,,,,,,,
17th,Fish Fry,,,,,,,,,,,,,,,,,,,,,,,,,,,,,,,,
17th,Follow the Boys,,,,,,,,,,,,,,,,,,,,,,,,,,,,,,,,
17th,Hail the Conquering Hero,,,,,,,,,,,,,,,,,,,,,,,,,,,,,,,,
17th,His Butler's Sister,,,,,,,,,,,,,,,,,,,,,,,,,,,,,,,,
17th,Home in Indiana,,,,,,,,,,,,,,,,,,,,,,,,,,,,,,,,
17th,How to Play Football,,,,,,,,,,,,,,,,,,,,,,,,,,,,,,,,
17th,Hymn of the Nations,,,,,,,,,,,,,,,,,,,,,,,,,,,,,,,,
17th,Irish Eyes Are Smiling,,,,,,,,,,,,,,,,,,,,,,,,,,,,,,,,
17th,Jack London,,,,,,,,,,,,,,,,,,,,,,,,,,,,,,,,
17th,Jammin' the Blues,,,,,,,,,,,,,,,,,,,,,,,,,,,,,,,,
17th,Janie,,,,,,,,,,,,,,,,,,,,,,,,,,,,,,,,
17th,Knickerbocker Holiday,,,,,,,,,,,,,,,,,,,,,,,,,,,,,,,,
17th,Main Street Today,,,,,,,,,,,,,,,,,,,,,,,,,,,,,,,,
17th,Movie Pests,,,,,,,,,,,,,,,,,,,,,,,,,,,,,,,,
17th,Music in Manhattan,,,,,,,,,,,,,,,,,,,,,,,,,,,,,,,,
17th,"My Boy, Johnny",,,,,,,,,,,,,,,,,,,,,,,,,,,,,,,,
17th,New Americans,,,,,,,,,,,,,,,,,,,,,,,,,,,,,,,,
17th,No Time for Love,,,,,,,,,,,,,,,,,,,,,,,,,,,,,,,,
17th,None Shall Escape,,,,,,,,,,,,,,,,,,,,,,,,,,,,,,,,
17th,Resisting Enemy Interrogation,,,,,,,,,,,,,,,,,,,,,,,,,,,,,,,,
17th,Screen Snapshots' 50th Anniversary of Motion Pictures,,,,,,,,,,,,,,,,,,,,,,,,,,,,,,,,
17th,Secret Command,,,,,,,,,,,,,,,,,,,,,,,,,,,,,,,,
17th,Sensations of 1945,,,,,,,,,,,,,,,,,,,,,,,,,,,,,,,,
17th,Step Lively,,,,,,,,,,,,,,,,,,,,,,,,,,,,,,,,
17th,Summer Storm,,,,,,,,,,,,,,,,,,,,,,,,,,,,,,,,
17th,Sweet and Low-Down,,,,,,,,,,,,,,,,,,,,,,,,,,,,,,,,
17th,Swooner Crooner,,,,,,,,,,,,,,,,,,,,,,,,,,,,,,,,
17th,The Bridge of San Luis Rey,,,,,,,,,,,,,,,,,,,,,,,,,,,,,,,,
17th,The Climax,,,,,,,,,,,,,,,,,,,,,,,,,,,,,,,,
17th,The Desert Song,,,,,,,,,,,,,,,,,,,,,,,,,,,,,,,,
17th,The Fighting Seabees,,,,,,,,,,,,,,,,,,,,,,,,,,,,,,,,
17th,The Hairy Ape,,,,,,,,,,,,,,,,,,,,,,,,,,,,,,,,
17th,The Merry Monahans,,,,,,,,,,,,,,,,,,,,,,,,,,,,,,,,
17th,The Miracle of Morgan's Creek,,,,,,,,,,,,,,,,,,,,,,,,,,,,,,,,
17th,The Seventh Cross,,,,,,,,,,,,,,,,,,,,,,,,,,,,,,,,
17th,The Story of Dr. Wassell,,,,,,,,,,,,,,,,,,,,,,,,,,,,,,,,
17th,The Fighting Sullivans,,,,,,,,,,,,,,,,,,,,,,,,,,,,,,,,
17th,The Uninvited,,,,,,,,,,,,,,,,,,,,,,,,,,,,,,,,
17th,The White Cliffs of Dover,,,,,,,,,,,,,,,,,,,,,,,,,,,,,,,,
17th,The Woman of the Town,,,,,,,,,,,,,,,,,,,,,,,,,,,,,,,,
17th,Three Russian Girls,,,,,,,,,,,,,,,,,,,,,,,,,,,,,,,,
17th,Two Girls and a Sailor,,,,,,,,,,,,,,,,,,,,,,,,,,,,,,,,
17th,Up in Mabel's Room,,,,,,,,,,,,,,,,,,,,,,,,,,,,,,,,
17th,"Wing and a Prayer, The Story of Carrier X",,,,,,,,,,,,,,,,,,,,,,,,,,,,,,,,
18th,The Lost Weekend,,,,,,,,,,,,,,,,,,,,,,,,,,,,,,,,
18th,National Velvet,,,,,,,,,,,,,,,,,,,,,,,,,,,,,,,,
18th,The Bells of St. Mary's,,,,,,,,,,,,,,,,,,,,,,,,,,,,,,,,
18th,Mildred Pierce,,,,,,,,,,,,,,,,,,,,,,,,,,,,,,,,
18th,Spellbound,,,,,,,,,,,,,,,,,,,,,,,,,,,,,,,,
18th,Anchors Aweigh,,,,,,,,,,,,,,,,,,,,,,,,,,,,,,,,
18th,Leave Her to Heaven,,,,,,,,,,,,,,,,,,,,,,,,,,,,,,,,
18th,Wonder Man,,,,,,,,,,,,,,,,,,,,,,,,,,,,,,,,
18th,The Picture of Dorian Gray,,,,,,,,,,,,,,,,,,,,,,,,,,,,,,,,
18th,A Tree Grows in Brooklyn,,,,,,,,,,,,,,,,,,,,,,,,,,,,,,,,
18th,State Fair,,,,,,,,,,,,,,,,,,,,,,,,,,,,,,,,
18th,Blood on the Sun,,,,,,,,,,,,,,,,,,,,,,,,,,,,,,,,
18th,Frenchman's Creek,,,,,,,,,,,,,,,,,,,,,,,,,,,,,,,,
18th,Hitler Lives,,,,,,,,,,,,,,,,,,,,,,,,,,,,,,,,
18th,Marie-Louise,,,,,,,,,,,,,,,,,,,,,,,,,,,,,,,,
18th,Quiet Please!,,,,,,,,,,,,,,,,,,,,,,,,,,,,,,,,
18th,Stairway to Light,,,,,,,,,,,,,,,,,,,,,,,,,,,,,,,,
18th,Star in the Night,,,,,,,,,,,,,,,,,,,,,,,,,,,,,,,,
18th,The House on 92nd Street,,,,,,,,,,,,,,,,,,,,,,,,,,,,,,,,
18th,The True Glory,,,,,,,,,,,,,,,,,,,,,,,,,,,,,,,,
18th,A Song to Remember,,,,,,,,,,,,,,,,,,,,,,,,,,,,,,,,
18th,Love Letters,,,,,,,,,,,,,,,,,,,,,,,,,,,,,,,,
18th,The Keys of the Kingdom,,,,,,,,,,,,,,,,,,,,,,,,,,,,,,,,
18th,The Story of G.I. Joe,,,,,,,,,,,,,,,,,,,,,,,,,,,,,,,,
18th,"Objective, Burma!",,,,,,,,,,,,,,,,,,,,,,,,,,,,,,,,
18th,The Southerner,,,,,,,,,,,,,,,,,,,,,,,,,,,,,,,,
18th,A Medal for Benny,,,,,,,,,,,,,,,,,,,,,,,,,,,,,,,,
18th,A Thousand and One Nights,,,,,,,,,,,,,,,,,,,,,,,,,,,,,,,,
18th,Belle of the Yukon,,,,,,,,,,,,,,,,,,,,,,,,,,,,,,,,
18th,Can't Help Singing,,,,,,,,,,,,,,,,,,,,,,,,,,,,,,,,
18th,Flame of Barbary Coast,,,,,,,,,,,,,,,,,,,,,,,,,,,,,,,,
18th,Rhapsody in Blue,,,,,,,,,,,,,,,,,,,,,,,,,,,,,,,,
18th,San Antonio,,,,,,,,,,,,,,,,,,,,,,,,,,,,,,,,
18th,The Corn Is Green,,,,,,,,,,,,,,,,,,,,,,,,,,,,,,,,
18th,The Three Caballeros,,,,,,,,,,,,,,,,,,,,,,,,,,,,,,,,
18th,The Valley of Decision,,,,,,,,,,,,,,,,,,,,,,,,,,,,,,,,
18th,They Were Expendable,,,,,,,,,,,,,,,,,,,,,,,,,,,,,,,,
18th,Tonight and Every Night,,,,,,,,,,,,,,,,,,,,,,,,,,,,,,,,
18th,Why Girls Leave Home,,,,,,,,,,,,,,,,,,,,,,,,,,,,,,,,
18th,A Gun in His Hand,,,,,,,,,,,,,,,,,,,,,,,,,,,,,,,,
18th,Along the Rainbow Trail,,,,,,,,,,,,,,,,,,,,,,,,,,,,,,,,
18th,Brewster's Millions,,,,,,,,,,,,,,,,,,,,,,,,,,,,,,,,
18th,Captain Eddie,,,,,,,,,,,,,,,,,,,,,,,,,,,,,,,,
18th,Captain Kidd,,,,,,,,,,,,,,,,,,,,,,,,,,,,,,,,
18th,Dillinger,,,,,,,,,,,,,,,,,,,,,,,,,,,,,,,,
18th,Donald's Crime,,,,,,,,,,,,,,,,,,,,,,,,,,,,,,,,
18th,Earl Carroll Vanities,,,,,,,,,,,,,,,,,,,,,,,,,,,,,,,,
18th,Experiment Perilous,,,,,,,,,,,,,,,,,,,,,,,,,,,,,,,,
18th,G. I. Honeymoon,,,,,,,,,,,,,,,,,,,,,,,,,,,,,,,,
18th,Guest in the House,,,,,,,,,,,,,,,,,,,,,,,,,,,,,,,,
18th,Guest Wife,,,,,,,,,,,,,,,,,,,,,,,,,,,,,,,,
18th,Here Come the Waves,,,,,,,,,,,,,,,,,,,,,,,,,,,,,,,,
18th,Hitchhike to Happiness,,,,,,,,,,,,,,,,,,,,,,,,,,,,,,,,
18th,Incendiary Blonde,,,,,,,,,,,,,,,,,,,,,,,,,,,,,,,,
18th,Jasper and the Beanstalk,,,,,,,,,,,,,,,,,,,,,,,,,,,,,,,,
18th,Lady on a Train,,,,,,,,,,,,,,,,,,,,,,,,,,,,,,,,
18th,Library of Congress,,,,,,,,,,,,,,,,,,,,,,,,,,,,,,,,
18th,Life with Feathers,,,,,,,,,,,,,,,,,,,,,,,,,,,,,,,,
18th,Mighty Mouse in Gypsy Life,,,,,,,,,,,,,,,,,,,,,,,,,,,,,,,,
18th,Music for Millions,,,,,,,,,,,,,,,,,,,,,,,,,,,,,,,,
18th,Paris Underground,,,,,,,,,,,,,,,,,,,,,,,,,,,,,,,,
18th,Pride of the Marines,,,,,,,,,,,,,,,,,,,,,,,,,,,,,,,,
18th,Rippling Romance,,,,,,,,,,,,,,,,,,,,,,,,,,,,,,,,
18th,Salty O'Rourke,,,,,,,,,,,,,,,,,,,,,,,,,,,,,,,,
18th,Screen Snapshots' 25th Anniversary,,,,,,,,,,,,,,,,,,,,,,,,,,,,,,,,
18th,Sing Your Way Home,,,,,,,,,,,,,,,,,,,,,,,,,,,,,,,,
18th,Story of a Dog,,,,,,,,,,,,,,,,,,,,,,,,,,,,,,,,
18th,Sunbonnet Sue,,,,,,,,,,,,,,,,,,,,,,,,,,,,,,,,
18th,The Affairs of Susan,,,,,,,,,,,,,,,,,,,,,,,,,,,,,,,,
18th,The Enchanted Cottage,,,,,,,,,,,,,,,,,,,,,,,,,,,,,,,,
18th,The Jury Goes Round 'N' Round,,,,,,,,,,,,,,,,,,,,,,,,,,,,,,,,
18th,The Last Bomb,,,,,,,,,,,,,,,,,,,,,,,,,,,,,,,,
18th,The Little Witch,,,,,,,,,,,,,,,,,,,,,,,,,,,,,,,,
18th,The Man Who Walked Alone,,,,,,,,,,,,,,,,,,,,,,,,,,,,,,,,
18th,The Poet and the Peasant,,,,,,,,,,,,,,,,,,,,,,,,,,,,,,,,
18th,The Spanish Main,,,,,,,,,,,,,,,,,,,,,,,,,,,,,,,,
18th,The Unseen,,,,,,,,,,,,,,,,,,,,,,,,,,,,,,,,
18th,The Woman in the Window,,,,,,,,,,,,,,,,,,,,,,,,,,,,,,,,
18th,This Love of Ours,,,,,,,,,,,,,,,,,,,,,,,,,,,,,,,,
18th,Three Is a Family,,,,,,,,,,,,,,,,,,,,,,,,,,,,,,,,
18th,To the Shores of Iwo Jima,,,,,,,,,,,,,,,,,,,,,,,,,,,,,,,,
18th,"What Next, Corporal Hargrove?",,,,,,,,,,,,,,,,,,,,,,,,,,,,,,,,
18th,White Rhapsody,,,,,,,,,,,,,,,,,,,,,,,,,,,,,,,,
18th,Your National Gallery,,,,,,,,,,,,,,,,,,,,,,,,,,,,,,,,
18th,The House I Live In,,,,,,,,,,,,,,,,,,,,,,,,,,,,,,,,
19th,The Best Years of Our Lives,,,,,,,,,,,,,,,,,,,,,,,,,,,,,,,,
19th,The Yearling,,,,,,,,,,,,,,,,,,,,,,,,,,,,,,,,
19th,The Jolson Story,,,,,,,,,,,,,,,,,,,,,,,,,,,,,,,,
19th,Anna and the King of Siam,,,,,,,,,,,,,,,,,,,,,,,,,,,,,,,,
19th,The Razor's Edge,,,,,,,,,,,,,,,,,,,,,,,,,,,,,,,,
19th,The Harvey Girls,,,,,,,,,,,,,,,,,,,,,,,,,,,,,,,,
19th,To Each His Own,,,,,,,,,,,,,,,,,,,,,,,,,,,,,,,,
19th,A Boy and His Dog,,,,,,,,,,,,,,,,,,,,,,,,,,,,,,,,
19th,Blithe Spirit,,,,,,,,,,,,,,,,,,,,,,,,,,,,,,,,
19th,Facing Your Danger,,,,,,,,,,,,,,,,,,,,,,,,,,,,,,,,
19th,Seeds of Destiny,,,,,,,,,,,,,,,,,,,,,,,,,,,,,,,,
19th,The Cat Concerto,,,,,,,,,,,,,,,,,,,,,,,,,,,,,,,,
19th,The Seventh Veil,,,,,,,,,,,,,,,,,,,,,,,,,,,,,,,,
19th,Vacation From Marriage,,,,,,,,,,,,,,,,,,,,,,,,,,,,,,,,
19th,It's a Wonderful Life,,,,,,,,,,,,,,,,,,,,,,,,,,,,,,,,
19th,Henry V,,,,,,,,,,,,,,,,,,,,,,,,,,,,,,,,
19th,The Killers,,,,,,,,,,,,,,,,,,,,,,,,,,,,,,,,
19th,Brief Encounter,,,,,,,,,,,,,,,,,,,,,,,,,,,,,,,,
19th,Blue Skies,,,,,,,,,,,,,,,,,,,,,,,,,,,,,,,,
19th,Centennial Summer,,,,,,,,,,,,,,,,,,,,,,,,,,,,,,,,
19th,Duel in the Sun,,,,,,,,,,,,,,,,,,,,,,,,,,,,,,,,
19th,Notorious,,,,,,,,,,,,,,,,,,,,,,,,,,,,,,,,
19th,The Green Years,,,,,,,,,,,,,,,,,,,,,,,,,,,,,,,,
19th,A Stolen Life,,,,,,,,,,,,,,,,,,,,,,,,,,,,,,,,
19th,Atomic Power,,,,,,,,,,,,,,,,,,,,,,,,,,,,,,,,
19th,Caesar and Cleopatra,,,,,,,,,,,,,,,,,,,,,,,,,,,,,,,,
19th,Canyon Passage,,,,,,,,,,,,,,,,,,,,,,,,,,,,,,,,
19th,Children of Paradise,,,,,,,,,,,,,,,,,,,,,,,,,,,,,,,,
19th,College Queen,,,,,,,,,,,,,,,,,,,,,,,,,,,,,,,,
19th,Dive-Hi Champs,,,,,,,,,,,,,,,,,,,,,,,,,,,,,,,,
19th,Golden Horses,,,,,,,,,,,,,,,,,,,,,,,,,,,,,,,,
19th,Hiss and Yell,,,,,,,,,,,,,,,,,,,,,,,,,,,,,,,,
19th,Humoresque,,,,,,,,,,,,,,,,,,,,,,,,,,,,,,,,
19th,John Henry and the Inky-Poo,,,,,,,,,,,,,,,,,,,,,,,,,,,,,,,,
19th,Kitty,,,,,,,,,,,,,,,,,,,,,,,,,,,,,,,,
19th,Life at the Zoo,,,,,,,,,,,,,,,,,,,,,,,,,,,,,,,,
19th,Musical Moments from Chopin,,,,,,,,,,,,,,,,,,,,,,,,,,,,,,,,
19th,Night and Day,,,,,,,,,,,,,,,,,,,,,,,,,,,,,,,,
19th,Paramount News Issue # 37,,,,,,,,,,,,,,,,,,,,,,,,,,,,,,,,
19th,Road to Utopia,,,,,,,,,,,,,,,,,,,,,,,,,,,,,,,,
19th,"Rome, Open City",,,,,,,,,,,,,,,,,,,,,,,,,,,,,,,,
19th,Saratoga Trunk,,,,,,,,,,,,,,,,,,,,,,,,,,,,,,,,
19th,Sister Kenny,,,,,,,,,,,,,,,,,,,,,,,,,,,,,,,,
19th,Smart as a Fox,,,,,,,,,,,,,,,,,,,,,,,,,,,,,,,,
19th,Squatter's Rights,,,,,,,,,,,,,,,,,,,,,,,,,,,,,,,,
19th,Sure Cures,,,,,,,,,,,,,,,,,,,,,,,,,,,,,,,,
19th,The Blue Dahlia,,,,,,,,,,,,,,,,,,,,,,,,,,,,,,,,
19th,The Dark Mirror,,,,,,,,,,,,,,,,,,,,,,,,,,,,,,,,
19th,The Dolly Sisters,,,,,,,,,,,,,,,,,,,,,,,,,,,,,,,,
19th,The Luckiest Guy in the World,,,,,,,,,,,,,,,,,,,,,,,,,,,,,,,,
19th,The Spiral Staircase,,,,,,,,,,,,,,,,,,,,,,,,,,,,,,,,
19th,The Strange Love of Martha Ivers,,,,,,,,,,,,,,,,,,,,,,,,,,,,,,,,
19th,The Stranger,,,,,,,,,,,,,,,,,,,,,,,,,,,,,,,,
19th,Traffic with the Devil,,,,,,,,,,,,,,,,,,,,,,,,,,,,,,,,
19th,Walky Talky Hawky,,,,,,,,,,,,,,,,,,,,,,,,,,,,,,,,
19th,Three Little Girls in Blue,,,,,,,,,,,,,,,,,,,,,,,,,,,,,,,,
20th,Gentleman's Agreement,,,,,,,,,,,,,,,,,,,,,,,,,,,,,,,,
20th,Miracle on 34th Street,,,,,,,,,,,,,,,,,,,,,,,,,,,,,,,,
20th,Great Expectations,,,,,,,,,,,,,,,,,,,,,,,,,,,,,,,,
20th,A Double Life,,,,,,,,,,,,,,,,,,,,,,,,,,,,,,,,
20th,Black Narcissus,,,,,,,,,,,,,,,,,,,,,,,,,,,,,,,,
20th,The Bishop's Wife,,,,,,,,,,,,,,,,,,,,,,,,,,,,,,,,
20th,Green Dolphin Street,,,,,,,,,,,,,,,,,,,,,,,,,,,,,,,,
20th,Body and Soul,,,,,,,,,,,,,,,,,,,,,,,,,,,,,,,,
20th,Mother Wore Tights,,,,,,,,,,,,,,,,,,,,,,,,,,,,,,,,
20th,Song of the South,,,,,,,,,,,,,,,,,,,,,,,,,,,,,,,,
20th,The Farmer's Daughter,,,,,,,,,,,,,,,,,,,,,,,,,,,,,,,,
20th,Climbing the Matterhorn,,,,,,,,,,,,,,,,,,,,,,,,,,,,,,,,
20th,Design for Death,,,,,,,,,,,,,,,,,,,,,,,,,,,,,,,,
20th,First Steps,,,,,,,,,,,,,,,,,,,,,,,,,,,,,,,,
20th,"Goodbye, Miss Turlock",,,,,,,,,,,,,,,,,,,,,,,,,,,,,,,,
20th,The Bachelor and the Bobby-Soxer,,,,,,,,,,,,,,,,,,,,,,,,,,,,,,,,
20th,Tweetie Pie,,,,,,,,,,,,,,,,,,,,,,,,,,,,,,,,
20th,Crossfire,,,,,,,,,,,,,,,,,,,,,,,,,,,,,,,,
20th,Life with Father,,,,,,,,,,,,,,,,,,,,,,,,,,,,,,,,
20th,Kiss of Death,,,,,,,,,,,,,,,,,,,,,,,,,,,,,,,,
20th,Mourning Becomes Electra,,,,,,,,,,,,,,,,,,,,,,,,,,,,,,,,
20th,"Smash-Up, the Story of a Woman",,,,,,,,,,,,,,,,,,,,,,,,,,,,,,,,
20th,A Cage of Nightingales,,,,,,,,,,,,,,,,,,,,,,,,,,,,,,,,
20th,A Voice Is Born: The Story of Niklos Gafni,,,,,,,,,,,,,,,,,,,,,,,,,,,,,,,,
20th,Boomerang!,,,,,,,,,,,,,,,,,,,,,,,,,,,,,,,,
20th,"Brooklyn, U.S.A.",,,,,,,,,,,,,,,,,,,,,,,,,,,,,,,,
20th,Captain from Castile,,,,,,,,,,,,,,,,,,,,,,,,,,,,,,,,
20th,Champagne for Two,,,,,,,,,,,,,,,,,,,,,,,,,,,,,,,,
20th,Chip an' Dale,,,,,,,,,,,,,,,,,,,,,,,,,,,,,,,,
20th,Dr. Jekyll and Mr. Mouse,,,,,,,,,,,,,,,,,,,,,,,,,,,,,,,,
20th,Fiesta,,,,,,,,,,,,,,,,,,,,,,,,,,,,,,,,
20th,Fight of the Wild Stallions,,,,,,,,,,,,,,,,,,,,,,,,,,,,,,,,
20th,Forever Amber,,,,,,,,,,,,,,,,,,,,,,,,,,,,,,,,
20th,Give Us the Earth,,,,,,,,,,,,,,,,,,,,,,,,,,,,,,,,
20th,Good News,,,,,,,,,,,,,,,,,,,,,,,,,,,,,,,,
20th,It Happened on 5th Avenue,,,,,,,,,,,,,,,,,,,,,,,,,,,,,,,,
20th,Journey into Medicine,,,,,,,,,,,,,,,,,,,,,,,,,,,,,,,,
20th,Monsieur Verdoux,,,,,,,,,,,,,,,,,,,,,,,,,,,,,,,,
20th,Moon Rockets,,,,,,,,,,,,,,,,,,,,,,,,,,,,,,,,
20th,My Wild Irish Rose,,,,,,,,,,,,,,,,,,,,,,,,,,,,,,,,
20th,Now You See It,,,,,,,,,,,,,,,,,,,,,,,,,,,,,,,,
20th,Odd Man Out,,,,,,,,,,,,,,,,,,,,,,,,,,,,,,,,
20th,Passport to Nowhere,,,,,,,,,,,,,,,,,,,,,,,,,,,,,,,,
20th,Pluto's Blue Note,,,,,,,,,,,,,,,,,,,,,,,,,,,,,,,,
20th,Possessed,,,,,,,,,,,,,,,,,,,,,,,,,,,,,,,,
20th,Ride the Pink Horse,,,,,,,,,,,,,,,,,,,,,,,,,,,,,,,,
20th,Road to Rio,,,,,,,,,,,,,,,,,,,,,,,,,,,,,,,,
20th,School in the Mailbox,,,,,,,,,,,,,,,,,,,,,,,,,,,,,,,,
20th,Shoeshine,,,,,,,,,,,,,,,,,,,,,,,,,,,,,,,,
20th,So You Want to Be in Pictures,,,,,,,,,,,,,,,,,,,,,,,,,,,,,,,,
20th,T-Men,,,,,,,,,,,,,,,,,,,,,,,,,,,,,,,,
20th,The Egg and I,,,,,,,,,,,,,,,,,,,,,,,,,,,,,,,,
20th,The Foxes of Harrow,,,,,,,,,,,,,,,,,,,,,,,,,,,,,,,,
20th,The Ghost and Mrs. Muir,,,,,,,,,,,,,,,,,,,,,,,,,,,,,,,,
20th,The Paradine Case,,,,,,,,,,,,,,,,,,,,,,,,,,,,,,,,
20th,The Perils of Pauline,,,,,,,,,,,,,,,,,,,,,,,,,,,,,,,,
20th,"The Time, the Place and the Girl",,,,,,,,,,,,,,,,,,,,,,,,,,,,,,,,
20th,The World Is Rich,,,,,,,,,,,,,,,,,,,,,,,,,,,,,,,,
20th,Tubby the Tuba,,,,,,,,,,,,,,,,,,,,,,,,,,,,,,,,
20th,Unconquered,,,,,,,,,,,,,,,,,,,,,,,,,,,,,,,,
20th,Bill and Coo,,,,,,,,,,,,,,,,,,,,,,,,,,,,,,,,
21st,Hamlet,,,,,,,,,,,,,,,,,,,,,,,,,,,,,,,,
21st,The Treasure of the Sierra Madre,,,,,,,,,,,,,,,,,,,,,,,,,,,,,,,,
21st,Joan of Arc,,,,,,,,,,,,,,,,,,,,,,,,,,,,,,,,
21st,The Red Shoes,,,,,,,,,,,,,,,,,,,,,,,,,,,,,,,,
21st,The Naked City,,,,,,,,,,,,,,,,,,,,,,,,,,,,,,,,
21st,Johnny Belinda,,,,,,,,,,,,,,,,,,,,,,,,,,,,,,,,
21st,The Snake Pit,,,,,,,,,,,,,,,,,,,,,,,,,,,,,,,,
21st,The Search,,,,,,,,,,,,,,,,,,,,,,,,,,,,,,,,
21st,Portrait of Jennie,,,,,,,,,,,,,,,,,,,,,,,,,,,,,,,,
21st,Easter Parade,,,,,,,,,,,,,,,,,,,,,,,,,,,,,,,,
21st,Key Largo,,,,,,,,,,,,,,,,,,,,,,,,,,,,,,,,
21st,Seal Island,,,,,,,,,,,,,,,,,,,,,,,,,,,,,,,,
21st,Symphony of a City,,,,,,,,,,,,,,,,,,,,,,,,,,,,,,,,
21st,The Little Orphan,,,,,,,,,,,,,,,,,,,,,,,,,,,,,,,,
21st,The Paleface,,,,,,,,,,,,,,,,,,,,,,,,,,,,,,,,
21st,The Secret Land,,,,,,,,,,,,,,,,,,,,,,,,,,,,,,,,
21st,Toward Independence,,,,,,,,,,,,,,,,,,,,,,,,,,,,,,,,
21st,I Remember Mama,,,,,,,,,,,,,,,,,,,,,,,,,,,,,,,,
21st,A Foreign Affair,,,,,,,,,,,,,,,,,,,,,,,,,,,,,,,,
21st,Red River,,,,,,,,,,,,,,,,,,,,,,,,,,,,,,,,
21st,Romance on the High Seas,,,,,,,,,,,,,,,,,,,,,,,,,,,,,,,,
21st,The Emperor Waltz,,,,,,,,,,,,,,,,,,,,,,,,,,,,,,,,
21st,When My Baby Smiles at Me,,,,,,,,,,,,,,,,,,,,,,,,,,,,,,,,
21st,Annie Was a Wonder,,,,,,,,,,,,,,,,,,,,,,,,,,,,,,,,
21st,B.F.'s Daughter,,,,,,,,,,,,,,,,,,,,,,,,,,,,,,,,
21st,Calgary Stampede,,,,,,,,,,,,,,,,,,,,,,,,,,,,,,,,
21st,Casbah,,,,,,,,,,,,,,,,,,,,,,,,,,,,,,,,
21st,Cinderella Horse,,,,,,,,,,,,,,,,,,,,,,,,,,,,,,,,
21st,Deep Waters,,,,,,,,,,,,,,,,,,,,,,,,,,,,,,,,
21st,Going to Blazes,,,,,,,,,,,,,,,,,,,,,,,,,,,,,,,,
21st,Green Grass of Wyoming,,,,,,,,,,,,,,,,,,,,,,,,,,,,,,,,
21st,Heart to Heart,,,,,,,,,,,,,,,,,,,,,,,,,,,,,,,,
21st,Louisiana Story,,,,,,,,,,,,,,,,,,,,,,,,,,,,,,,,
21st,Mickey and the Seal,,,,,,,,,,,,,,,,,,,,,,,,,,,,,,,,
21st,Moonrise,,,,,,,,,,,,,,,,,,,,,,,,,,,,,,,,
21st,Mouse Wreckers,,,,,,,,,,,,,,,,,,,,,,,,,,,,,,,,
21st,Operation Vittles,,,,,,,,,,,,,,,,,,,,,,,,,,,,,,,,
21st,Robin Hoodlum,,,,,,,,,,,,,,,,,,,,,,,,,,,,,,,,
21st,Samba-Mania,,,,,,,,,,,,,,,,,,,,,,,,,,,,,,,,
21st,Sitting Pretty,,,,,,,,,,,,,,,,,,,,,,,,,,,,,,,,
21st,Snow Capers,,,,,,,,,,,,,,,,,,,,,,,,,,,,,,,,
21st,So You Want to Be on the Radio,,,,,,,,,,,,,,,,,,,,,,,,,,,,,,,,
21st,"Sorry, Wrong Number",,,,,,,,,,,,,,,,,,,,,,,,,,,,,,,,
21st,Tea for Two Hundred,,,,,,,,,,,,,,,,,,,,,,,,,,,,,,,,
21st,That Lady in Ermine,,,,,,,,,,,,,,,,,,,,,,,,,,,,,,,,
21st,The Loves of Carmen,,,,,,,,,,,,,,,,,,,,,,,,,,,,,,,,
21st,The Luck of the Irish,,,,,,,,,,,,,,,,,,,,,,,,,,,,,,,,
21st,The Pirate,,,,,,,,,,,,,,,,,,,,,,,,,,,,,,,,
21st / 22nd,The Quiet One,,,,,,,,,,,,,,,,,,,,,,,,,,,,,,,,
21st,The Three Musketeers,,,,,,,,,,,,,,,,,,,,,,,,,,,,,,,,
21st,Wet Blanket Policy,,,,,,,,,,,,,,,,,,,,,,,,,,,,,,,,
21st,You Can't Win,,,,,,,,,,,,,,,,,,,,,,,,,,,,,,,,
21st,Monsieur Vincent,,,,,,,,,,,,,,,,,,,,,,,,,,,,,,,,
22nd,All the King's Men,,,,,,,,,,,,,,,,,,,,,,,,,,,,,,,,
22nd,The Heiress,,,,,,,,,,,,,,,,,,,,,,,,,,,,,,,,
22nd,Battleground,,,,,,,,,,,,,,,,,,,,,,,,,,,,,,,,
22nd,Twelve O'Clock High,,,,,,,,,,,,,,,,,,,,,,,,,,,,,,,,
22nd,A Letter to Three Wives,,,,,,,,,,,,,,,,,,,,,,,,,,,,,,,,
22nd,Champion,,,,,,,,,,,,,,,,,,,,,,,,,,,,,,,,
22nd,Adventures of Don Juan,,,,,,,,,,,,,,,,,,,,,,,,,,,,,,,,
22nd,Little Women,,,,,,,,,,,,,,,,,,,,,,,,,,,,,,,,
22nd,A Chance to Live,,,,,,,,,,,,,,,,,,,,,,,,,,,,,,,,
22nd,Aquatic House Party,,,,,,,,,,,,,,,,,,,,,,,,,,,,,,,,
22nd,Daybreak in Udi,,,,,,,,,,,,,,,,,,,,,,,,,,,,,,,,
22nd,For Scent-imental Reasons,,,,,,,,,,,,,,,,,,,,,,,,,,,,,,,,
22nd,Mighty Joe Young,,,,,,,,,,,,,,,,,,,,,,,,,,,,,,,,
22nd,Neptune's Daughter,,,,,,,,,,,,,,,,,,,,,,,,,,,,,,,,
22nd,On the Town,,,,,,,,,,,,,,,,,,,,,,,,,,,,,,,,
22nd,She Wore a Yellow Ribbon,,,,,,,,,,,,,,,,,,,,,,,,,,,,,,,,
22nd,So Much for So Little,,,,,,,,,,,,,,,,,,,,,,,,,,,,,,,,
22nd,The Stratton Story,,,,,,,,,,,,,,,,,,,,,,,,,,,,,,,,
22nd,Van Gogh,,,,,,,,,,,,,,,,,,,,,,,,,,,,,,,,
22nd,Come to the Stable,,,,,,,,,,,,,,,,,,,,,,,,,,,,,,,,
22nd,Sands of Iwo Jima,,,,,,,,,,,,,,,,,,,,,,,,,,,,,,,,
22nd,Jolson Sings Again,,,,,,,,,,,,,,,,,,,,,,,,,,,,,,,,
22nd,Pinky,,,,,,,,,,,,,,,,,,,,,,,,,,,,,,,,
22nd,My Foolish Heart,,,,,,,,,,,,,,,,,,,,,,,,,,,,,,,,
22nd,Prince of Foxes,,,,,,,,,,,,,,,,,,,,,,,,,,,,,,,,
22nd,The Fallen Idol,,,,,,,,,,,,,,,,,,,,,,,,,,,,,,,,
22nd,1848,,,,,,,,,,,,,,,,,,,,,,,,,,,,,,,,
22nd,Beyond the Forest,,,,,,,,,,,,,,,,,,,,,,,,,,,,,,,,
22nd,Bicycle Thieves,,,,,,,,,,,,,,,,,,,,,,,,,,,,,,,,
22nd,Canary Row,,,,,,,,,,,,,,,,,,,,,,,,,,,,,,,,
22nd,Chase of Death,,,,,,,,,,,,,,,,,,,,,,,,,,,,,,,,
22nd,"Edward, My Son",,,,,,,,,,,,,,,,,,,,,,,,,,,,,,,,
22nd,Hatch Up Your Troubles,,,,,,,,,,,,,,,,,,,,,,,,,,,,,,,,
22nd,It Happens Every Spring,,,,,,,,,,,,,,,,,,,,,,,,,,,,,,,,
22nd,It's a Great Feeling,,,,,,,,,,,,,,,,,,,,,,,,,,,,,,,,
22nd,Kenji Comes Home,,,,,,,,,,,,,,,,,,,,,,,,,,,,,,,,
22nd,Look for the Silver Lining,,,,,,,,,,,,,,,,,,,,,,,,,,,,,,,,
22nd,Madame Bovary,,,,,,,,,,,,,,,,,,,,,,,,,,,,,,,,
22nd,Mother Is a Freshman,,,,,,,,,,,,,,,,,,,,,,,,,,,,,,,,
22nd,"Once More, My Darling",,,,,,,,,,,,,,,,,,,,,,,,,,,,,,,,
22nd,Paisan,,,,,,,,,,,,,,,,,,,,,,,,,,,,,,,,
22nd,Passport to Pimlico,,,,,,,,,,,,,,,,,,,,,,,,,,,,,,,,
22nd,Roller Derby Girl,,,,,,,,,,,,,,,,,,,,,,,,,,,,,,,,
22nd,Sand,,,,,,,,,,,,,,,,,,,,,,,,,,,,,,,,
22nd,Saraband for Dead Lovers,,,,,,,,,,,,,,,,,,,,,,,,,,,,,,,,
22nd,Snow Carnival,,,,,,,,,,,,,,,,,,,,,,,,,,,,,,,,
22nd,So Dear to My Heart,,,,,,,,,,,,,,,,,,,,,,,,,,,,,,,,
22nd,So You Think You're Not Guilty,,,,,,,,,,,,,,,,,,,,,,,,,,,,,,,,
22nd,Spills and Chills,,,,,,,,,,,,,,,,,,,,,,,,,,,,,,,,
22nd,The Barkleys of Broadway,,,,,,,,,,,,,,,,,,,,,,,,,,,,,,,,
22nd,The Boy and the Eagle,,,,,,,,,,,,,,,,,,,,,,,,,,,,,,,,
22nd,The Grass Is Always Greener,,,,,,,,,,,,,,,,,,,,,,,,,,,,,,,,
22nd,The Hasty Heart,,,,,,,,,,,,,,,,,,,,,,,,,,,,,,,,
22nd,The Magic Fluke,,,,,,,,,,,,,,,,,,,,,,,,,,,,,,,,
22nd,The Rising Tide,,,,,,,,,,,,,,,,,,,,,,,,,,,,,,,,
22nd,The Window,,,,,,,,,,,,,,,,,,,,,,,,,,,,,,,,
22nd,Toy Tinkers,,,,,,,,,,,,,,,,,,,,,,,,,,,,,,,,
22nd,Tulsa,,,,,,,,,,,,,,,,,,,,,,,,,,,,,,,,
22nd,Water Trix,,,,,,,,,,,,,,,,,,,,,,,,,,,,,,,,
22nd,White Heat,,,,,,,,,,,,,,,,,,,,,,,,,,,,,,,,
23rd,All About Eve,,,,,,,,,,,,,,,,,,,,,,,,,,,,,,,,
23rd,Sunset Boulevard,,,,,,,,,,,,,,,,,,,,,,,,,,,,,,,,
23rd,Samson and Delilah,,,,,,,,,,,,,,,,,,,,,,,,,,,,,,,,
23rd,King Solomon's Mines,,,,,,,,,,,,,,,,,,,,,,,,,,,,,,,,
23rd,Born Yesterday,,,,,,,,,,,,,,,,,,,,,,,,,,,,,,,,
23rd,Annie Get Your Gun,,,,,,,,,,,,,,,,,,,,,,,,,,,,,,,,
23rd,The Third Man,,,,,,,,,,,,,,,,,,,,,,,,,,,,,,,,
23rd,Destination Moon,,,,,,,,,,,,,,,,,,,,,,,,,,,,,,,,
23rd,Harvey,,,,,,,,,,,,,,,,,,,,,,,,,,,,,,,,
23rd,"Captain Carey, U.S.A.",,,,,,,,,,,,,,,,,,,,,,,,,,,,,,,,
23rd,Cyrano de Bergerac,,,,,,,,,,,,,,,,,,,,,,,,,,,,,,,,
23rd,Gerald McBoing-Boing,,,,,,,,,,,,,,,,,,,,,,,,,,,,,,,,
23rd,Grandad of Races,,,,,,,,,,,,,,,,,,,,,,,,,,,,,,,,
23rd,In Beaver Valley,,,,,,,,,,,,,,,,,,,,,,,,,,,,,,,,
23rd,Panic in the Streets,,,,,,,,,,,,,,,,,,,,,,,,,,,,,,,,
23rd,The Titan: Story of Michelangelo,,,,,,,,,,,,,,,,,,,,,,,,,,,,,,,,
23rd,Why Korea?,,,,,,,,,,,,,,,,,,,,,,,,,,,,,,,,
23rd,The Asphalt Jungle,,,,,,,,,,,,,,,,,,,,,,,,,,,,,,,,
23rd,Broken Arrow,,,,,,,,,,,,,,,,,,,,,,,,,,,,,,,,
23rd,Caged,,,,,,,,,,,,,,,,,,,,,,,,,,,,,,,,
23rd,Cinderella,,,,,,,,,,,,,,,,,,,,,,,,,,,,,,,,
23rd,Father of the Bride,,,,,,,,,,,,,,,,,,,,,,,,,,,,,,,,
23rd,The Flame and the Arrow,,,,,,,,,,,,,,,,,,,,,,,,,,,,,,,,
23rd,The Magnificent Yankee,,,,,,,,,,,,,,,,,,,,,,,,,,,,,,,,
23rd,Adam's Rib,,,,,,,,,,,,,,,,,,,,,,,,,,,,,,,,
23rd,Bitter Rice,,,,,,,,,,,,,,,,,,,,,,,,,,,,,,,,
23rd,Blaze Busters,,,,,,,,,,,,,,,,,,,,,,,,,,,,,,,,
23rd,Grandma Moses,,,,,,,,,,,,,,,,,,,,,,,,,,,,,,,,
23rd,I'll Get By,,,,,,,,,,,,,,,,,,,,,,,,,,,,,,,,
23rd,Jerry's Cousin,,,,,,,,,,,,,,,,,,,,,,,,,,,,,,,,
23rd,Louisa,,,,,,,,,,,,,,,,,,,,,,,,,,,,,,,,
23rd,Mister 880,,,,,,,,,,,,,,,,,,,,,,,,,,,,,,,,
23rd,My Country 'Tis of Thee,,,,,,,,,,,,,,,,,,,,,,,,,,,,,,,,
23rd,Mystery Street,,,,,,,,,,,,,,,,,,,,,,,,,,,,,,,,
23rd,No Sad Songs for Me,,,,,,,,,,,,,,,,,,,,,,,,,,,,,,,,
23rd,No Way Out,,,,,,,,,,,,,,,,,,,,,,,,,,,,,,,,
23rd,Our Very Own,,,,,,,,,,,,,,,,,,,,,,,,,,,,,,,,
23rd,Singing Guns,,,,,,,,,,,,,,,,,,,,,,,,,,,,,,,,
23rd,That Forsyte Woman,,,,,,,,,,,,,,,,,,,,,,,,,,,,,,,,
23rd,The Black Rose,,,,,,,,,,,,,,,,,,,,,,,,,,,,,,,,
23rd,The Fight: Science Against Cancer,,,,,,,,,,,,,,,,,,,,,,,,,,,,,,,,
23rd,The Furies,,,,,,,,,,,,,,,,,,,,,,,,,,,,,,,,
23rd,The Gunfighter,,,,,,,,,,,,,,,,,,,,,,,,,,,,,,,,
23rd,The Men,,,,,,,,,,,,,,,,,,,,,,,,,,,,,,,,
23rd,The Red Danube,,,,,,,,,,,,,,,,,,,,,,,,,,,,,,,,
23rd,The Stairs,,,,,,,,,,,,,,,,,,,,,,,,,,,,,,,,
23rd,The Toast of New Orleans,,,,,,,,,,,,,,,,,,,,,,,,,,,,,,,,
23rd,The West Point Story,,,,,,,,,,,,,,,,,,,,,,,,,,,,,,,,
23rd,Three Little Words,,,,,,,,,,,,,,,,,,,,,,,,,,,,,,,,
23rd,Trio,,,,,,,,,,,,,,,,,,,,,,,,,,,,,,,,
23rd,Trouble Indemnity,,,,,,,,,,,,,,,,,,,,,,,,,,,,,,,,
23rd,Wabash Avenue,,,,,,,,,,,,,,,,,,,,,,,,,,,,,,,,
23rd,When Willie Comes Marching Home,,,,,,,,,,,,,,,,,,,,,,,,,,,,,,,,
23rd,With These Hands,,,,,,,,,,,,,,,,,,,,,,,,,,,,,,,,
23rd,Wrong Way Butch,,,,,,,,,,,,,,,,,,,,,,,,,,,,,,,,
23rd,The Walls of Malapaga,,,,,,,,,,,,,,,,,,,,,,,,,,,,,,,,
24th,An American in Paris,,,,,,,,,,,,,,,,,,,,,,,,,,,,,,,,
24th,A Place in the Sun,,,,,,,,,,,,,,,,,,,,,,,,,,,,,,,,
24th,A Streetcar Named Desire,,,,,,,,,,,,,,,,,,,,,,,,,,,,,,,,
24th,The African Queen,,,,,,,,,,,,,,,,,,,,,,,,,,,,,,,,
24th,The Great Caruso,,,,,,,,,,,,,,,,,,,,,,,,,,,,,,,,
24th,Here Comes the Groom,,,,,,,,,,,,,,,,,,,,,,,,,,,,,,,,
24th,Benjy,,,,,,,,,,,,,,,,,,,,,,,,,,,,,,,,
24th,Kon-Tiki,,,,,,,,,,,,,,,,,,,,,,,,,,,,,,,,
24th,Nature's Half Acre,,,,,,,,,,,,,,,,,,,,,,,,,,,,,,,,
24th,Seven Days to Noon,,,,,,,,,,,,,,,,,,,,,,,,,,,,,,,,
24th,The Two Mouseketeers,,,,,,,,,,,,,,,,,,,,,,,,,,,,,,,,
24th,World of Kids,,,,,,,,,,,,,,,,,,,,,,,,,,,,,,,,
24th,Quo Vadis,,,,,,,,,,,,,,,,,,,,,,,,,,,,,,,,
24th,David and Bathsheba,,,,,,,,,,,,,,,,,,,,,,,,,,,,,,,,
24th,Death of a Salesman,,,,,,,,,,,,,,,,,,,,,,,,,,,,,,,,
24th,Detective Story,,,,,,,,,,,,,,,,,,,,,,,,,,,,,,,,
24th,Bright Victory,,,,,,,,,,,,,,,,,,,,,,,,,,,,,,,,
24th,Decision Before Dawn,,,,,,,,,,,,,,,,,,,,,,,,,,,,,,,,
24th,La Ronde,,,,,,,,,,,,,,,,,,,,,,,,,,,,,,,,
24th,On the Riviera,,,,,,,,,,,,,,,,,,,,,,,,,,,,,,,,
24th,Show Boat,,,,,,,,,,,,,,,,,,,,,,,,,,,,,,,,
24th,The Tales of Hoffmann,,,,,,,,,,,,,,,,,,,,,,,,,,,,,,,,
24th,The Blue Veil,,,,,,,,,,,,,,,,,,,,,,,,,,,,,,,,
24th,The Frogmen,,,,,,,,,,,,,,,,,,,,,,,,,,,,,,,,
24th,The Well,,,,,,,,,,,,,,,,,,,,,,,,,,,,,,,,
24th,Ace in the Hole,,,,,,,,,,,,,,,,,,,,,,,,,,,,,,,,
24th,Alice in Wonderland,,,,,,,,,,,,,,,,,,,,,,,,,,,,,,,,
24th,Balzac,,,,,,,,,,,,,,,,,,,,,,,,,,,,,,,,
24th,Bullfighter and the Lady,,,,,,,,,,,,,,,,,,,,,,,,,,,,,,,,
24th,Come Fill the Cup,,,,,,,,,,,,,,,,,,,,,,,,,,,,,,,,
24th,Danger Under the Sea,,,,,,,,,,,,,,,,,,,,,,,,,,,,,,,,
24th,Fourteen Hours,,,,,,,,,,,,,,,,,,,,,,,,,,,,,,,,
24th,Go for Broke!,,,,,,,,,,,,,,,,,,,,,,,,,,,,,,,,
24th,Golden Girl,,,,,,,,,,,,,,,,,,,,,,,,,,,,,,,,
24th,I Want You,,,,,,,,,,,,,,,,,,,,,,,,,,,,,,,,
24th,I Was a Communist for the FBI,,,,,,,,,,,,,,,,,,,,,,,,,,,,,,,,
24th,Kind Lady,,,,,,,,,,,,,,,,,,,,,,,,,,,,,,,,
24th,Lambert the Sheepish Lion,,,,,,,,,,,,,,,,,,,,,,,,,,,,,,,,
24th,One Who Came Back,,,,,,,,,,,,,,,,,,,,,,,,,,,,,,,,
24th,"Rich, Young and Pretty",,,,,,,,,,,,,,,,,,,,,,,,,,,,,,,,
24th,Ridin' the Rails,,,,,,,,,,,,,,,,,,,,,,,,,,,,,,,,
24th,Rooty Toot Toot,,,,,,,,,,,,,,,,,,,,,,,,,,,,,,,,
24th,Royal Wedding,,,,,,,,,,,,,,,,,,,,,,,,,,,,,,,,
24th,Strangers on a Train,,,,,,,,,,,,,,,,,,,,,,,,,,,,,,,,
24th,Teresa,,,,,,,,,,,,,,,,,,,,,,,,,,,,,,,,
24th,The House on Telegraph Hill,,,,,,,,,,,,,,,,,,,,,,,,,,,,,,,,
24th,The Mating Season,,,,,,,,,,,,,,,,,,,,,,,,,,,,,,,,
24th,The Model and the Marriage Broker,,,,,,,,,,,,,,,,,,,,,,,,,,,,,,,,
24th,The Mudlark,,,,,,,,,,,,,,,,,,,,,,,,,,,,,,,,
24th,The Seeing Eye,,,,,,,,,,,,,,,,,,,,,,,,,,,,,,,,
24th,The Story of Time,,,,,,,,,,,,,,,,,,,,,,,,,,,,,,,,
24th,The Strip,,,,,,,,,,,,,,,,,,,,,,,,,,,,,,,,
24th,Too Young to Kiss,,,,,,,,,,,,,,,,,,,,,,,,,,,,,,,,
24th,Two Tickets to Broadway,,,,,,,,,,,,,,,,,,,,,,,,,,,,,,,,
24th,When Worlds Collide,,,,,,,,,,,,,,,,,,,,,,,,,,,,,,,,
25th,The Greatest Show on Earth,,,,,,,,,,,,,,,,,,,,,,,,,,,,,,,,
25th,The Bad and the Beautiful,,,,,,,,,,,,,,,,,,,,,,,,,,,,,,,,
25th,High Noon,,,,,,,,,,,,,,,,,,,,,,,,,,,,,,,,
25th,Moulin Rouge,,,,,,,,,,,,,,,,,,,,,,,,,,,,,,,,
25th,The Quiet Man,,,,,,,,,,,,,,,,,,,,,,,,,,,,,,,,
25th,Viva Zapata!,,,,,,,,,,,,,,,,,,,,,,,,,,,,,,,,
25th,With a Song in My Heart,,,,,,,,,,,,,,,,,,,,,,,,,,,,,,,,
25th,"Come Back, Little Sheba",,,,,,,,,,,,,,,,,,,,,,,,,,,,,,,,
25th,Breaking the Sound Barrier,,,,,,,,,,,,,,,,,,,,,,,,,,,,,,,,
25th,Neighbours,,,,,,,,,,,,,,,,,,,,,,,,,,,,,,,,
25th,The Lavender Hill Mob,,,,,,,,,,,,,,,,,,,,,,,,,,,,,,,,
25th,Johann Mouse,,,,,,,,,,,,,,,,,,,,,,,,,,,,,,,,
25th,Light in the Window,,,,,,,,,,,,,,,,,,,,,,,,,,,,,,,,
25th,Plymouth Adventure,,,,,,,,,,,,,,,,,,,,,,,,,,,,,,,,
25th,The Sea Around Us,,,,,,,,,,,,,,,,,,,,,,,,,,,,,,,,
25th,Water Birds,,,,,,,,,,,,,,,,,,,,,,,,,,,,,,,,
25th,Hans Christian Andersen,,,,,,,,,,,,,,,,,,,,,,,,,,,,,,,,
25th,My Cousin Rachel,,,,,,,,,,,,,,,,,,,,,,,,,,,,,,,,
25th,Sudden Fear,,,,,,,,,,,,,,,,,,,,,,,,,,,,,,,,
25th,Ivanhoe,,,,,,,,,,,,,,,,,,,,,,,,,,,,,,,,
25th,Carrie,,,,,,,,,,,,,,,,,,,,,,,,,,,,,,,,
25th,Devil Take Us,,,,,,,,,,,,,,,,,,,,,,,,,,,,,,,,
25th,5 Fingers,,,,,,,,,,,,,,,,,,,,,,,,,,,,,,,,
25th,Navajo,,,,,,,,,,,,,,,,,,,,,,,,,,,,,,,,
25th,Singin' in the Rain,,,,,,,,,,,,,,,,,,,,,,,,,,,,,,,,
25th,The Big Sky,,,,,,,,,,,,,,,,,,,,,,,,,,,,,,,,
25th,The Merry Widow,,,,,,,,,,,,,,,,,,,,,,,,,,,,,,,,
25th,The Snows of Kilimanjaro,,,,,,,,,,,,,,,,,,,,,,,,,,,,,,,,
25th,Affair in Trinidad,,,,,,,,,,,,,,,,,,,,,,,,,,,,,,,,
25th,Athletes of the Saddle,,,,,,,,,,,,,,,,,,,,,,,,,,,,,,,,
25th,Because You're Mine,,,,,,,,,,,,,,,,,,,,,,,,,,,,,,,,
25th,Bridge of Time,,,,,,,,,,,,,,,,,,,,,,,,,,,,,,,,
25th,Desert Killer,,,,,,,,,,,,,,,,,,,,,,,,,,,,,,,,
25th,Flat Top,,,,,,,,,,,,,,,,,,,,,,,,,,,,,,,,
25th,Just for You,,,,,,,,,,,,,,,,,,,,,,,,,,,,,,,,
25th,Little Johnny Jet,,,,,,,,,,,,,,,,,,,,,,,,,,,,,,,,
25th,Madeline,,,,,,,,,,,,,,,,,,,,,,,,,,,,,,,,
25th,Man Alive!,,,,,,,,,,,,,,,,,,,,,,,,,,,,,,,,
25th,Million Dollar Mermaid,,,,,,,,,,,,,,,,,,,,,,,,,,,,,,,,
25th,My Son John,,,,,,,,,,,,,,,,,,,,,,,,,,,,,,,,
25th,Pat and Mike,,,,,,,,,,,,,,,,,,,,,,,,,,,,,,,,
25th,Pink and Blue Blues,,,,,,,,,,,,,,,,,,,,,,,,,,,,,,,,
24th / 25th,Rashomon,,,,,,,,,,,,,,,,,,,,,,,,,,,,,,,,
25th,Royal Scotland,,,,,,,,,,,,,,,,,,,,,,,,,,,,,,,,
25th,Son of Paleface,,,,,,,,,,,,,,,,,,,,,,,,,,,,,,,,
25th,Thar She Blows!,,,,,,,,,,,,,,,,,,,,,,,,,,,,,,,,
25th,The Atomic City,,,,,,,,,,,,,,,,,,,,,,,,,,,,,,,,
25th,The Card,,,,,,,,,,,,,,,,,,,,,,,,,,,,,,,,
25th,The Garden Spider,,,,,,,,,,,,,,,,,,,,,,,,,,,,,,,,
25th,The Hoaxters,,,,,,,,,,,,,,,,,,,,,,,,,,,,,,,,
25th,The Jazz Singer,,,,,,,,,,,,,,,,,,,,,,,,,,,,,,,,
25th,The Man in the White Suit,,,,,,,,,,,,,,,,,,,,,,,,,,,,,,,,
25th,The Medium,,,,,,,,,,,,,,,,,,,,,,,,,,,,,,,,
25th,The Member of the Wedding,,,,,,,,,,,,,,,,,,,,,,,,,,,,,,,,
25th,The Miracle of Our Lady of Fatima,,,,,,,,,,,,,,,,,,,,,,,,,,,,,,,,
25th,The Narrow Margin,,,,,,,,,,,,,,,,,,,,,,,,,,,,,,,,
25th,The Pride of St. Louis,,,,,,,,,,,,,,,,,,,,,,,,,,,,,,,,
25th,The Romance of Transportation in Canada,,,,,,,,,,,,,,,,,,,,,,,,,,,,,,,,
25th,The Sniper,,,,,,,,,,,,,,,,,,,,,,,,,,,,,,,,
25th,The Star,,,,,,,,,,,,,,,,,,,,,,,,,,,,,,,,
25th,The Thief,,,,,,,,,,,,,,,,,,,,,,,,,,,,,,,,
26th,From Here to Eternity,,,,,,,,,,,,,,,,,,,,,,,,,,,,,,,,
26th,Roman Holiday,,,,,,,,,,,,,,,,,,,,,,,,,,,,,,,,
26th,The Robe,,,,,,,,,,,,,,,,,,,,,,,,,,,,,,,,
26th,Lili,,,,,,,,,,,,,,,,,,,,,,,,,,,,,,,,
26th,Shane,,,,,,,,,,,,,,,,,,,,,,,,,,,,,,,,
26th,Julius Caesar,,,,,,,,,,,,,,,,,,,,,,,,,,,,,,,,
26th,Calamity Jane,,,,,,,,,,,,,,,,,,,,,,,,,,,,,,,,
26th,Stalag 17,,,,,,,,,,,,,,,,,,,,,,,,,,,,,,,,
26th,The War of the Worlds,,,,,,,,,,,,,,,,,,,,,,,,,,,,,,,,
26th,Call Me Madam,,,,,,,,,,,,,,,,,,,,,,,,,,,,,,,,
26th,Titanic,,,,,,,,,,,,,,,,,,,,,,,,,,,,,,,,
26th,Bear Country,,,,,,,,,,,,,,,,,,,,,,,,,,,,,,,,
26th,Overture to The Merry Wives of Windsor,,,,,,,,,,,,,,,,,,,,,,,,,,,,,,,,
26th,The Alaskan Eskimo,,,,,,,,,,,,,,,,,,,,,,,,,,,,,,,,
26th,The Living Desert,,,,,,,,,,,,,,,,,,,,,,,,,,,,,,,,
26th,"Toot, Whistle, Plunk and Boom",,,,,,,,,,,,,,,,,,,,,,,,,,,,,,,,
26th,The Band Wagon,,,,,,,,,,,,,,,,,,,,,,,,,,,,,,,,
26th,The Moon Is Blue,,,,,,,,,,,,,,,,,,,,,,,,,,,,,,,,
26th,Above and Beyond,,,,,,,,,,,,,,,,,,,,,,,,,,,,,,,,
26th,Hondo,,,,,,,,,,,,,,,,,,,,,,,,,,,,,,,,
26th,Knights of the Round Table,,,,,,,,,,,,,,,,,,,,,,,,,,,,,,,,
26th,Martin Luther,,,,,,,,,,,,,,,,,,,,,,,,,,,,,,,,
26th,Mogambo,,,,,,,,,,,,,,,,,,,,,,,,,,,,,,,,
26th,The President's Lady,,,,,,,,,,,,,,,,,,,,,,,,,,,,,,,,
26th,Young Bess,,,,,,,,,,,,,,,,,,,,,,,,,,,,,,,,
26th,A Queen Is Crowned,,,,,,,,,,,,,,,,,,,,,,,,,,,,,,,,
26th,All the Brothers Were Valiant,,,,,,,,,,,,,,,,,,,,,,,,,,,,,,,,
26th,Ben and Me,,,,,,,,,,,,,,,,,,,,,,,,,,,,,,,,
26th,Beneath the 12-Mile Reef,,,,,,,,,,,,,,,,,,,,,,,,,,,,,,,,
26th,Christ Among the Primitives,,,,,,,,,,,,,,,,,,,,,,,,,,,,,,,,
26th,Christopher Crumpet,,,,,,,,,,,,,,,,,,,,,,,,,,,,,,,,
26th,Crazylegs,,,,,,,,,,,,,,,,,,,,,,,,,,,,,,,,
26th,Dream Wife,,,,,,,,,,,,,,,,,,,,,,,,,,,,,,,,
26th,From A to Z-Z-Z-Z,,,,,,,,,,,,,,,,,,,,,,,,,,,,,,,,
26th,Herring Hunt,,,,,,,,,,,,,,,,,,,,,,,,,,,,,,,,
26th,How to Marry a Millionaire,,,,,,,,,,,,,,,,,,,,,,,,,,,,,,,,
26th,Joy of Living,,,,,,,,,,,,,,,,,,,,,,,,,,,,,,,,
26th,Kiss Me Kate,,,,,,,,,,,,,,,,,,,,,,,,,,,,,,,,
26th,Little Fugitive,,,,,,,,,,,,,,,,,,,,,,,,,,,,,,,,
26th,Miss Sadie Thompson,,,,,,,,,,,,,,,,,,,,,,,,,,,,,,,,
26th,Operation Blue Jay,,,,,,,,,,,,,,,,,,,,,,,,,,,,,,,,
26th,Pickup on South Street,,,,,,,,,,,,,,,,,,,,,,,,,,,,,,,,
26th,Return to Glennascaul,,,,,,,,,,,,,,,,,,,,,,,,,,,,,,,,
26th,Rugged Bear,,,,,,,,,,,,,,,,,,,,,,,,,,,,,,,,
26th,Small Town Girl,,,,,,,,,,,,,,,,,,,,,,,,,,,,,,,,
26th,Take the High Ground!,,,,,,,,,,,,,,,,,,,,,,,,,,,,,,,,
26th,"The 5,000 Fingers of Dr. T.",,,,,,,,,,,,,,,,,,,,,,,,,,,,,,,,
26th,The Actress,,,,,,,,,,,,,,,,,,,,,,,,,,,,,,,,
26th,The Caddy,,,,,,,,,,,,,,,,,,,,,,,,,,,,,,,,
26th,The Captain's Paradise,,,,,,,,,,,,,,,,,,,,,,,,,,,,,,,,
26th,The Conquest of Everest,,,,,,,,,,,,,,,,,,,,,,,,,,,,,,,,
26th,The Cruel Sea,,,,,,,,,,,,,,,,,,,,,,,,,,,,,,,,
26th,The Desert Rats,,,,,,,,,,,,,,,,,,,,,,,,,,,,,,,,
26th,The Four Poster,,,,,,,,,,,,,,,,,,,,,,,,,,,,,,,,
26th,The Living City,,,,,,,,,,,,,,,,,,,,,,,,,,,,,,,,
26th,The Mississippi Gambler,,,,,,,,,,,,,,,,,,,,,,,,,,,,,,,,
26th,The Naked Spur,,,,,,,,,,,,,,,,,,,,,,,,,,,,,,,,
26th,The Story of Three Loves,,,,,,,,,,,,,,,,,,,,,,,,,,,,,,,,
26th,The Tell-Tale Heart,,,,,,,,,,,,,,,,,,,,,,,,,,,,,,,,
26th,The Word,,,,,,,,,,,,,,,,,,,,,,,,,,,,,,,,
26th,They Planted a Stone,,,,,,,,,,,,,,,,,,,,,,,,,,,,,,,,
26th,This Is Cinerama,,,,,,,,,,,,,,,,,,,,,,,,,,,,,,,,
26th,Torch Song,,,,,,,,,,,,,,,,,,,,,,,,,,,,,,,,
26th,Vesuvius Express,,,,,,,,,,,,,,,,,,,,,,,,,,,,,,,,
26th,Wee Water Wonders,,,,,,,,,,,,,,,,,,,,,,,,,,,,,,,,
26th,Winter Paradise,,,,,,,,,,,,,,,,,,,,,,,,,,,,,,,,
27th,On the Waterfront,,,,,,,,,,,,,,,,,,,,,,,,,,,,,,,,
27th,The Country Girl,,,,,,,,,,,,,,,,,,,,,,,,,,,,,,,,
27th,"20,000 Leagues Under the Sea",,,,,,,,,,,,,,,,,,,,,,,,,,,,,,,,
27th,Three Coins in the Fountain,,,,,,,,,,,,,,,,,,,,,,,,,,,,,,,,
27th,Sabrina,,,,,,,,,,,,,,,,,,,,,,,,,,,,,,,,
27th,The High and the Mighty,,,,,,,,,,,,,,,,,,,,,,,,,,,,,,,,
27th,Seven Brides for Seven Brothers,,,,,,,,,,,,,,,,,,,,,,,,,,,,,,,,
27th,The Glenn Miller Story,,,,,,,,,,,,,,,,,,,,,,,,,,,,,,,,
27th,Broken Lance,,,,,,,,,,,,,,,,,,,,,,,,,,,,,,,,
27th,The Barefoot Contessa,,,,,,,,,,,,,,,,,,,,,,,,,,,,,,,,
27th,A Time Out of War,,,,,,,,,,,,,,,,,,,,,,,,,,,,,,,,
27th,Gate of Hell,,,,,,,,,,,,,,,,,,,,,,,,,,,,,,,,
27th,This Mechanical Age,,,,,,,,,,,,,,,,,,,,,,,,,,,,,,,,
27th,The Vanishing Prairie,,,,,,,,,,,,,,,,,,,,,,,,,,,,,,,,
27th,Thursday's Children,,,,,,,,,,,,,,,,,,,,,,,,,,,,,,,,
27th,When Magoo Flew,,,,,,,,,,,,,,,,,,,,,,,,,,,,,,,,
27th,The Caine Mutiny,,,,,,,,,,,,,,,,,,,,,,,,,,,,,,,,
27th,A Star Is Born,,,,,,,,,,,,,,,,,,,,,,,,,,,,,,,,
27th,Executive Suite,,,,,,,,,,,,,,,,,,,,,,,,,,,,,,,,
27th,Rear Window,,,,,,,,,,,,,,,,,,,,,,,,,,,,,,,,
27th,Brigadoon,,,,,,,,,,,,,,,,,,,,,,,,,,,,,,,,
27th,There's No Business Like Show Business,,,,,,,,,,,,,,,,,,,,,,,,,,,,,,,,
27th,Carmen Jones,,,,,,,,,,,,,,,,,,,,,,,,,,,,,,,,
27th,Désirée,,,,,,,,,,,,,,,,,,,,,,,,,,,,,,,,
27th,Genevieve,,,,,,,,,,,,,,,,,,,,,,,,,,,,,,,,
27th,Jet Carrier,,,,,,,,,,,,,,,,,,,,,,,,,,,,,,,,
27th,Susan Slept Here,,,,,,,,,,,,,,,,,,,,,,,,,,,,,,,,
27th,The Silver Chalice,,,,,,,,,,,,,,,,,,,,,,,,,,,,,,,,
27th,Beauty and the Bull,,,,,,,,,,,,,,,,,,,,,,,,,,,,,,,,
27th,"Bread, Love and Dreams",,,,,,,,,,,,,,,,,,,,,,,,,,,,,,,,
27th,Crazy Mixed Up Pup,,,,,,,,,,,,,,,,,,,,,,,,,,,,,,,,
25th / 27th,Forbidden Games,,,,,,,,,,,,,,,,,,,,,,,,,,,,,,,,
27th,Hell and High Water,,,,,,,,,,,,,,,,,,,,,,,,,,,,,,,,
27th,Indiscretion of an American Wife,,,,,,,,,,,,,,,,,,,,,,,,,,,,,,,,
27th,It Should Happen to You,,,,,,,,,,,,,,,,,,,,,,,,,,,,,,,,
27th,Knock on Wood,,,,,,,,,,,,,,,,,,,,,,,,,,,,,,,,
27th,Le Plaisir,,,,,,,,,,,,,,,,,,,,,,,,,,,,,,,,
27th,Magnificent Obsession,,,,,,,,,,,,,,,,,,,,,,,,,,,,,,,,
27th,Night People,,,,,,,,,,,,,,,,,,,,,,,,,,,,,,,,
27th,Pigs Is Pigs,,,,,,,,,,,,,,,,,,,,,,,,,,,,,,,,
27th,Red Garters,,,,,,,,,,,,,,,,,,,,,,,,,,,,,,,,
27th,Rembrandt: A Self-Portrait,,,,,,,,,,,,,,,,,,,,,,,,,,,,,,,,
27th,Robinson Crusoe,,,,,,,,,,,,,,,,,,,,,,,,,,,,,,,,
27th,Rogue Cop,,,,,,,,,,,,,,,,,,,,,,,,,,,,,,,,
27th,Sandy Claws,,,,,,,,,,,,,,,,,,,,,,,,,,,,,,,,
27th,Siam,,,,,,,,,,,,,,,,,,,,,,,,,,,,,,,,
27th,The Earrings of Madame de...,,,,,,,,,,,,,,,,,,,,,,,,,,,,,,,,
27th,The Egyptian,,,,,,,,,,,,,,,,,,,,,,,,,,,,,,,,
27th,The First Piano Quartette,,,,,,,,,,,,,,,,,,,,,,,,,,,,,,,,
27th,The Stratford Adventure,,,,,,,,,,,,,,,,,,,,,,,,,,,,,,,,
27th,The Strauss Fantasy,,,,,,,,,,,,,,,,,,,,,,,,,,,,,,,,
27th,Them!,,,,,,,,,,,,,,,,,,,,,,,,,,,,,,,,
27th,"Touché, Pussy Cat!",,,,,,,,,,,,,,,,,,,,,,,,,,,,,,,,
27th,White Christmas,,,,,,,,,,,,,,,,,,,,,,,,,,,,,,,,
27th,The Little Kidnappers,,,,,,,,,,,,,,,,,,,,,,,,,,,,,,,,
28th,Marty,,,,,,,,,,,,,,,,,,,,,,,,,,,,,,,,
28th,Love Is a Many-Splendored Thing,,,,,,,,,,,,,,,,,,,,,,,,,,,,,,,,
28th,The Rose Tattoo,,,,,,,,,,,,,,,,,,,,,,,,,,,,,,,,
28th,Picnic,,,,,,,,,,,,,,,,,,,,,,,,,,,,,,,,
28th,Oklahoma!,,,,,,,,,,,,,,,,,,,,,,,,,,,,,,,,
28th,Love Me or Leave Me,,,,,,,,,,,,,,,,,,,,,,,,,,,,,,,,
28th,East of Eden,,,,,,,,,,,,,,,,,,,,,,,,,,,,,,,,
28th,I'll Cry Tomorrow,,,,,,,,,,,,,,,,,,,,,,,,,,,,,,,,
28th,Interrupted Melody,,,,,,,,,,,,,,,,,,,,,,,,,,,,,,,,
28th,Mister Roberts,,,,,,,,,,,,,,,,,,,,,,,,,,,,,,,,
28th,To Catch a Thief,,,,,,,,,,,,,,,,,,,,,,,,,,,,,,,,
28th,The Bridges at Toko-Ri,,,,,,,,,,,,,,,,,,,,,,,,,,,,,,,,
28th,The Face of Lincoln,,,,,,,,,,,,,,,,,,,,,,,,,,,,,,,,
28th,Helen Keller in Her Story,,,,,,,,,,,,,,,,,,,,,,,,,,,,,,,,
28th,Men Against the Arctic,,,,,,,,,,,,,,,,,,,,,,,,,,,,,,,,
28th,Speedy Gonzales,,,,,,,,,,,,,,,,,,,,,,,,,,,,,,,,
28th,Survival City,,,,,,,,,,,,,,,,,,,,,,,,,,,,,,,,
28th,Blackboard Jungle,,,,,,,,,,,,,,,,,,,,,,,,,,,,,,,,
28th,Guys and Dolls,,,,,,,,,,,,,,,,,,,,,,,,,,,,,,,,
28th,Bad Day at Black Rock,,,,,,,,,,,,,,,,,,,,,,,,,,,,,,,,
28th,Daddy Long Legs,,,,,,,,,,,,,,,,,,,,,,,,,,,,,,,,
28th,Rebel Without a Cause,,,,,,,,,,,,,,,,,,,,,,,,,,,,,,,,
28th,The Man with the Golden Arm,,,,,,,,,,,,,,,,,,,,,,,,,,,,,,,,
28th,It's Always Fair Weather,,,,,,,,,,,,,,,,,,,,,,,,,,,,,,,,
28th,Queen Bee,,,,,,,,,,,,,,,,,,,,,,,,,,,,,,,,
28th,Summertime,,,,,,,,,,,,,,,,,,,,,,,,,,,,,,,,
28th,The Battle of Gettysburg,,,,,,,,,,,,,,,,,,,,,,,,,,,,,,,,
28th,24-Hour Alert,,,,,,,,,,,,,,,,,,,,,,,,,,,,,,,,
28th,3rd Ave. El,,,,,,,,,,,,,,,,,,,,,,,,,,,,,,,,
28th,A Man Called Peter,,,,,,,,,,,,,,,,,,,,,,,,,,,,,,,,
28th,Battle Cry,,,,,,,,,,,,,,,,,,,,,,,,,,,,,,,,
28th,Gadgets Galore,,,,,,,,,,,,,,,,,,,,,,,,,,,,,,,,
28th,Good Will to Men,,,,,,,,,,,,,,,,,,,,,,,,,,,,,,,,
28th,Heartbreak Ridge,,,,,,,,,,,,,,,,,,,,,,,,,,,,,,,,
28th,Mr. Hulot's Holiday,,,,,,,,,,,,,,,,,,,,,,,,,,,,,,,,
28th,No Hunting,,,,,,,,,,,,,,,,,,,,,,,,,,,,,,,,
28th,Not as a Stranger,,,,,,,,,,,,,,,,,,,,,,,,,,,,,,,,
28th,On the Twelfth Day,,,,,,,,,,,,,,,,,,,,,,,,,,,,,,,,
28th,Pete Kelly's Blues,,,,,,,,,,,,,,,,,,,,,,,,,,,,,,,,
28th,Strategic Air Command,,,,,,,,,,,,,,,,,,,,,,,,,,,,,,,,
28th,Switzerland,,,,,,,,,,,,,,,,,,,,,,,,,,,,,,,,
28th,The Court-Martial of Billy Mitchell,,,,,,,,,,,,,,,,,,,,,,,,,,,,,,,,
28th,The Dam Busters,,,,,,,,,,,,,,,,,,,,,,,,,,,,,,,,
28th,The Legend of Rockabye Point,,,,,,,,,,,,,,,,,,,,,,,,,,,,,,,,
28th,The Pickwick Papers,,,,,,,,,,,,,,,,,,,,,,,,,,,,,,,,
28th,The Private War of Major Benson,,,,,,,,,,,,,,,,,,,,,,,,,,,,,,,,
28th,The Rains of Ranchipur,,,,,,,,,,,,,,,,,,,,,,,,,,,,,,,,
28th,The Seven Little Foys,,,,,,,,,,,,,,,,,,,,,,,,,,,,,,,,
28th,The Sheep Has Five Legs,,,,,,,,,,,,,,,,,,,,,,,,,,,,,,,,
28th,The Tender Trap,,,,,,,,,,,,,,,,,,,,,,,,,,,,,,,,
28th,The Virgin Queen,,,,,,,,,,,,,,,,,,,,,,,,,,,,,,,,
28th,Three Kisses,,,,,,,,,,,,,,,,,,,,,,,,,,,,,,,,
28th,Trial,,,,,,,,,,,,,,,,,,,,,,,,,,,,,,,,
28th,Ugetsu,,,,,,,,,,,,,,,,,,,,,,,,,,,,,,,,
28th,Unchained,,,,,,,,,,,,,,,,,,,,,,,,,,,,,,,,
28th,"Samurai, The Legend of Musashi",,,,,,,,,,,,,,,,,,,,,,,,,,,,,,,,
29th,Around the World in 80 Days,,,,,,,,,,,,,,,,,,,,,,,,,,,,,,,,
29th,The King and I,,,,,,,,,,,,,,,,,,,,,,,,,,,,,,,,
29th,Somebody Up There Likes Me,,,,,,,,,,,,,,,,,,,,,,,,,,,,,,,,
29th,Giant,,,,,,,,,,,,,,,,,,,,,,,,,,,,,,,,
29th,The Ten Commandments,,,,,,,,,,,,,,,,,,,,,,,,,,,,,,,,
29th,Lust for Life,,,,,,,,,,,,,,,,,,,,,,,,,,,,,,,,
29th,The Brave One,,,,,,,,,,,,,,,,,,,,,,,,,,,,,,,,
29th,Written on the Wind,,,,,,,,,,,,,,,,,,,,,,,,,,,,,,,,
29th,Anastasia,,,,,,,,,,,,,,,,,,,,,,,,,,,,,,,,
29th,La Strada,,,,,,,,,,,,,,,,,,,,,,,,,,,,,,,,
29th,The Solid Gold Cadillac,,,,,,,,,,,,,,,,,,,,,,,,,,,,,,,,
29th,Crashing the Water Barrier,,,,,,,,,,,,,,,,,,,,,,,,,,,,,,,,
29th,Magoo's Puddle Jumper,,,,,,,,,,,,,,,,,,,,,,,,,,,,,,,,
29th,The Bespoke Overcoat,,,,,,,,,,,,,,,,,,,,,,,,,,,,,,,,
29th,The Man Who Knew Too Much,,,,,,,,,,,,,,,,,,,,,,,,,,,,,,,,
29th,The Red Balloon,,,,,,,,,,,,,,,,,,,,,,,,,,,,,,,,
29th,The Silent World,,,,,,,,,,,,,,,,,,,,,,,,,,,,,,,,
29th,The True Story of the Civil War,,,,,,,,,,,,,,,,,,,,,,,,,,,,,,,,
29th,Friendly Persuasion,,,,,,,,,,,,,,,,,,,,,,,,,,,,,,,,
29th,Baby Doll,,,,,,,,,,,,,,,,,,,,,,,,,,,,,,,,
29th,The Bad Seed,,,,,,,,,,,,,,,,,,,,,,,,,,,,,,,,
29th,The Eddy Duchin Story,,,,,,,,,,,,,,,,,,,,,,,,,,,,,,,,
29th,High Society,,,,,,,,,,,,,,,,,,,,,,,,,,,,,,,,
29th,War and Peace,,,,,,,,,,,,,,,,,,,,,,,,,,,,,,,,
29th,Julie,,,,,,,,,,,,,,,,,,,,,,,,,,,,,,,,
29th,Seven Samurai,,,,,,,,,,,,,,,,,,,,,,,,,,,,,,,,
29th,Teenage Rebel,,,,,,,,,,,,,,,,,,,,,,,,,,,,,,,,
29th,The Bold and the Brave,,,,,,,,,,,,,,,,,,,,,,,,,,,,,,,,
29th,The Dark Wave,,,,,,,,,,,,,,,,,,,,,,,,,,,,,,,,
29th,The Proud and Profane,,,,,,,,,,,,,,,,,,,,,,,,,,,,,,,,
29th,The Rainmaker,,,,,,,,,,,,,,,,,,,,,,,,,,,,,,,,
29th,A City Decides,,,,,,,,,,,,,,,,,,,,,,,,,,,,,,,,
29th,Between Heaven and Hell,,,,,,,,,,,,,,,,,,,,,,,,,,,,,,,,
29th,Bus Stop,,,,,,,,,,,,,,,,,,,,,,,,,,,,,,,,
29th,Cow Dog,,,,,,,,,,,,,,,,,,,,,,,,,,,,,,,,
29th,Forbidden Planet,,,,,,,,,,,,,,,,,,,,,,,,,,,,,,,,
29th,Gerald McBoing-Boing on Planet Moo,,,,,,,,,,,,,,,,,,,,,,,,,,,,,,,,
29th,Gervaise,,,,,,,,,,,,,,,,,,,,,,,,,,,,,,,,
29th,I Never Forget a Face,,,,,,,,,,,,,,,,,,,,,,,,,,,,,,,,
29th,Man in Space,,,,,,,,,,,,,,,,,,,,,,,,,,,,,,,,
29th,Meet Me in Las Vegas,,,,,,,,,,,,,,,,,,,,,,,,,,,,,,,,
29th,Qivitoq,,,,,,,,,,,,,,,,,,,,,,,,,,,,,,,,
29th,Richard III,,,,,,,,,,,,,,,,,,,,,,,,,,,,,,,,
29th,Samoa,,,,,,,,,,,,,,,,,,,,,,,,,,,,,,,,
29th,Stagecoach to Fury,,,,,,,,,,,,,,,,,,,,,,,,,,,,,,,,
29th,The Best Things in Life Are Free,,,,,,,,,,,,,,,,,,,,,,,,,,,,,,,,
29th,The Burmese Harp,,,,,,,,,,,,,,,,,,,,,,,,,,,,,,,,
29th,The Captain from Köpenick,,,,,,,,,,,,,,,,,,,,,,,,,,,,,,,,
29th,The Harder They Fall,,,,,,,,,,,,,,,,,,,,,,,,,,,,,,,,
29th,The House Without a Name,,,,,,,,,,,,,,,,,,,,,,,,,,,,,,,,
29th,The Jay Walker,,,,,,,,,,,,,,,,,,,,,,,,,,,,,,,,
29th,The Ladykillers,,,,,,,,,,,,,,,,,,,,,,,,,,,,,,,,
29th,The Naked Eye,,,,,,,,,,,,,,,,,,,,,,,,,,,,,,,,
29th,The Power and the Prize,,,,,,,,,,,,,,,,,,,,,,,,,,,,,,,,
29th,The Proud and the Beautiful,,,,,,,,,,,,,,,,,,,,,,,,,,,,,,,,
29th,Time Stood Still,,,,,,,,,,,,,,,,,,,,,,,,,,,,,,,,
29th,Umberto D.,,,,,,,,,,,,,,,,,,,,,,,,,,,,,,,,
29th,Where Mountains Float,,,,,,,,,,,,,,,,,,,,,,,,,,,,,,,,
30th,The Bridge on the River Kwai,,,,,,,,,,,,,,,,,,,,,,,,,,,,,,,,
30th,Sayonara,,,,,,,,,,,,,,,,,,,,,,,,,,,,,,,,
30th,Les Girls,,,,,,,,,,,,,,,,,,,,,,,,,,,,,,,,
30th,Albert Schweitzer,,,,,,,,,,,,,,,,,,,,,,,,,,,,,,,,
30th,Birds Anonymous,,,,,,,,,,,,,,,,,,,,,,,,,,,,,,,,
30th,Designing Woman,,,,,,,,,,,,,,,,,,,,,,,,,,,,,,,,
30th,Nights of Cabiria,,,,,,,,,,,,,,,,,,,,,,,,,,,,,,,,
30th,The Enemy Below,,,,,,,,,,,,,,,,,,,,,,,,,,,,,,,,
30th,The Joker Is Wild,,,,,,,,,,,,,,,,,,,,,,,,,,,,,,,,
30th,The Three Faces of Eve,,,,,,,,,,,,,,,,,,,,,,,,,,,,,,,,
30th,The Wetback Hound,,,,,,,,,,,,,,,,,,,,,,,,,,,,,,,,
30th,Peyton Place,,,,,,,,,,,,,,,,,,,,,,,,,,,,,,,,
30th,Witness for the Prosecution,,,,,,,,,,,,,,,,,,,,,,,,,,,,,,,,
30th,An Affair to Remember,,,,,,,,,,,,,,,,,,,,,,,,,,,,,,,,
30th,Funny Face,,,,,,,,,,,,,,,,,,,,,,,,,,,,,,,,
30th,Pal Joey,,,,,,,,,,,,,,,,,,,,,,,,,,,,,,,,
30th,Raintree County,,,,,,,,,,,,,,,,,,,,,,,,,,,,,,,,
30th,12 Angry Men,,,,,,,,,,,,,,,,,,,,,,,,,,,,,,,,
30th,Wild Is the Wind,,,,,,,,,,,,,,,,,,,,,,,,,,,,,,,,
30th,Gunfight at the O.K. Corral,,,,,,,,,,,,,,,,,,,,,,,,,,,,,,,,
30th,"Heaven Knows, Mr. Allison",,,,,,,,,,,,,,,,,,,,,,,,,,,,,,,,
30th,A Chairy Tale,,,,,,,,,,,,,,,,,,,,,,,,,,,,,,,,
30th,A Farewell to Arms,,,,,,,,,,,,,,,,,,,,,,,,,,,,,,,,
30th,A Hatful of Rain,,,,,,,,,,,,,,,,,,,,,,,,,,,,,,,,
30th,April Love,,,,,,,,,,,,,,,,,,,,,,,,,,,,,,,,
30th,Boy on a Dolphin,,,,,,,,,,,,,,,,,,,,,,,,,,,,,,,,
30th,City of Gold,,,,,,,,,,,,,,,,,,,,,,,,,,,,,,,,
30th,Foothold on Antarctica,,,,,,,,,,,,,,,,,,,,,,,,,,,,,,,,
30th,Gates of Paris,,,,,,,,,,,,,,,,,,,,,,,,,,,,,,,,
30th,I Vitelloni,,,,,,,,,,,,,,,,,,,,,,,,,,,,,,,,
30th,Man of a Thousand Faces,,,,,,,,,,,,,,,,,,,,,,,,,,,,,,,,
30th,Mother India,,,,,,,,,,,,,,,,,,,,,,,,,,,,,,,,
30th,Nine Lives,,,,,,,,,,,,,,,,,,,,,,,,,,,,,,,,
30th,On the Bowery,,,,,,,,,,,,,,,,,,,,,,,,,,,,,,,,
30th,One Droopy Knight,,,,,,,,,,,,,,,,,,,,,,,,,,,,,,,,
30th,Perri,,,,,,,,,,,,,,,,,,,,,,,,,,,,,,,,
30th,Portugal,,,,,,,,,,,,,,,,,,,,,,,,,,,,,,,,
30th,Tabasco Road,,,,,,,,,,,,,,,,,,,,,,,,,,,,,,,,
30th,Tammy and the Bachelor,,,,,,,,,,,,,,,,,,,,,,,,,,,,,,,,
30th,The Bachelor Party,,,,,,,,,,,,,,,,,,,,,,,,,,,,,,,,
30th,The Devil Strikes at Night,,,,,,,,,,,,,,,,,,,,,,,,,,,,,,,,
30th,The Spirit of St. Louis,,,,,,,,,,,,,,,,,,,,,,,,,,,,,,,,
30th,The Tin Star,,,,,,,,,,,,,,,,,,,,,,,,,,,,,,,,
30th,The Truth About Mother Goose,,,,,,,,,,,,,,,,,,,,,,,,,,,,,,,,
30th,Torero!,,,,,,,,,,,,,,,,,,,,,,,,,,,,,,,,
30th,Trees and Jamaica Daddy,,,,,,,,,,,,,,,,,,,,,,,,,,,,,,,,
31st,Gigi,,,,,,,,,,,,,,,,,,,,,,,,,,,,,,,,
31st,The Defiant Ones,,,,,,,,,,,,,,,,,,,,,,,,,,,,,,,,
31st,Separate Tables,,,,,,,,,,,,,,,,,,,,,,,,,,,,,,,,
31st,I Want to Live!,,,,,,,,,,,,,,,,,,,,,,,,,,,,,,,,
31st,South Pacific,,,,,,,,,,,,,,,,,,,,,,,,,,,,,,,,
31st,The Old Man and the Sea,,,,,,,,,,,,,,,,,,,,,,,,,,,,,,,,
31st,The Big Country,,,,,,,,,,,,,,,,,,,,,,,,,,,,,,,,
31st,White Wilderness,,,,,,,,,,,,,,,,,,,,,,,,,,,,,,,,
31st,Ama Girls,,,,,,,,,,,,,,,,,,,,,,,,,,,,,,,,
31st,Grand Canyon,,,,,,,,,,,,,,,,,,,,,,,,,,,,,,,,
31st,Knighty Knight Bugs,,,,,,,,,,,,,,,,,,,,,,,,,,,,,,,,
31st,Mon Oncle,,,,,,,,,,,,,,,,,,,,,,,,,,,,,,,,
31st,tom thumb,,,,,,,,,,,,,,,,,,,,,,,,,,,,,,,,
31st,Auntie Mame,,,,,,,,,,,,,,,,,,,,,,,,,,,,,,,,
31st,Cat on a Hot Tin Roof,,,,,,,,,,,,,,,,,,,,,,,,,,,,,,,,
31st,Some Came Running,,,,,,,,,,,,,,,,,,,,,,,,,,,,,,,,
31st,A Certain Smile,,,,,,,,,,,,,,,,,,,,,,,,,,,,,,,,
31st,The Young Lions,,,,,,,,,,,,,,,,,,,,,,,,,,,,,,,,
31st,"Bell, Book and Candle",,,,,,,,,,,,,,,,,,,,,,,,,,,,,,,,
31st,Houseboat,,,,,,,,,,,,,,,,,,,,,,,,,,,,,,,,
31st,Journey into Spring,,,,,,,,,,,,,,,,,,,,,,,,,,,,,,,,
31st,Teacher's Pet,,,,,,,,,,,,,,,,,,,,,,,,,,,,,,,,
31st,Vertigo,,,,,,,,,,,,,,,,,,,,,,,,,,,,,,,,
31st,A Time to Love and a Time to Die,,,,,,,,,,,,,,,,,,,,,,,,,,,,,,,,
31st,Antarctic Crossing,,,,,,,,,,,,,,,,,,,,,,,,,,,,,,,,
31st,Arms and the Man,,,,,,,,,,,,,,,,,,,,,,,,,,,,,,,,
31st,Big Deal on Madonna Street,,,,,,,,,,,,,,,,,,,,,,,,,,,,,,,,
31st,Cowboy,,,,,,,,,,,,,,,,,,,,,,,,,,,,,,,,
31st,Damn Yankees!,,,,,,,,,,,,,,,,,,,,,,,,,,,,,,,,
31st,Desire Under the Elms,,,,,,,,,,,,,,,,,,,,,,,,,,,,,,,,
31st,Employees Only,,,,,,,,,,,,,,,,,,,,,,,,,,,,,,,,
31st,La venganza,,,,,,,,,,,,,,,,,,,,,,,,,,,,,,,,
31st,Lonelyhearts,,,,,,,,,,,,,,,,,,,,,,,,,,,,,,,,
31st,Mardi Gras,,,,,,,,,,,,,,,,,,,,,,,,,,,,,,,,
31st,Marjorie Morningstar,,,,,,,,,,,,,,,,,,,,,,,,,,,,,,,,
31st,Overture,,,,,,,,,,,,,,,,,,,,,,,,,,,,,,,,
31st,Paul Bunyan,,,,,,,,,,,,,,,,,,,,,,,,,,,,,,,,
31st,Psychiatric Nursing,,,,,,,,,,,,,,,,,,,,,,,,,,,,,,,,
31st,Sidney's Family Tree,,,,,,,,,,,,,,,,,,,,,,,,,,,,,,,,
31st,Snows of Aorangi,,,,,,,,,,,,,,,,,,,,,,,,,,,,,,,,
31st,T Is for Tumbleweed,,,,,,,,,,,,,,,,,,,,,,,,,,,,,,,,
31st,The Bolshoi Ballet,,,,,,,,,,,,,,,,,,,,,,,,,,,,,,,,
31st,The Brothers Karamazov,,,,,,,,,,,,,,,,,,,,,,,,,,,,,,,,
31st,The Buccaneer,,,,,,,,,,,,,,,,,,,,,,,,,,,,,,,,
31st,The Goddess,,,,,,,,,,,,,,,,,,,,,,,,,,,,,,,,
31st,The Hidden World,,,,,,,,,,,,,,,,,,,,,,,,,,,,,,,,
31st,The Horse's Mouth,,,,,,,,,,,,,,,,,,,,,,,,,,,,,,,,
31st,The Inn of the Sixth Happiness,,,,,,,,,,,,,,,,,,,,,,,,,,,,,,,,
31st,The Kiss,,,,,,,,,,,,,,,,,,,,,,,,,,,,,,,,
31st,The Living Stone,,,,,,,,,,,,,,,,,,,,,,,,,,,,,,,,
31st,The Road a Year Long,,,,,,,,,,,,,,,,,,,,,,,,,,,,,,,,
31st,The Sheepman,,,,,,,,,,,,,,,,,,,,,,,,,,,,,,,,
31st,Torpedo Run,,,,,,,,,,,,,,,,,,,,,,,,,,,,,,,,
32nd,Ben-Hur,,,,,,,,,,,,,,,,,,,,,,,,,,,,,,,,
32nd,The Diary of Anne Frank,,,,,,,,,,,,,,,,,,,,,,,,,,,,,,,,
32nd,Room at the Top,,,,,,,,,,,,,,,,,,,,,,,,,,,,,,,,
32nd,Some Like It Hot,,,,,,,,,,,,,,,,,,,,,,,,,,,,,,,,
32nd,Pillow Talk,,,,,,,,,,,,,,,,,,,,,,,,,,,,,,,,
32nd,Porgy and Bess,,,,,,,,,,,,,,,,,,,,,,,,,,,,,,,,
32nd,A Hole in the Head,,,,,,,,,,,,,,,,,,,,,,,,,,,,,,,,
32nd,Black Orpheus,,,,,,,,,,,,,,,,,,,,,,,,,,,,,,,,
32nd,Glass,,,,,,,,,,,,,,,,,,,,,,,,,,,,,,,,
32nd,Moonbird,,,,,,,,,,,,,,,,,,,,,,,,,,,,,,,,
32nd,Serengeti Shall Not Die,,,,,,,,,,,,,,,,,,,,,,,,,,,,,,,,
32nd,The Golden Fish,,,,,,,,,,,,,,,,,,,,,,,,,,,,,,,,
32nd,The Nun's Story,,,,,,,,,,,,,,,,,,,,,,,,,,,,,,,,
32nd,Anatomy of a Murder,,,,,,,,,,,,,,,,,,,,,,,,,,,,,,,,
32nd,The Five Pennies,,,,,,,,,,,,,,,,,,,,,,,,,,,,,,,,
32nd,Career,,,,,,,,,,,,,,,,,,,,,,,,,,,,,,,,
32nd,Journey to the Center of the Earth,,,,,,,,,,,,,,,,,,,,,,,,,,,,,,,,
32nd,North by Northwest,,,,,,,,,,,,,,,,,,,,,,,,,,,,,,,,
32nd,"Suddenly, Last Summer",,,,,,,,,,,,,,,,,,,,,,,,,,,,,,,,
32nd,The Big Fisherman,,,,,,,,,,,,,,,,,,,,,,,,,,,,,,,,
32nd,The Young Philadelphians,,,,,,,,,,,,,,,,,,,,,,,,,,,,,,,,
32nd,Imitation of Life,,,,,,,,,,,,,,,,,,,,,,,,,,,,,,,,
32nd,On the Beach,,,,,,,,,,,,,,,,,,,,,,,,,,,,,,,,
32nd,The Best of Everything,,,,,,,,,,,,,,,,,,,,,,,,,,,,,,,,
32nd,The Last Angry Man,,,,,,,,,,,,,,,,,,,,,,,,,,,,,,,,
32nd,Between the Tides,,,,,,,,,,,,,,,,,,,,,,,,,,,,,,,,
32nd,Donald in Mathmagic Land,,,,,,,,,,,,,,,,,,,,,,,,,,,,,,,,
32nd,From Generation to Generation,,,,,,,,,,,,,,,,,,,,,,,,,,,,,,,,
32nd,Li'l Abner,,,,,,,,,,,,,,,,,,,,,,,,,,,,,,,,
32nd,Libel,,,,,,,,,,,,,,,,,,,,,,,,,,,,,,,,
32nd,Mexicali Shmoes,,,,,,,,,,,,,,,,,,,,,,,,,,,,,,,,
32nd,Mysteries of the Deep,,,,,,,,,,,,,,,,,,,,,,,,,,,,,,,,
32nd,Noah's Ark,,,,,,,,,,,,,,,,,,,,,,,,,,,,,,,,
32nd,Operation Petticoat,,,,,,,,,,,,,,,,,,,,,,,,,,,,,,,,
32nd,Paw,,,,,,,,,,,,,,,,,,,,,,,,,,,,,,,,
32nd,Say One for Me,,,,,,,,,,,,,,,,,,,,,,,,,,,,,,,,
32nd,Skyscraper,,,,,,,,,,,,,,,,,,,,,,,,,,,,,,,,
32nd,Sleeping Beauty,,,,,,,,,,,,,,,,,,,,,,,,,,,,,,,,
32nd,The 400 Blows,,,,,,,,,,,,,,,,,,,,,,,,,,,,,,,,
32nd,The Bridge,,,,,,,,,,,,,,,,,,,,,,,,,,,,,,,,
32nd,The Gazebo,,,,,,,,,,,,,,,,,,,,,,,,,,,,,,,,
32nd,The Great War,,,,,,,,,,,,,,,,,,,,,,,,,,,,,,,,
32nd,The Hanging Tree,,,,,,,,,,,,,,,,,,,,,,,,,,,,,,,,
32nd,The Race for Space,,,,,,,,,,,,,,,,,,,,,,,,,,,,,,,,
32nd,The Running Jumping & Standing Still Film,,,,,,,,,,,,,,,,,,,,,,,,,,,,,,,,
32nd,The Village on the River,,,,,,,,,,,,,,,,,,,,,,,,,,,,,,,,
32nd,The Violinist,,,,,,,,,,,,,,,,,,,,,,,,,,,,,,,,
32nd,The Young Land,,,,,,,,,,,,,,,,,,,,,,,,,,,,,,,,
32nd,Wild Strawberries,,,,,,,,,,,,,,,,,,,,,,,,,,,,,,,,
33rd,The Apartment,,,,,,,,,,,,,,,,,,,,,,,,,,,,,,,,
33rd,Spartacus,,,,,,,,,,,,,,,,,,,,,,,,,,,,,,,,
33rd,Elmer Gantry,,,,,,,,,,,,,,,,,,,,,,,,,,,,,,,,
33rd,Sons and Lovers,,,,,,,,,,,,,,,,,,,,,,,,,,,,,,,,
33rd,The Alamo,,,,,,,,,,,,,,,,,,,,,,,,,,,,,,,,
33rd,Never on Sunday,,,,,,,,,,,,,,,,,,,,,,,,,,,,,,,,
33rd,The Facts of Life,,,,,,,,,,,,,,,,,,,,,,,,,,,,,,,,
33rd,Exodus,,,,,,,,,,,,,,,,,,,,,,,,,,,,,,,,
33rd,BUtterfield 8,,,,,,,,,,,,,,,,,,,,,,,,,,,,,,,,
33rd,The Virgin Spring,,,,,,,,,,,,,,,,,,,,,,,,,,,,,,,,
33rd,Day of the Painter,,,,,,,,,,,,,,,,,,,,,,,,,,,,,,,,
33rd,Giuseppina,,,,,,,,,,,,,,,,,,,,,,,,,,,,,,,,
33rd,Munro,,,,,,,,,,,,,,,,,,,,,,,,,,,,,,,,
33rd,Song Without End,,,,,,,,,,,,,,,,,,,,,,,,,,,,,,,,
33rd,The Horse with the Flying Tail,,,,,,,,,,,,,,,,,,,,,,,,,,,,,,,,
33rd,The Time Machine,,,,,,,,,,,,,,,,,,,,,,,,,,,,,,,,
33rd,Pepe,,,,,,,,,,,,,,,,,,,,,,,,,,,,,,,,
33rd,The Sundowners,,,,,,,,,,,,,,,,,,,,,,,,,,,,,,,,
33rd,Inherit the Wind,,,,,,,,,,,,,,,,,,,,,,,,,,,,,,,,
33rd,Psycho,,,,,,,,,,,,,,,,,,,,,,,,,,,,,,,,
33rd,Sunrise at Campobello,,,,,,,,,,,,,,,,,,,,,,,,,,,,,,,,
33rd,Can-Can,,,,,,,,,,,,,,,,,,,,,,,,,,,,,,,,
33rd,Cimarron,,,,,,,,,,,,,,,,,,,,,,,,,,,,,,,,
33rd,A City Called Copenhagen,,,,,,,,,,,,,,,,,,,,,,,,,,,,,,,,
33rd,A Place in the Sun,,,,,,,,,,,,,,,,,,,,,,,,,,,,,,,,
33rd,A Sport Is Born,,,,,,,,,,,,,,,,,,,,,,,,,,,,,,,,
33rd,Bells Are Ringing,,,,,,,,,,,,,,,,,,,,,,,,,,,,,,,,
33rd,Beyond Silence,,,,,,,,,,,,,,,,,,,,,,,,,,,,,,,,
33rd,George Grosz' Interregnum,,,,,,,,,,,,,,,,,,,,,,,,,,,,,,,,
33rd,Goliath II,,,,,,,,,,,,,,,,,,,,,,,,,,,,,,,,
33rd,High Note,,,,,,,,,,,,,,,,,,,,,,,,,,,,,,,,
33rd,High Time,,,,,,,,,,,,,,,,,,,,,,,,,,,,,,,,
33rd,"Hiroshima, My Love",,,,,,,,,,,,,,,,,,,,,,,,,,,,,,,,
33rd,Islands of the Sea,,,,,,,,,,,,,,,,,,,,,,,,,,,,,,,,
33rd,It Started in Naples,,,,,,,,,,,,,,,,,,,,,,,,,,,,,,,,
33rd,Kapo,,,,,,,,,,,,,,,,,,,,,,,,,,,,,,,,
33rd,La Vérité,,,,,,,,,,,,,,,,,,,,,,,,,,,,,,,,
33rd,Let's Make Love,,,,,,,,,,,,,,,,,,,,,,,,,,,,,,,,
33rd,Macario,,,,,,,,,,,,,,,,,,,,,,,,,,,,,,,,
33rd,Midnight Lace,,,,,,,,,,,,,,,,,,,,,,,,,,,,,,,,
33rd,Mouse and Garden,,,,,,,,,,,,,,,,,,,,,,,,,,,,,,,,
33rd,"Murder, Inc.",,,,,,,,,,,,,,,,,,,,,,,,,,,,,,,,
33rd,Rebel in Paradise,,,,,,,,,,,,,,,,,,,,,,,,,,,,,,,,
33rd,Seven Thieves,,,,,,,,,,,,,,,,,,,,,,,,,,,,,,,,
33rd,The Angry Silence,,,,,,,,,,,,,,,,,,,,,,,,,,,,,,,,
33rd,The Creation of Woman,,,,,,,,,,,,,,,,,,,,,,,,,,,,,,,,
33rd,The Dark at the Top of the Stairs,,,,,,,,,,,,,,,,,,,,,,,,,,,,,,,,
33rd,The Entertainer,,,,,,,,,,,,,,,,,,,,,,,,,,,,,,,,
33rd,The Last Voyage,,,,,,,,,,,,,,,,,,,,,,,,,,,,,,,,
33rd,The Magnificent Seven,,,,,,,,,,,,,,,,,,,,,,,,,,,,,,,,
33rd,The Ninth Circle,,,,,,,,,,,,,,,,,,,,,,,,,,,,,,,,
33rd,The Rise and Fall of Legs Diamond,,,,,,,,,,,,,,,,,,,,,,,,,,,,,,,,
33rd,Tunes of Glory,,,,,,,,,,,,,,,,,,,,,,,,,,,,,,,,
33rd,Universe,,,,,,,,,,,,,,,,,,,,,,,,,,,,,,,,
33rd,Visit to a Small Planet,,,,,,,,,,,,,,,,,,,,,,,,,,,,,,,,
33rd,Pollyanna,,,,,,,,,,,,,,,,,,,,,,,,,,,,,,,,
34th,West Side Story,,,,,,,,,,,,,,,,,,,,,,,,,,,,,,,,
34th,Judgment at Nuremberg,,,,,,,,,,,,,,,,,,,,,,,,,,,,,,,,
34th,The Hustler,,,,,,,,,,,,,,,,,,,,,,,,,,,,,,,,
34th,Breakfast at Tiffany's,,,,,,,,,,,,,,,,,,,,,,,,,,,,,,,,
34th,The Guns of Navarone,,,,,,,,,,,,,,,,,,,,,,,,,,,,,,,,
34th,La Dolce Vita,,,,,,,,,,,,,,,,,,,,,,,,,,,,,,,,
34th,Splendor in the Grass,,,,,,,,,,,,,,,,,,,,,,,,,,,,,,,,
34th,Project Hope,,,,,,,,,,,,,,,,,,,,,,,,,,,,,,,,
34th,Seawards the Great Ships,,,,,,,,,,,,,,,,,,,,,,,,,,,,,,,,
34th,Sky Above and Mud Beneath,,,,,,,,,,,,,,,,,,,,,,,,,,,,,,,,
34th,Surogat,,,,,,,,,,,,,,,,,,,,,,,,,,,,,,,,
34th / 35th,Through a Glass Darkly,,,,,,,,,,,,,,,,,,,,,,,,,,,,,,,,
34th,Two Women,,,,,,,,,,,,,,,,,,,,,,,,,,,,,,,,
34th,Fanny,,,,,,,,,,,,,,,,,,,,,,,,,,,,,,,,
34th,Flower Drum Song,,,,,,,,,,,,,,,,,,,,,,,,,,,,,,,,
34th,The Children's Hour,,,,,,,,,,,,,,,,,,,,,,,,,,,,,,,,
34th,Summer and Smoke,,,,,,,,,,,,,,,,,,,,,,,,,,,,,,,,
34th,El Cid,,,,,,,,,,,,,,,,,,,,,,,,,,,,,,,,
34th,Pocketful of Miracles,,,,,,,,,,,,,,,,,,,,,,,,,,,,,,,,
34th,The Absent-Minded Professor,,,,,,,,,,,,,,,,,,,,,,,,,,,,,,,,
34th,Babes in Toyland,,,,,,,,,,,,,,,,,,,,,,,,,,,,,,,,
34th,The Parent Trap,,,,,,,,,,,,,,,,,,,,,,,,,,,,,,,,
34th,A Majority of One,,,,,,,,,,,,,,,,,,,,,,,,,,,,,,,,
34th,Aquamania,,,,,,,,,,,,,,,,,,,,,,,,,,,,,,,,
34th,Bachelor in Paradise,,,,,,,,,,,,,,,,,,,,,,,,,,,,,,,,
34th,Back Street,,,,,,,,,,,,,,,,,,,,,,,,,,,,,,,,
34th,Ballad of a Soldier,,,,,,,,,,,,,,,,,,,,,,,,,,,,,,,,
34th,Beep Prepared,,,,,,,,,,,,,,,,,,,,,,,,,,,,,,,,
34th,Breaking the Language Barrier,,,,,,,,,,,,,,,,,,,,,,,,,,,,,,,,
34th,Claudelle Inglish,,,,,,,,,,,,,,,,,,,,,,,,,,,,,,,,
34th,Cradle of Genius,,,,,,,,,,,,,,,,,,,,,,,,,,,,,,,,
34th,General Della Rovere,,,,,,,,,,,,,,,,,,,,,,,,,,,,,,,,
34th,Harry and the Butler,,,,,,,,,,,,,,,,,,,,,,,,,,,,,,,,
34th,Immortal Love,,,,,,,,,,,,,,,,,,,,,,,,,,,,,,,,
34th,Kahl,,,,,,,,,,,,,,,,,,,,,,,,,,,,,,,,
34th,Khovanshchina,,,,,,,,,,,,,,,,,,,,,,,,,,,,,,,,
34th,Lover Come Back,,,,,,,,,,,,,,,,,,,,,,,,,,,,,,,,
34th,Nelly's Folly,,,,,,,,,,,,,,,,,,,,,,,,,,,,,,,,
34th,One-Eyed Jacks,,,,,,,,,,,,,,,,,,,,,,,,,,,,,,,,
34th,"One, Two, Three",,,,,,,,,,,,,,,,,,,,,,,,,,,,,,,,
34th,Paris Blues,,,,,,,,,,,,,,,,,,,,,,,,,,,,,,,,
34th,Plácido,,,,,,,,,,,,,,,,,,,,,,,,,,,,,,,,
34th,Play Ball!,,,,,,,,,,,,,,,,,,,,,,,,,,,,,,,,
34th,Rooftops of New York,,,,,,,,,,,,,,,,,,,,,,,,,,,,,,,,
34th,The Face of Jesus,,,,,,,,,,,,,,,,,,,,,,,,,,,,,,,,
34th,The Grand Olympics,,,,,,,,,,,,,,,,,,,,,,,,,,,,,,,,
34th,The Important Man,,,,,,,,,,,,,,,,,,,,,,,,,,,,,,,,
34th,The Man in Gray,,,,,,,,,,,,,,,,,,,,,,,,,,,,,,,,
34th,The Mark,,,,,,,,,,,,,,,,,,,,,,,,,,,,,,,,
34th,The Pied Piper of Guadalupe,,,,,,,,,,,,,,,,,,,,,,,,,,,,,,,,
34th,The Roman Spring of Mrs. Stone,,,,,,,,,,,,,,,,,,,,,,,,,,,,,,,,
34th,Town Without Pity,,,,,,,,,,,,,,,,,,,,,,,,,,,,,,,,
34th,"Very Nice, Very Nice",,,,,,,,,,,,,,,,,,,,,,,,,,,,,,,,
34th,Yojimbo,,,,,,,,,,,,,,,,,,,,,,,,,,,,,,,,
34th,A Force in Readiness,,,,,,,,,,,,,,,,,,,,,,,,,,,,,,,,
35th,Lawrence of Arabia,,,,,,,,,,,,,,,,,,,,,,,,,,,,,,,,
35th,To Kill a Mockingbird,,,,,,,,,,,,,,,,,,,,,,,,,,,,,,,,
35th,The Longest Day,,,,,,,,,,,,,,,,,,,,,,,,,,,,,,,,
35th,The Miracle Worker,,,,,,,,,,,,,,,,,,,,,,,,,,,,,,,,
35th,The Music Man,,,,,,,,,,,,,,,,,,,,,,,,,,,,,,,,
35th,Days of Wine and Roses,,,,,,,,,,,,,,,,,,,,,,,,,,,,,,,,
35th,What Ever Happened to Baby Jane?,,,,,,,,,,,,,,,,,,,,,,,,,,,,,,,,
35th,The Wonderful World of the Brothers Grimm,,,,,,,,,,,,,,,,,,,,,,,,,,,,,,,,
35th,Divorce Italian Style,,,,,,,,,,,,,,,,,,,,,,,,,,,,,,,,
35th,Sweet Bird of Youth,,,,,,,,,,,,,,,,,,,,,,,,,,,,,,,,
35th,Black Fox,,,,,,,,,,,,,,,,,,,,,,,,,,,,,,,,
35th,Dylan Thomas,,,,,,,,,,,,,,,,,,,,,,,,,,,,,,,,
35th,Heureux Anniversaire,,,,,,,,,,,,,,,,,,,,,,,,,,,,,,,,
35th / 36th,Sundays and Cybele,,,,,,,,,,,,,,,,,,,,,,,,,,,,,,,,
35th,The Hole,,,,,,,,,,,,,,,,,,,,,,,,,,,,,,,,
35th,Mutiny on the Bounty,,,,,,,,,,,,,,,,,,,,,,,,,,,,,,,,
35th,Birdman of Alcatraz,,,,,,,,,,,,,,,,,,,,,,,,,,,,,,,,
35th,Gypsy,,,,,,,,,,,,,,,,,,,,,,,,,,,,,,,,
35th,That Touch of Mink,,,,,,,,,,,,,,,,,,,,,,,,,,,,,,,,
35th,Bon Voyage!,,,,,,,,,,,,,,,,,,,,,,,,,,,,,,,,
35th,David and Lisa,,,,,,,,,,,,,,,,,,,,,,,,,,,,,,,,
35th,Freud: The Secret Passion,,,,,,,,,,,,,,,,,,,,,,,,,,,,,,,,
35th,The Manchurian Candidate,,,,,,,,,,,,,,,,,,,,,,,,,,,,,,,,
35th,Two for the Seesaw,,,,,,,,,,,,,,,,,,,,,,,,,,,,,,,,
35th,A Symposium on Popular Songs,,,,,,,,,,,,,,,,,,,,,,,,,,,,,,,,
35th,Alvorada,,,,,,,,,,,,,,,,,,,,,,,,,,,,,,,,
35th,Big City Blues,,,,,,,,,,,,,,,,,,,,,,,,,,,,,,,,
35th,Billy Budd,,,,,,,,,,,,,,,,,,,,,,,,,,,,,,,,
35th,Billy Rose's Jumbo,,,,,,,,,,,,,,,,,,,,,,,,,,,,,,,,
35th,Electra,,,,,,,,,,,,,,,,,,,,,,,,,,,,,,,,
35th,Gigot,,,,,,,,,,,,,,,,,,,,,,,,,,,,,,,,
35th,Hatari!,,,,,,,,,,,,,,,,,,,,,,,,,,,,,,,,
35th,Icarus Montgolfier Wright,,,,,,,,,,,,,,,,,,,,,,,,,,,,,,,,
35th,Keeper of Promises,,,,,,,,,,,,,,,,,,,,,,,,,,,,,,,,
35th,Last Year at Marienbad,,,,,,,,,,,,,,,,,,,,,,,,,,,,,,,,
35th,Lolita,,,,,,,,,,,,,,,,,,,,,,,,,,,,,,,,
35th,Long Day's Journey into Night,,,,,,,,,,,,,,,,,,,,,,,,,,,,,,,,
35th,My Geisha,,,,,,,,,,,,,,,,,,,,,,,,,,,,,,,,
35th,Now Hear This,,,,,,,,,,,,,,,,,,,,,,,,,,,,,,,,
35th,Pan,,,,,,,,,,,,,,,,,,,,,,,,,,,,,,,,
35th,Period of Adjustment,,,,,,,,,,,,,,,,,,,,,,,,,,,,,,,,
35th,Phaedra,,,,,,,,,,,,,,,,,,,,,,,,,,,,,,,,
35th,Self Defense... for Cowards,,,,,,,,,,,,,,,,,,,,,,,,,,,,,,,,
35th,Taras Bulba,,,,,,,,,,,,,,,,,,,,,,,,,,,,,,,,
35th,Tender Is the Night,,,,,,,,,,,,,,,,,,,,,,,,,,,,,,,,
35th,The Cadillac,,,,,,,,,,,,,,,,,,,,,,,,,,,,,,,,
35th,The Cliff Dwellers,,,,,,,,,,,,,,,,,,,,,,,,,,,,,,,,
35th / 36th,The Four Days of Naples,,,,,,,,,,,,,,,,,,,,,,,,,,,,,,,,
35th,The John Glenn Story,,,,,,,,,,,,,,,,,,,,,,,,,,,,,,,,
35th,The Man Who Shot Liberty Valance,,,,,,,,,,,,,,,,,,,,,,,,,,,,,,,,
35th,The Pigeon That Took Rome,,,,,,,,,,,,,,,,,,,,,,,,,,,,,,,,
35th,The Road to the Wall,,,,,,,,,,,,,,,,,,,,,,,,,,,,,,,,
35th,Tlayucan,,,,,,,,,,,,,,,,,,,,,,,,,,,,,,,,
35th,Walk on the Wild Side,,,,,,,,,,,,,,,,,,,,,,,,,,,,,,,,
36th,Tom Jones,,,,,,,,,,,,,,,,,,,,,,,,,,,,,,,,
36th,Cleopatra,,,,,,,,,,,,,,,,,,,,,,,,,,,,,,,,
36th,How the West Was Won,,,,,,,,,,,,,,,,,,,,,,,,,,,,,,,,
36th,Hud,,,,,,,,,,,,,,,,,,,,,,,,,,,,,,,,
36th,8½,,,,,,,,,,,,,,,,,,,,,,,,,,,,,,,,
36th,"It's a Mad, Mad, Mad, Mad World",,,,,,,,,,,,,,,,,,,,,,,,,,,,,,,,
36th,Lilies of the Field,,,,,,,,,,,,,,,,,,,,,,,,,,,,,,,,
36th,America America,,,,,,,,,,,,,,,,,,,,,,,,,,,,,,,,
36th,Irma la Douce,,,,,,,,,,,,,,,,,,,,,,,,,,,,,,,,
36th,An Occurrence at Owl Creek Bridge,,,,,,,,,,,,,,,,,,,,,,,,,,,,,,,,
36th,Chagall,,,,,,,,,,,,,,,,,,,,,,,,,,,,,,,,
36th,Papa's Delicate Condition,,,,,,,,,,,,,,,,,,,,,,,,,,,,,,,,
36th,Robert Frost: A Lover's Quarrel with the World,,,,,,,,,,,,,,,,,,,,,,,,,,,,,,,,
36th,The Critic,,,,,,,,,,,,,,,,,,,,,,,,,,,,,,,,
36th,The V.I.P.s,,,,,,,,,,,,,,,,,,,,,,,,,,,,,,,,
36th,The Cardinal,,,,,,,,,,,,,,,,,,,,,,,,,,,,,,,,
36th,Love with the Proper Stranger,,,,,,,,,,,,,,,,,,,,,,,,,,,,,,,,
36th,"Captain Newman, M.D.",,,,,,,,,,,,,,,,,,,,,,,,,,,,,,,,
36th,55 Days at Peking,,,,,,,,,,,,,,,,,,,,,,,,,,,,,,,,
36th,A New Kind of Love,,,,,,,,,,,,,,,,,,,,,,,,,,,,,,,,
36th,Bye Bye Birdie,,,,,,,,,,,,,,,,,,,,,,,,,,,,,,,,
36th,This Sporting Life,,,,,,,,,,,,,,,,,,,,,,,,,,,,,,,,
36th,Twilight of Honor,,,,,,,,,,,,,,,,,,,,,,,,,,,,,,,,
36th,A Gathering of Eagles,,,,,,,,,,,,,,,,,,,,,,,,,,,,,,,,
36th,Automania 2000,,,,,,,,,,,,,,,,,,,,,,,,,,,,,,,,
36th,Charade,,,,,,,,,,,,,,,,,,,,,,,,,,,,,,,,
36th,Come Blow Your Horn,,,,,,,,,,,,,,,,,,,,,,,,,,,,,,,,
36th,The Home-Made Car,,,,,,,,,,,,,,,,,,,,,,,,,,,,,,,,
36th,Knife in the Water,,,,,,,,,,,,,,,,,,,,,,,,,,,,,,,,
36th,Le Maillon et la Chaine,,,,,,,,,,,,,,,,,,,,,,,,,,,,,,,,
36th,Los Tarantos,,,,,,,,,,,,,,,,,,,,,,,,,,,,,,,,
36th,Mondo Cane,,,,,,,,,,,,,,,,,,,,,,,,,,,,,,,,
36th,My Financial Career,,,,,,,,,,,,,,,,,,,,,,,,,,,,,,,,
36th,Pianissimo,,,,,,,,,,,,,,,,,,,,,,,,,,,,,,,,
36th,The Six-Sided Triangle,,,,,,,,,,,,,,,,,,,,,,,,,,,,,,,,
36th,Terminus,,,,,,,,,,,,,,,,,,,,,,,,,,,,,,,,
36th,That's Me,,,,,,,,,,,,,,,,,,,,,,,,,,,,,,,,
36th,The Balcony,,,,,,,,,,,,,,,,,,,,,,,,,,,,,,,,
36th,The Birds,,,,,,,,,,,,,,,,,,,,,,,,,,,,,,,,
36th,The Caretakers,,,,,,,,,,,,,,,,,,,,,,,,,,,,,,,,
36th,The Concert,,,,,,,,,,,,,,,,,,,,,,,,,,,,,,,,
36th,The Five Cities of June,,,,,,,,,,,,,,,,,,,,,,,,,,,,,,,,
36th,The Game,,,,,,,,,,,,,,,,,,,,,,,,,,,,,,,,
36th,The Great Escape,,,,,,,,,,,,,,,,,,,,,,,,,,,,,,,,
36th,The L-Shaped Room,,,,,,,,,,,,,,,,,,,,,,,,,,,,,,,,
36th,The Leopard,,,,,,,,,,,,,,,,,,,,,,,,,,,,,,,,
36th,The Red Lanterns,,,,,,,,,,,,,,,,,,,,,,,,,,,,,,,,
36th,The Spirit of America,,,,,,,,,,,,,,,,,,,,,,,,,,,,,,,,
36th,The Stripper,,,,,,,,,,,,,,,,,,,,,,,,,,,,,,,,
36th,The Sword in the Stone,,,,,,,,,,,,,,,,,,,,,,,,,,,,,,,,
36th,The Yanks Are Coming,,,,,,,,,,,,,,,,,,,,,,,,,,,,,,,,
36th,Thirty Million Letters,,,,,,,,,,,,,,,,,,,,,,,,,,,,,,,,
36th,To Live Again,,,,,,,,,,,,,,,,,,,,,,,,,,,,,,,,
36th,Toys in the Attic,,,,,,,,,,,,,,,,,,,,,,,,,,,,,,,,
36th,Twin Sisters of Kyoto,,,,,,,,,,,,,,,,,,,,,,,,,,,,,,,,
36th,Wives and Lovers,,,,,,,,,,,,,,,,,,,,,,,,,,,,,,,,
37th,My Fair Lady,,,,,,,,,,,,,,,,,,,,,,,,,,,,,,,,
37th,Mary Poppins,,,,,,,,,,,,,,,,,,,,,,,,,,,,,,,,
37th,Zorba the Greek,,,,,,,,,,,,,,,,,,,,,,,,,,,,,,,,
37th,Becket,,,,,,,,,,,,,,,,,,,,,,,,,,,,,,,,
37th,The Night of the Iguana,,,,,,,,,,,,,,,,,,,,,,,,,,,,,,,,
37th,Father Goose,,,,,,,,,,,,,,,,,,,,,,,,,,,,,,,,
37th,Casals Conducts: 1964,,,,,,,,,,,,,,,,,,,,,,,,,,,,,,,,
37th,Goldfinger,,,,,,,,,,,,,,,,,,,,,,,,,,,,,,,,
37th,Jacques-Yves Coustrau's World Without Sun,,,,,,,,,,,,,,,,,,,,,,,,,,,,,,,,
37th,Nine from Little Rock,,,,,,,,,,,,,,,,,,,,,,,,,,,,,,,,
37th,The Pink Phink,,,,,,,,,,,,,,,,,,,,,,,,,,,,,,,,
37th,Topkapi,,,,,,,,,,,,,,,,,,,,,,,,,,,,,,,,
37th,"Yesterday, Today and Tomorrow",,,,,,,,,,,,,,,,,,,,,,,,,,,,,,,,
37th,"Hush...Hush, Sweet Charlotte",,,,,,,,,,,,,,,,,,,,,,,,,,,,,,,,
37th,The Unsinkable Molly Brown,,,,,,,,,,,,,,,,,,,,,,,,,,,,,,,,
37th,Dr. Strangelove or: How I Learned to Stop Worrying and Love the Bomb,,,,,,,,,,,,,,,,,,,,,,,,,,,,,,,,
37th,A Hard Day's Night,,,,,,,,,,,,,,,,,,,,,,,,,,,,,,,,
37th,Robin and the 7 Hoods,,,,,,,,,,,,,,,,,,,,,,,,,,,,,,,,
37th,Seven Days in May,,,,,,,,,,,,,,,,,,,,,,,,,,,,,,,,
37th,The Americanization of Emily,,,,,,,,,,,,,,,,,,,,,,,,,,,,,,,,
37th,What a Way to Go!,,,,,,,,,,,,,,,,,,,,,,,,,,,,,,,,
37th,14-18,,,,,,,,,,,,,,,,,,,,,,,,,,,,,,,,
37th,140 Days Under the World,,,,,,,,,,,,,,,,,,,,,,,,,,,,,,,,
37th,7 Faces of Dr. Lao,,,,,,,,,,,,,,,,,,,,,,,,,,,,,,,,
37th,A House Is Not a Home,,,,,,,,,,,,,,,,,,,,,,,,,,,,,,,,
37th,Breaking the Habit,,,,,,,,,,,,,,,,,,,,,,,,,,,,,,,,
37th,Cheyenne Autumn,,,,,,,,,,,,,,,,,,,,,,,,,,,,,,,,
37th,Children Without,,,,,,,,,,,,,,,,,,,,,,,,,,,,,,,,
37th,Christmas Cracker,,,,,,,,,,,,,,,,,,,,,,,,,,,,,,,,
37th,Dear Heart,,,,,,,,,,,,,,,,,,,,,,,,,,,,,,,,
37th,Eskimo Artist: Kenojuak,,,,,,,,,,,,,,,,,,,,,,,,,,,,,,,,
37th,Fate Is the Hunter,,,,,,,,,,,,,,,,,,,,,,,,,,,,,,,,
37th,Four Days in November,,,,,,,,,,,,,,,,,,,,,,,,,,,,,,,,
37th,Help! My Snowman's Burning Down,,,,,,,,,,,,,,,,,,,,,,,,,,,,,,,,
37th,How to Avoid Friendship,,,,,,,,,,,,,,,,,,,,,,,,,,,,,,,,
37th,Kisses for My President,,,,,,,,,,,,,,,,,,,,,,,,,,,,,,,,
37th / 38th,Marriage Italian Style,,,,,,,,,,,,,,,,,,,,,,,,,,,,,,,,
37th,Nudnik #2,,,,,,,,,,,,,,,,,,,,,,,,,,,,,,,,
37th,"One Potato, Two Potato",,,,,,,,,,,,,,,,,,,,,,,,,,,,,,,,
37th,Raven's End,,,,,,,,,,,,,,,,,,,,,,,,,,,,,,,,
37th,Sallah Shabati,,,,,,,,,,,,,,,,,,,,,,,,,,,,,,,,
37th,Séance on a Wet Afternoon,,,,,,,,,,,,,,,,,,,,,,,,,,,,,,,,
37th,That Man from Rio,,,,,,,,,,,,,,,,,,,,,,,,,,,,,,,,
37th,The Best Man,,,,,,,,,,,,,,,,,,,,,,,,,,,,,,,,
37th,The Chalk Garden,,,,,,,,,,,,,,,,,,,,,,,,,,,,,,,,
37th,The Fall of the Roman Empire,,,,,,,,,,,,,,,,,,,,,,,,,,,,,,,,
37th,The Finest Hours,,,,,,,,,,,,,,,,,,,,,,,,,,,,,,,,
37th,The Human Dutch,,,,,,,,,,,,,,,,,,,,,,,,,,,,,,,,
37th,The Legend of Jimmy Blue Eyes,,,,,,,,,,,,,,,,,,,,,,,,,,,,,,,,
37th,The Lively Set,,,,,,,,,,,,,,,,,,,,,,,,,,,,,,,,
37th,The Organizer,,,,,,,,,,,,,,,,,,,,,,,,,,,,,,,,
37th,The Pink Panther,,,,,,,,,,,,,,,,,,,,,,,,,,,,,,,,
37th,The Pumpkin Eater,,,,,,,,,,,,,,,,,,,,,,,,,,,,,,,,
37th / 38th,The Umbrellas of Cherbourg,,,,,,,,,,,,,,,,,,,,,,,,,,,,,,,,
37th,The Visit,,,,,,,,,,,,,,,,,,,,,,,,,,,,,,,,
37th,Where Love Has Gone,,,,,,,,,,,,,,,,,,,,,,,,,,,,,,,,
37th / 38th,Woman in the Dunes,,,,,,,,,,,,,,,,,,,,,,,,,,,,,,,,
38th,The Sound of Music,,,,,,,,,,,,,,,,,,,,,,,,,,,,,,,,
38th,Doctor Zhivago,,,,,,,,,,,,,,,,,,,,,,,,,,,,,,,,
38th,Darling,,,,,,,,,,,,,,,,,,,,,,,,,,,,,,,,
38th,Ship of Fools,,,,,,,,,,,,,,,,,,,,,,,,,,,,,,,,
38th,A Patch of Blue,,,,,,,,,,,,,,,,,,,,,,,,,,,,,,,,
38th,Cat Ballou,,,,,,,,,,,,,,,,,,,,,,,,,,,,,,,,
38th,The Great Race,,,,,,,,,,,,,,,,,,,,,,,,,,,,,,,,
38th,A Thousand Clowns,,,,,,,,,,,,,,,,,,,,,,,,,,,,,,,,
38th,The Chicken,,,,,,,,,,,,,,,,,,,,,,,,,,,,,,,,
38th,The Dot and the Line,,,,,,,,,,,,,,,,,,,,,,,,,,,,,,,,
38th,The Eleanor Roosevelt Story,,,,,,,,,,,,,,,,,,,,,,,,,,,,,,,,
38th,The Sandpiper,,,,,,,,,,,,,,,,,,,,,,,,,,,,,,,,
38th / 39th,The Shop on Main Street,,,,,,,,,,,,,,,,,,,,,,,,,,,,,,,,
38th,Thunderball,,,,,,,,,,,,,,,,,,,,,,,,,,,,,,,,
38th,To Be Alive!,,,,,,,,,,,,,,,,,,,,,,,,,,,,,,,,
38th,The Agony and the Ecstasy,,,,,,,,,,,,,,,,,,,,,,,,,,,,,,,,
38th,The Greatest Story Ever Told,,,,,,,,,,,,,,,,,,,,,,,,,,,,,,,,
38th,Othello,,,,,,,,,,,,,,,,,,,,,,,,,,,,,,,,
38th,Inside Daisy Clover,,,,,,,,,,,,,,,,,,,,,,,,,,,,,,,,
38th,The Collector,,,,,,,,,,,,,,,,,,,,,,,,,,,,,,,,
38th,King Rat,,,,,,,,,,,,,,,,,,,,,,,,,,,,,,,,
38th,Morituri,,,,,,,,,,,,,,,,,,,,,,,,,,,,,,,,
38th,The Flight of the Phoenix,,,,,,,,,,,,,,,,,,,,,,,,,,,,,,,,
38th,The Slender Thread,,,,,,,,,,,,,,,,,,,,,,,,,,,,,,,,
38th,The Spy Who Came In from the Cold,,,,,,,,,,,,,,,,,,,,,,,,,,,,,,,,
38th,A Rage to Live,,,,,,,,,,,,,,,,,,,,,,,,,,,,,,,,
38th,Blood on the Land,,,,,,,,,,,,,,,,,,,,,,,,,,,,,,,,
38th,Casanova 70,,,,,,,,,,,,,,,,,,,,,,,,,,,,,,,,
38th,Clay or the Origin of Species,,,,,,,,,,,,,,,,,,,,,,,,,,,,,,,,
38th,Dear John,,,,,,,,,,,,,,,,,,,,,,,,,,,,,,,,
38th,Fortress of Peace,,,,,,,,,,,,,,,,,,,,,,,,,,,,,,,,
38th,In Harm's Way,,,,,,,,,,,,,,,,,,,,,,,,,,,,,,,,
38th,Kwaidan,,,,,,,,,,,,,,,,,,,,,,,,,,,,,,,,
38th,Let My People Go: The Story of Israel,,,,,,,,,,,,,,,,,,,,,,,,,,,,,,,,
38th,Mural on Our Street,,,,,,,,,,,,,,,,,,,,,,,,,,,,,,,,
38th,Nyitany,,,,,,,,,,,,,,,,,,,,,,,,,,,,,,,,
38th,Point of View,,,,,,,,,,,,,,,,,,,,,,,,,,,,,,,,
38th,Shenandoah,,,,,,,,,,,,,,,,,,,,,,,,,,,,,,,,
38th,Skaterdater,,,,,,,,,,,,,,,,,,,,,,,,,,,,,,,,
38th,Snow,,,,,,,,,,,,,,,,,,,,,,,,,,,,,,,,
38th,The Battle of the Bulge... The Brave Rifles,,,,,,,,,,,,,,,,,,,,,,,,,,,,,,,,
38th,The Forth Road Bridge,,,,,,,,,,,,,,,,,,,,,,,,,,,,,,,,
38th,The Pawnbroker,,,,,,,,,,,,,,,,,,,,,,,,,,,,,,,,
38th,The Pleasure Seekers,,,,,,,,,,,,,,,,,,,,,,,,,,,,,,,,
38th,The Thieving Magpie,,,,,,,,,,,,,,,,,,,,,,,,,,,,,,,,
38th,The Train,,,,,,,,,,,,,,,,,,,,,,,,,,,,,,,,
38th,Those Magnificent Men in Their Flying Machines,,,,,,,,,,,,,,,,,,,,,,,,,,,,,,,,
38th,Time Piece,,,,,,,,,,,,,,,,,,,,,,,,,,,,,,,,
38th,To Die in Madrid,,,,,,,,,,,,,,,,,,,,,,,,,,,,,,,,
38th,Von Ryan's Express,,,,,,,,,,,,,,,,,,,,,,,,,,,,,,,,
38th,What's New Pussycat?,,,,,,,,,,,,,,,,,,,,,,,,,,,,,,,,
38th,Yeats Country,,,,,,,,,,,,,,,,,,,,,,,,,,,,,,,,
39th,A Man for All Seasons,,,,,,,,,,,,,,,,,,,,,,,,,,,,,,,,
39th,Who's Afraid of Virginia Woolf?,,,,,,,,,,,,,,,,,,,,,,,,,,,,,,,,
39th,Grand Prix,,,,,,,,,,,,,,,,,,,,,,,,,,,,,,,,
39th,Fantastic Voyage,,,,,,,,,,,,,,,,,,,,,,,,,,,,,,,,
39th,A Man and a Woman,,,,,,,,,,,,,,,,,,,,,,,,,,,,,,,,
39th,Born Free,,,,,,,,,,,,,,,,,,,,,,,,,,,,,,,,
39th,The Fortune Cookie,,,,,,,,,,,,,,,,,,,,,,,,,,,,,,,,
39th,A Funny Thing Happened on the Way to the Forum,,,,,,,,,,,,,,,,,,,,,,,,,,,,,,,,
39th,A Herb Alpert and the Tijuana Brass Double Feature,,,,,,,,,,,,,,,,,,,,,,,,,,,,,,,,
39th,A Year Toward Tomorrow,,,,,,,,,,,,,,,,,,,,,,,,,,,,,,,,
39th,The War Game,,,,,,,,,,,,,,,,,,,,,,,,,,,,,,,,
39th,Wild Wings,,,,,,,,,,,,,,,,,,,,,,,,,,,,,,,,
39th,The Sand Pebbles,,,,,,,,,,,,,,,,,,,,,,,,,,,,,,,,
39th,Hawaii,,,,,,,,,,,,,,,,,,,,,,,,,,,,,,,,
39th,Alfie,,,,,,,,,,,,,,,,,,,,,,,,,,,,,,,,
39th,Georgy Girl,,,,,,,,,,,,,,,,,,,,,,,,,,,,,,,,
39th,"The Russians Are Coming, the Russians Are Coming",,,,,,,,,,,,,,,,,,,,,,,,,,,,,,,,
39th,Gambit,,,,,,,,,,,,,,,,,,,,,,,,,,,,,,,,
39th,The Gospel According to St. Matthew,,,,,,,,,,,,,,,,,,,,,,,,,,,,,,,,
39th,The Professionals,,,,,,,,,,,,,,,,,,,,,,,,,,,,,,,,
39th,Blowup,,,,,,,,,,,,,,,,,,,,,,,,,,,,,,,,
39th,Is Paris Burning?,,,,,,,,,,,,,,,,,,,,,,,,,,,,,,,,
39th,Juliet of the Spirits,,,,,,,,,,,,,,,,,,,,,,,,,,,,,,,,
39th,Mister Buddwing,,,,,,,,,,,,,,,,,,,,,,,,,,,,,,,,
39th,Morgan!,,,,,,,,,,,,,,,,,,,,,,,,,,,,,,,,
39th,The Oscar,,,,,,,,,,,,,,,,,,,,,,,,,,,,,,,,
39th,Adolescence,,,,,,,,,,,,,,,,,,,,,,,,,,,,,,,,
39th,An American Dream,,,,,,,,,,,,,,,,,,,,,,,,,,,,,,,,
39th,Cowboy,,,,,,,,,,,,,,,,,,,,,,,,,,,,,,,,
39th,Helicopter Canada,,,,,,,,,,,,,,,,,,,,,,,,,,,,,,,,
39th,Khartoum,,,,,,,,,,,,,,,,,,,,,,,,,,,,,,,,
39th,Le Volcan interdit,,,,,,,,,,,,,,,,,,,,,,,,,,,,,,,,
39th,Loves of a Blonde,,,,,,,,,,,,,,,,,,,,,,,,,,,,,,,,
39th,Mandragola,,,,,,,,,,,,,,,,,,,,,,,,,,,,,,,,
39th,Pharaoh,,,,,,,,,,,,,,,,,,,,,,,,,,,,,,,,
39th,Részletek J.S. Bach Máté passiójából,,,,,,,,,,,,,,,,,,,,,,,,,,,,,,,,
39th,Return of the Seven,,,,,,,,,,,,,,,,,,,,,,,,,,,,,,,,
39th,Seconds,,,,,,,,,,,,,,,,,,,,,,,,,,,,,,,,
39th,Stop the World – I Want to Get Off,,,,,,,,,,,,,,,,,,,,,,,,,,,,,,,,
39th / 41st,The Battle of Algiers,,,,,,,,,,,,,,,,,,,,,,,,,,,,,,,,
39th,The Bible: In the Beginning...,,,,,,,,,,,,,,,,,,,,,,,,,,,,,,,,
39th,The Drag,,,,,,,,,,,,,,,,,,,,,,,,,,,,,,,,
39th,The Face of a Genius,,,,,,,,,,,,,,,,,,,,,,,,,,,,,,,,
39th,The Naked Prey,,,,,,,,,,,,,,,,,,,,,,,,,,,,,,,,
39th,The Odds Against,,,,,,,,,,,,,,,,,,,,,,,,,,,,,,,,
39th,The Pink Blueprint,,,,,,,,,,,,,,,,,,,,,,,,,,,,,,,,
39th,The Really Big Family,,,,,,,,,,,,,,,,,,,,,,,,,,,,,,,,
39th,The Singing Nun,,,,,,,,,,,,,,,,,,,,,,,,,,,,,,,,
39th,The Winning Strain,,,,,,,,,,,,,,,,,,,,,,,,,,,,,,,,
39th,Three,,,,,,,,,,,,,,,,,,,,,,,,,,,,,,,,
39th,Turkey the Bridge,,,,,,,,,,,,,,,,,,,,,,,,,,,,,,,,
39th,You're a Big Boy Now,,,,,,,,,,,,,,,,,,,,,,,,,,,,,,,,
40th,In the Heat of the Night,,,,,,,,,,,,,,,,,,,,,,,,,,,,,,,,
40th,Camelot,,,,,,,,,,,,,,,,,,,,,,,,,,,,,,,,
40th,Bonnie and Clyde,,,,,,,,,,,,,,,,,,,,,,,,,,,,,,,,
40th,Guess Who's Coming to Dinner,,,,,,,,,,,,,,,,,,,,,,,,,,,,,,,,
40th,Doctor Dolittle,,,,,,,,,,,,,,,,,,,,,,,,,,,,,,,,
40th,The Graduate,,,,,,,,,,,,,,,,,,,,,,,,,,,,,,,,
40th,Thoroughly Modern Millie,,,,,,,,,,,,,,,,,,,,,,,,,,,,,,,,
40th,Cool Hand Luke,,,,,,,,,,,,,,,,,,,,,,,,,,,,,,,,
40th,The Dirty Dozen,,,,,,,,,,,,,,,,,,,,,,,,,,,,,,,,
40th,A Place to Stand,,,,,,,,,,,,,,,,,,,,,,,,,,,,,,,,
40th,Closely Watched Trains,,,,,,,,,,,,,,,,,,,,,,,,,,,,,,,,
40th,The Anderson Platoon,,,,,,,,,,,,,,,,,,,,,,,,,,,,,,,,
40th,The Box,,,,,,,,,,,,,,,,,,,,,,,,,,,,,,,,
40th,The Redwoods,,,,,,,,,,,,,,,,,,,,,,,,,,,,,,,,
40th,In Cold Blood,,,,,,,,,,,,,,,,,,,,,,,,,,,,,,,,
40th,The Taming of the Shrew,,,,,,,,,,,,,,,,,,,,,,,,,,,,,,,,
40th,A King's Story,,,,,,,,,,,,,,,,,,,,,,,,,,,,,,,,
40th,A Time for Burning,,,,,,,,,,,,,,,,,,,,,,,,,,,,,,,,
40th,Banning,,,,,,,,,,,,,,,,,,,,,,,,,,,,,,,,
40th,Barefoot in the Park,,,,,,,,,,,,,,,,,,,,,,,,,,,,,,,,
40th,Beach Red,,,,,,,,,,,,,,,,,,,,,,,,,,,,,,,,
40th,Casino Royale,,,,,,,,,,,,,,,,,,,,,,,,,,,,,,,,
40th,Divorce American Style,,,,,,,,,,,,,,,,,,,,,,,,,,,,,,,,
40th,El amor brujo,,,,,,,,,,,,,,,,,,,,,,,,,,,,,,,,
40th,Far from the Madding Crowd,,,,,,,,,,,,,,,,,,,,,,,,,,,,,,,,
40th,Festival,,,,,,,,,,,,,,,,,,,,,,,,,,,,,,,,
40th,Harvest,,,,,,,,,,,,,,,,,,,,,,,,,,,,,,,,
40th,Hypothese Beta,,,,,,,,,,,,,,,,,,,,,,,,,,,,,,,,
40th,I Even Met Happy Gypsies,,,,,,,,,,,,,,,,,,,,,,,,,,,,,,,,
40th,Live for Life,,,,,,,,,,,,,,,,,,,,,,,,,,,,,,,,
40th,Monument to the Dream,,,,,,,,,,,,,,,,,,,,,,,,,,,,,,,,
40th,Paddle to the Sea,,,,,,,,,,,,,,,,,,,,,,,,,,,,,,,,
40th,Portrait of Chieko,,,,,,,,,,,,,,,,,,,,,,,,,,,,,,,,
40th,See You at the Pillar,,,,,,,,,,,,,,,,,,,,,,,,,,,,,,,,
40th,Sky Over Holland,,,,,,,,,,,,,,,,,,,,,,,,,,,,,,,,
40th,Stop Look and Listen,,,,,,,,,,,,,,,,,,,,,,,,,,,,,,,,
40th,The Happiest Millionaire,,,,,,,,,,,,,,,,,,,,,,,,,,,,,,,,
40th,The Jungle Book,,,,,,,,,,,,,,,,,,,,,,,,,,,,,,,,
40th,The War Is Over,,,,,,,,,,,,,,,,,,,,,,,,,,,,,,,,
40th,The Whisperers,,,,,,,,,,,,,,,,,,,,,,,,,,,,,,,,
40th,Tobruk,,,,,,,,,,,,,,,,,,,,,,,,,,,,,,,,
40th,Two for the Road,,,,,,,,,,,,,,,,,,,,,,,,,,,,,,,,
40th,Ulysses,,,,,,,,,,,,,,,,,,,,,,,,,,,,,,,,
40th,Valley of the Dolls,,,,,,,,,,,,,,,,,,,,,,,,,,,,,,,,
40th,Wait Until Dark,,,,,,,,,,,,,,,,,,,,,,,,,,,,,,,,
40th,What on Earth!,,,,,,,,,,,,,,,,,,,,,,,,,,,,,,,,
40th,While I Run This Race,,,,,,,,,,,,,,,,,,,,,,,,,,,,,,,,
41st,Oliver!,,,,,,,,,,,,,,,,,,,,,,,,,,,,,,,,
41st,The Lion in Winter,,,,,,,,,,,,,,,,,,,,,,,,,,,,,,,,
41st,Romeo and Juliet,,,,,,,,,,,,,,,,,,,,,,,,,,,,,,,,
41st,Funny Girl,,,,,,,,,,,,,,,,,,,,,,,,,,,,,,,,
41st,2001: A Space Odyssey,,,,,,,,,,,,,,,,,,,,,,,,,,,,,,,,
41st,Bullitt,,,,,,,,,,,,,,,,,,,,,,,,,,,,,,,,
41st,Rosemary's Baby,,,,,,,,,,,,,,,,,,,,,,,,,,,,,,,,
41st,The Producers,,,,,,,,,,,,,,,,,,,,,,,,,,,,,,,,
41st,The Subject Was Roses,,,,,,,,,,,,,,,,,,,,,,,,,,,,,,,,
41st,The Thomas Crown Affair,,,,,,,,,,,,,,,,,,,,,,,,,,,,,,,,
41st,War and Peace,,,,,,,,,,,,,,,,,,,,,,,,,,,,,,,,
41st,Charly,,,,,,,,,,,,,,,,,,,,,,,,,,,,,,,,
41st,Journey into Self,,,,,,,,,,,,,,,,,,,,,,,,,,,,,,,,
41st,Robert Kennedy Remembered,,,,,,,,,,,,,,,,,,,,,,,,,,,,,,,,
41st,Why Man Creates,,,,,,,,,,,,,,,,,,,,,,,,,,,,,,,,
41st,Winnie the Pooh and the Blustery Day,,,,,,,,,,,,,,,,,,,,,,,,,,,,,,,,
41st,Star!,,,,,,,,,,,,,,,,,,,,,,,,,,,,,,,,
41st,"Rachel, Rachel",,,,,,,,,,,,,,,,,,,,,,,,,,,,,,,,
41st,Faces,,,,,,,,,,,,,,,,,,,,,,,,,,,,,,,,
41st,Finian's Rainbow,,,,,,,,,,,,,,,,,,,,,,,,,,,,,,,,
41st,Ice Station Zebra,,,,,,,,,,,,,,,,,,,,,,,,,,,,,,,,
41st,Planet of the Apes,,,,,,,,,,,,,,,,,,,,,,,,,,,,,,,,
41st,The Heart Is a Lonely Hunter,,,,,,,,,,,,,,,,,,,,,,,,,,,,,,,,
41st,The Odd Couple,,,,,,,,,,,,,,,,,,,,,,,,,,,,,,,,
41st,The Shoes of the Fisherman,,,,,,,,,,,,,,,,,,,,,,,,,,,,,,,,
41st,A Few Notes on Our Food Problem,,,,,,,,,,,,,,,,,,,,,,,,,,,,,,,,
41st,A Space to Grow,,,,,,,,,,,,,,,,,,,,,,,,,,,,,,,,
41st,A Way Out of the Wilderness,,,,,,,,,,,,,,,,,,,,,,,,,,,,,,,,
41st,Chitty Chitty Bang Bang,,,,,,,,,,,,,,,,,,,,,,,,,,,,,,,,
41st,Duo,,,,,,,,,,,,,,,,,,,,,,,,,,,,,,,,
41st,For Love of Ivy,,,,,,,,,,,,,,,,,,,,,,,,,,,,,,,,
41st,Hot Millions,,,,,,,,,,,,,,,,,,,,,,,,,,,,,,,,
41st,Isadora,,,,,,,,,,,,,,,,,,,,,,,,,,,,,,,,
41st,Other Voices,,,,,,,,,,,,,,,,,,,,,,,,,,,,,,,,
41st,Prelude,,,,,,,,,,,,,,,,,,,,,,,,,,,,,,,,
41st,Stolen Kisses,,,,,,,,,,,,,,,,,,,,,,,,,,,,,,,,
41st,The Boys of Paul Street,,,,,,,,,,,,,,,,,,,,,,,,,,,,,,,,
41st,The Dove,,,,,,,,,,,,,,,,,,,,,,,,,,,,,,,,
41st,The Firemen's Ball,,,,,,,,,,,,,,,,,,,,,,,,,,,,,,,,
41st,The Fixer,,,,,,,,,,,,,,,,,,,,,,,,,,,,,,,,
41st,The Fox,,,,,,,,,,,,,,,,,,,,,,,,,,,,,,,,
41st,The Girl with the Pistol,,,,,,,,,,,,,,,,,,,,,,,,,,,,,,,,
41st,The House That Ananda Built,,,,,,,,,,,,,,,,,,,,,,,,,,,,,,,,
41st,The House That Jack Built,,,,,,,,,,,,,,,,,,,,,,,,,,,,,,,,
41st,Legendary Champions,,,,,,,,,,,,,,,,,,,,,,,,,,,,,,,,
41st,The Magic Pear Tree,,,,,,,,,,,,,,,,,,,,,,,,,,,,,,,,
41st,The Revolving Door,,,,,,,,,,,,,,,,,,,,,,,,,,,,,,,,
41st,The Young Girls of Rochefort,,,,,,,,,,,,,,,,,,,,,,,,,,,,,,,,
41st,Wild in the Streets,,,,,,,,,,,,,,,,,,,,,,,,,,,,,,,,
41st,Windy Day,,,,,,,,,,,,,,,,,,,,,,,,,,,,,,,,
41st,Young Americans,,,,,,,,,,,,,,,,,,,,,,,,,,,,,,,,
42nd,Midnight Cowboy,,,,,,,,,,,,,,,,,,,,,,,,,,,,,,,,
42nd,Butch Cassidy and the Sundance Kid,,,,,,,,,,,,,,,,,,,,,,,,,,,,,,,,
42nd,"Hello, Dolly!",,,,,,,,,,,,,,,,,,,,,,,,,,,,,,,,
42nd,Z,,,,,,,,,,,,,,,,,,,,,,,,,,,,,,,,
42nd,Anne of the Thousand Days,,,,,,,,,,,,,,,,,,,,,,,,,,,,,,,,
42nd,"They Shoot Horses, Don't They?",,,,,,,,,,,,,,,,,,,,,,,,,,,,,,,,
42nd,Marooned,,,,,,,,,,,,,,,,,,,,,,,,,,,,,,,,
42nd,The Magic Machines,,,,,,,,,,,,,,,,,,,,,,,,,,,,,,,,
42nd,The Prime of Miss Jean Brodie,,,,,,,,,,,,,,,,,,,,,,,,,,,,,,,,
42nd,True Grit,,,,,,,,,,,,,,,,,,,,,,,,,,,,,,,,
42nd,Arthur Rubinstein – The Love of Life,,,,,,,,,,,,,,,,,,,,,,,,,,,,,,,,
42nd,Cactus Flower,,,,,,,,,,,,,,,,,,,,,,,,,,,,,,,,
42nd,Czechoslovakia 1968,,,,,,,,,,,,,,,,,,,,,,,,,,,,,,,,
42nd,It's Tough to Be a Bird,,,,,,,,,,,,,,,,,,,,,,,,,,,,,,,,
42nd,Bob & Carol & Ted & Alice,,,,,,,,,,,,,,,,,,,,,,,,,,,,,,,,
42nd,"Gaily, Gaily",,,,,,,,,,,,,,,,,,,,,,,,,,,,,,,,
42nd,Sweet Charity,,,,,,,,,,,,,,,,,,,,,,,,,,,,,,,,
42nd,Easy Rider,,,,,,,,,,,,,,,,,,,,,,,,,,,,,,,,
42nd,"Goodbye, Mr. Chips",,,,,,,,,,,,,,,,,,,,,,,,,,,,,,,,
42nd,The Happy Ending,,,,,,,,,,,,,,,,,,,,,,,,,,,,,,,,
42nd,The Reivers,,,,,,,,,,,,,,,,,,,,,,,,,,,,,,,,
42nd,The Secret of Santa Vittoria,,,,,,,,,,,,,,,,,,,,,,,,,,,,,,,,
42nd,The Sterile Cuckoo,,,,,,,,,,,,,,,,,,,,,,,,,,,,,,,,
42nd,The Wild Bunch,,,,,,,,,,,,,,,,,,,,,,,,,,,,,,,,
42nd,Ådalen 31,,,,,,,,,,,,,,,,,,,,,,,,,,,,,,,,
42nd,Alice's Restaurant,,,,,,,,,,,,,,,,,,,,,,,,,,,,,,,,
42nd,An Impression of John Steinbeck: Writer,,,,,,,,,,,,,,,,,,,,,,,,,,,,,,,,
42nd,Battle of Neretva,,,,,,,,,,,,,,,,,,,,,,,,,,,,,,,,
42nd,Before the Mountain Was Moved,,,,,,,,,,,,,,,,,,,,,,,,,,,,,,,,
42nd,Blake,,,,,,,,,,,,,,,,,,,,,,,,,,,,,,,,
42nd,"Goodbye, Columbus",,,,,,,,,,,,,,,,,,,,,,,,,,,,,,,,
42nd,In the Year of the Pig,,,,,,,,,,,,,,,,,,,,,,,,,,,,,,,,
42nd,Jenny Is a Good Thing,,,,,,,,,,,,,,,,,,,,,,,,,,,,,,,,
42nd,"Krakatoa, East of Java",,,,,,,,,,,,,,,,,,,,,,,,,,,,,,,,
42nd,Last Summer,,,,,,,,,,,,,,,,,,,,,,,,,,,,,,,,
42nd,Leo Beuerman,,,,,,,,,,,,,,,,,,,,,,,,,,,,,,,,
42nd / 43rd,My Night at Maud's,,,,,,,,,,,,,,,,,,,,,,,,,,,,,,,,
42nd,Of Men and Demons,,,,,,,,,,,,,,,,,,,,,,,,,,,,,,,,
42nd,Olimpiada en México,,,,,,,,,,,,,,,,,,,,,,,,,,,,,,,,
42nd,Paint Your Wagon,,,,,,,,,,,,,,,,,,,,,,,,,,,,,,,,
42nd,People Soup,,,,,,,,,,,,,,,,,,,,,,,,,,,,,,,,
42nd,The Brothers Karamazov,,,,,,,,,,,,,,,,,,,,,,,,,,,,,,,,
42nd,The Damned,,,,,,,,,,,,,,,,,,,,,,,,,,,,,,,,
42nd,The Wolf Men,,,,,,,,,,,,,,,,,,,,,,,,,,,,,,,,
42nd,Walking,,,,,,,,,,,,,,,,,,,,,,,,,,,,,,,,
43rd,Patton,,,,,,,,,,,,,,,,,,,,,,,,,,,,,,,,
43rd,Ryan's Daughter,,,,,,,,,,,,,,,,,,,,,,,,,,,,,,,,
43rd,Airport,,,,,,,,,,,,,,,,,,,,,,,,,,,,,,,,
43rd,Love Story,,,,,,,,,,,,,,,,,,,,,,,,,,,,,,,,
43rd,M*A*S*H,,,,,,,,,,,,,,,,,,,,,,,,,,,,,,,,
43rd,Tora! Tora! Tora!,,,,,,,,,,,,,,,,,,,,,,,,,,,,,,,,
43rd,Women in Love,,,,,,,,,,,,,,,,,,,,,,,,,,,,,,,,
43rd,Lovers and Other Strangers,,,,,,,,,,,,,,,,,,,,,,,,,,,,,,,,
43rd,Woodstock,,,,,,,,,,,,,,,,,,,,,,,,,,,,,,,,
43rd,Cromwell,,,,,,,,,,,,,,,,,,,,,,,,,,,,,,,,
43rd,Interviews with My Lai Veterans,,,,,,,,,,,,,,,,,,,,,,,,,,,,,,,,
43rd / 44th,Investigation of a Citizen Above Suspicion,,,,,,,,,,,,,,,,,,,,,,,,,,,,,,,,
43rd,Is It Always Right to Be Right?,,,,,,,,,,,,,,,,,,,,,,,,,,,,,,,,
43rd,Let It Be,,,,,,,,,,,,,,,,,,,,,,,,,,,,,,,,
43rd,The Resurrection of Broncho Billy,,,,,,,,,,,,,,,,,,,,,,,,,,,,,,,,
43rd,Five Easy Pieces,,,,,,,,,,,,,,,,,,,,,,,,,,,,,,,,
43rd,Scrooge,,,,,,,,,,,,,,,,,,,,,,,,,,,,,,,,
43rd,Darling Lili,,,,,,,,,,,,,,,,,,,,,,,,,,,,,,,,
43rd,I Never Sang for My Father,,,,,,,,,,,,,,,,,,,,,,,,,,,,,,,,
43rd,The Great White Hope,,,,,,,,,,,,,,,,,,,,,,,,,,,,,,,,
43rd,A Boy Named Charlie Brown,,,,,,,,,,,,,,,,,,,,,,,,,,,,,,,,
43rd,A Long Way from Nowhere,,,,,,,,,,,,,,,,,,,,,,,,,,,,,,,,
43rd,Chariots of the Gods,,,,,,,,,,,,,,,,,,,,,,,,,,,,,,,,
43rd,Diary of a Mad Housewife,,,,,,,,,,,,,,,,,,,,,,,,,,,,,,,,
43rd,Fellini Satyricon,,,,,,,,,,,,,,,,,,,,,,,,,,,,,,,,
43rd,First Love,,,,,,,,,,,,,,,,,,,,,,,,,,,,,,,,
43rd,Hoa-Binh,,,,,,,,,,,,,,,,,,,,,,,,,,,,,,,,
43rd,I Girasoli,,,,,,,,,,,,,,,,,,,,,,,,,,,,,,,,
43rd,Jack Johnson,,,,,,,,,,,,,,,,,,,,,,,,,,,,,,,,
43rd,Joe,,,,,,,,,,,,,,,,,,,,,,,,,,,,,,,,
43rd,King: A Filmed Record... Montgomery to Memphis,,,,,,,,,,,,,,,,,,,,,,,,,,,,,,,,
43rd,Little Big Man,,,,,,,,,,,,,,,,,,,,,,,,,,,,,,,,
43rd,Madron,,,,,,,,,,,,,,,,,,,,,,,,,,,,,,,,
43rd,Oisin,,,,,,,,,,,,,,,,,,,,,,,,,,,,,,,,
43rd,Paix sur les champs,,,,,,,,,,,,,,,,,,,,,,,,,,,,,,,,
43rd,Pieces of Dreams,,,,,,,,,,,,,,,,,,,,,,,,,,,,,,,,
43rd,Say Goodbye,,,,,,,,,,,,,,,,,,,,,,,,,,,,,,,,
43rd,Shut Up... I'm Crying,,,,,,,,,,,,,,,,,,,,,,,,,,,,,,,,
43rd,Sticky My Fingers... Fleet My Feet,,,,,,,,,,,,,,,,,,,,,,,,,,,,,,,,
43rd,The Baby Maker,,,,,,,,,,,,,,,,,,,,,,,,,,,,,,,,
43rd,The Further Adventures of Uncle Sam: Part Two,,,,,,,,,,,,,,,,,,,,,,,,,,,,,,,,
43rd,The Gifts,,,,,,,,,,,,,,,,,,,,,,,,,,,,,,,,
43rd,The Hawaiians,,,,,,,,,,,,,,,,,,,,,,,,,,,,,,,,
43rd,The Landlord,,,,,,,,,,,,,,,,,,,,,,,,,,,,,,,,
43rd,The Molly Maguires,,,,,,,,,,,,,,,,,,,,,,,,,,,,,,,,
43rd,The Shepherd,,,,,,,,,,,,,,,,,,,,,,,,,,,,,,,,
43rd,Time Is Running Out,,,,,,,,,,,,,,,,,,,,,,,,,,,,,,,,
43rd,Tristana,,,,,,,,,,,,,,,,,,,,,,,,,,,,,,,,
44th,The French Connection,,,,,,,,,,,,,,,,,,,,,,,,,,,,,,,,
44th,Fiddler on the Roof,,,,,,,,,,,,,,,,,,,,,,,,,,,,,,,,
44th,The Last Picture Show,,,,,,,,,,,,,,,,,,,,,,,,,,,,,,,,
44th,Nicholas and Alexandra,,,,,,,,,,,,,,,,,,,,,,,,,,,,,,,,
44th,Sentinels of Silence,,,,,,,,,,,,,,,,,,,,,,,,,,,,,,,,
44th,Bedknobs and Broomsticks,,,,,,,,,,,,,,,,,,,,,,,,,,,,,,,,
44th,Summer of '42,,,,,,,,,,,,,,,,,,,,,,,,,,,,,,,,
44th,Klute,,,,,,,,,,,,,,,,,,,,,,,,,,,,,,,,
44th,Shaft,,,,,,,,,,,,,,,,,,,,,,,,,,,,,,,,
44th,The Garden of the Finzi-Continis,,,,,,,,,,,,,,,,,,,,,,,,,,,,,,,,
44th,The Hospital,,,,,,,,,,,,,,,,,,,,,,,,,,,,,,,,
44th,The Crunch Bird,,,,,,,,,,,,,,,,,,,,,,,,,,,,,,,,
44th,The Hellstrom Chronicle,,,,,,,,,,,,,,,,,,,,,,,,,,,,,,,,
44th,"Mary, Queen of Scots",,,,,,,,,,,,,,,,,,,,,,,,,,,,,,,,
44th,A Clockwork Orange,,,,,,,,,,,,,,,,,,,,,,,,,,,,,,,,
44th,Kotch,,,,,,,,,,,,,,,,,,,,,,,,,,,,,,,,
44th,Sunday Bloody Sunday,,,,,,,,,,,,,,,,,,,,,,,,,,,,,,,,
44th,Sometimes a Great Notion,,,,,,,,,,,,,,,,,,,,,,,,,,,,,,,,
44th,Tchaikovsky,,,,,,,,,,,,,,,,,,,,,,,,,,,,,,,,
44th,The Andromeda Strain,,,,,,,,,,,,,,,,,,,,,,,,,,,,,,,,
44th,Adventures in Perception,,,,,,,,,,,,,,,,,,,,,,,,,,,,,,,,
44th,Alaska Wilderness Lake,,,,,,,,,,,,,,,,,,,,,,,,,,,,,,,,
44th,Art Is...,,,,,,,,,,,,,,,,,,,,,,,,,,,,,,,,
44th,Bless the Beasts and Children,,,,,,,,,,,,,,,,,,,,,,,,,,,,,,,,
44th,Carnal Knowledge,,,,,,,,,,,,,,,,,,,,,,,,,,,,,,,,
44th,Death in Venice,,,,,,,,,,,,,,,,,,,,,,,,,,,,,,,,
44th,Diamonds Are Forever,,,,,,,,,,,,,,,,,,,,,,,,,,,,,,,,
44th,Dodes'ka-den,,,,,,,,,,,,,,,,,,,,,,,,,,,,,,,,
44th,Evolution,,,,,,,,,,,,,,,,,,,,,,,,,,,,,,,,
44th,Good Morning,,,,,,,,,,,,,,,,,,,,,,,,,,,,,,,,
44th,McCabe & Mrs. Miller,,,,,,,,,,,,,,,,,,,,,,,,,,,,,,,,
44th,On Any Sunday,,,,,,,,,,,,,,,,,,,,,,,,,,,,,,,,
44th,Ra,,,,,,,,,,,,,,,,,,,,,,,,,,,,,,,,
44th,Somebody Waiting,,,,,,,,,,,,,,,,,,,,,,,,,,,,,,,,
44th,Straw Dogs,,,,,,,,,,,,,,,,,,,,,,,,,,,,,,,,
44th,The Boy Friend,,,,,,,,,,,,,,,,,,,,,,,,,,,,,,,,
44th,The Conformist,,,,,,,,,,,,,,,,,,,,,,,,,,,,,,,,
44th / 45th,The Emigrants,,,,,,,,,,,,,,,,,,,,,,,,,,,,,,,,
44th,The Go-Between,,,,,,,,,,,,,,,,,,,,,,,,,,,,,,,,
44th,The Numbers Start with the River,,,,,,,,,,,,,,,,,,,,,,,,,,,,,,,,
44th,The Policeman,,,,,,,,,,,,,,,,,,,,,,,,,,,,,,,,
44th,The Rehearsal,,,,,,,,,,,,,,,,,,,,,,,,,,,,,,,,
44th,The Selfish Giant,,,,,,,,,,,,,,,,,,,,,,,,,,,,,,,,
44th,The Sorrow and the Pity,,,,,,,,,,,,,,,,,,,,,,,,,,,,,,,,
44th,What's the Matter with Helen?,,,,,,,,,,,,,,,,,,,,,,,,,,,,,,,,
44th,When Dinosaurs Ruled the Earth,,,,,,,,,,,,,,,,,,,,,,,,,,,,,,,,
44th,Who Is Harry Kellerman and Why Is He Saying Those Terrible Things About Me?,,,,,,,,,,,,,,,,,,,,,,,,,,,,,,,,
44th,Willy Wonka & the Chocolate Factory,,,,,,,,,,,,,,,,,,,,,,,,,,,,,,,,
45th,The Godfather,,,,,,,,,,,,,,,,,,,,,,,,,,,,,,,,
45th,Cabaret,,,,,,,,,,,,,,,,,,,,,,,,,,,,,,,,
45th,The Poseidon Adventure,,,,,,,,,,,,,,,,,,,,,,,,,,,,,,,,
45th,Travels with My Aunt,,,,,,,,,,,,,,,,,,,,,,,,,,,,,,,,
45th,Butterflies Are Free,,,,,,,,,,,,,,,,,,,,,,,,,,,,,,,,
45th,The Candidate,,,,,,,,,,,,,,,,,,,,,,,,,,,,,,,,
45th,The Discreet Charm of the Bourgeoisie,,,,,,,,,,,,,,,,,,,,,,,,,,,,,,,,
45th,A Christmas Carol,,,,,,,,,,,,,,,,,,,,,,,,,,,,,,,,
45th,Limelight,,,,,,,,,,,,,,,,,,,,,,,,,,,,,,,,
45th,Marjoe,,,,,,,,,,,,,,,,,,,,,,,,,,,,,,,,
45th,Norman Rockwell's World... An American Dream,,,,,,,,,,,,,,,,,,,,,,,,,,,,,,,,
45th,This Tiny World,,,,,,,,,,,,,,,,,,,,,,,,,,,,,,,,
45th,Lady Sings the Blues,,,,,,,,,,,,,,,,,,,,,,,,,,,,,,,,
45th,Sleuth,,,,,,,,,,,,,,,,,,,,,,,,,,,,,,,,
45th,Sounder,,,,,,,,,,,,,,,,,,,,,,,,,,,,,,,,
45th,Deliverance,,,,,,,,,,,,,,,,,,,,,,,,,,,,,,,,
45th,Young Winston,,,,,,,,,,,,,,,,,,,,,,,,,,,,,,,,
45th,Pete 'n' Tillie,,,,,,,,,,,,,,,,,,,,,,,,,,,,,,,,
45th,The Heartbreak Kid,,,,,,,,,,,,,,,,,,,,,,,,,,,,,,,,
45th,1776,,,,,,,,,,,,,,,,,,,,,,,,,,,,,,,,
45th,Ape and Super-Ape,,,,,,,,,,,,,,,,,,,,,,,,,,,,,,,,
45th,Ben,,,,,,,,,,,,,,,,,,,,,,,,,,,,,,,,
45th,Fat City,,,,,,,,,,,,,,,,,,,,,,,,,,,,,,,,
45th,Frog Story,,,,,,,,,,,,,,,,,,,,,,,,,,,,,,,,
45th,Hundertwasser's Rainy Day,,,,,,,,,,,,,,,,,,,,,,,,,,,,,,,,
45th,I Love You Rosa,,,,,,,,,,,,,,,,,,,,,,,,,,,,,,,,
45th,Images,,,,,,,,,,,,,,,,,,,,,,,,,,,,,,,,
45th,K-Z,,,,,,,,,,,,,,,,,,,,,,,,,,,,,,,,
45th,Kama Sutra Rides Again,,,,,,,,,,,,,,,,,,,,,,,,,,,,,,,,
45th,The Life and Times of Judge Roy Bean,,,,,,,,,,,,,,,,,,,,,,,,,,,,,,,,
45th,Malcolm X,,,,,,,,,,,,,,,,,,,,,,,,,,,,,,,,
45th,Man of La Mancha,,,,,,,,,,,,,,,,,,,,,,,,,,,,,,,,
45th,Manson,,,,,,,,,,,,,,,,,,,,,,,,,,,,,,,,
45th,Murmur of the Heart,,,,,,,,,,,,,,,,,,,,,,,,,,,,,,,,
45th,My Dearest Senorita,,,,,,,,,,,,,,,,,,,,,,,,,,,,,,,,
45th,Napoleon and Samantha,,,,,,,,,,,,,,,,,,,,,,,,,,,,,,,,
45th,Selling Out,,,,,,,,,,,,,,,,,,,,,,,,,,,,,,,,
45th,Solo,,,,,,,,,,,,,,,,,,,,,,,,,,,,,,,,
45th,The Dawns Here Are Quiet,,,,,,,,,,,,,,,,,,,,,,,,,,,,,,,,
45th,The Hot Rock,,,,,,,,,,,,,,,,,,,,,,,,,,,,,,,,
45th,The Little Ark,,,,,,,,,,,,,,,,,,,,,,,,,,,,,,,,
45th,The New Land,,,,,,,,,,,,,,,,,,,,,,,,,,,,,,,,
45th,The Ruling Class,,,,,,,,,,,,,,,,,,,,,,,,,,,,,,,,
45th,The Silent Revolution,,,,,,,,,,,,,,,,,,,,,,,,,,,,,,,,
45th,The Stepmother,,,,,,,,,,,,,,,,,,,,,,,,,,,,,,,,
45th,The Tide of Traffic,,,,,,,,,,,,,,,,,,,,,,,,,,,,,,,,
45th,Tup Tup,,,,,,,,,,,,,,,,,,,,,,,,,,,,,,,,
46th,The Sting,,,,,,,,,,,,,,,,,,,,,,,,,,,,,,,,
46th,The Exorcist,,,,,,,,,,,,,,,,,,,,,,,,,,,,,,,,
46th,The Way We Were,,,,,,,,,,,,,,,,,,,,,,,,,,,,,,,,
46th,A Touch of Class,,,,,,,,,,,,,,,,,,,,,,,,,,,,,,,,
46th,Cries and Whispers,,,,,,,,,,,,,,,,,,,,,,,,,,,,,,,,
46th,Paper Moon,,,,,,,,,,,,,,,,,,,,,,,,,,,,,,,,
46th,Save the Tiger,,,,,,,,,,,,,,,,,,,,,,,,,,,,,,,,
46th,The Paper Chase,,,,,,,,,,,,,,,,,,,,,,,,,,,,,,,,
46th / 47th,Day for Night,,,,,,,,,,,,,,,,,,,,,,,,,,,,,,,,
46th,Frank Film,,,,,,,,,,,,,,,,,,,,,,,,,,,,,,,,
46th,Princeton: A Search for Answers,,,,,,,,,,,,,,,,,,,,,,,,,,,,,,,,
46th,The Bolero,,,,,,,,,,,,,,,,,,,,,,,,,,,,,,,,
46th,The Great American Cowboy,,,,,,,,,,,,,,,,,,,,,,,,,,,,,,,,
46th,American Graffiti,,,,,,,,,,,,,,,,,,,,,,,,,,,,,,,,
46th,Cinderella Liberty,,,,,,,,,,,,,,,,,,,,,,,,,,,,,,,,
46th,The Last Detail,,,,,,,,,,,,,,,,,,,,,,,,,,,,,,,,
46th,Tom Sawyer,,,,,,,,,,,,,,,,,,,,,,,,,,,,,,,,
46th,Jonathan Livingston Seagull,,,,,,,,,,,,,,,,,,,,,,,,,,,,,,,,
46th,Last Tango in Paris,,,,,,,,,,,,,,,,,,,,,,,,,,,,,,,,
46th,Serpico,,,,,,,,,,,,,,,,,,,,,,,,,,,,,,,,
46th,"Summer Wishes, Winter Dreams",,,,,,,,,,,,,,,,,,,,,,,,,,,,,,,,
46th,The Day of the Dolphin,,,,,,,,,,,,,,,,,,,,,,,,,,,,,,,,
46th,Always a New Beginning,,,,,,,,,,,,,,,,,,,,,,,,,,,,,,,,
46th,Background,,,,,,,,,,,,,,,,,,,,,,,,,,,,,,,,
46th,Bang the Drum Slowly,,,,,,,,,,,,,,,,,,,,,,,,,,,,,,,,
46th,Battle of Berlin,,,,,,,,,,,,,,,,,,,,,,,,,,,,,,,,
46th,"Brother Sun, Sister Moon",,,,,,,,,,,,,,,,,,,,,,,,,,,,,,,,
46th,Christo's Valley Curtain,,,,,,,,,,,,,,,,,,,,,,,,,,,,,,,,
46th,Clockmaker,,,,,,,,,,,,,,,,,,,,,,,,,,,,,,,,
46th,Four Stones for Kanemitsu,,,,,,,,,,,,,,,,,,,,,,,,,,,,,,,,
46th,Jesus Christ Superstar,,,,,,,,,,,,,,,,,,,,,,,,,,,,,,,,
46th,Journey to the Outer Limits,,,,,,,,,,,,,,,,,,,,,,,,,,,,,,,,
46th,L'Invitation,,,,,,,,,,,,,,,,,,,,,,,,,,,,,,,,
46th,Life Times Nine,,,,,,,,,,,,,,,,,,,,,,,,,,,,,,,,
46th,Live and Let Die,,,,,,,,,,,,,,,,,,,,,,,,,,,,,,,,
46th,Ludwig,,,,,,,,,,,,,,,,,,,,,,,,,,,,,,,,
46th,Paisti ag obair,,,,,,,,,,,,,,,,,,,,,,,,,,,,,,,,
46th,Papillon,,,,,,,,,,,,,,,,,,,,,,,,,,,,,,,,
46th,Pulcinella,,,,,,,,,,,,,,,,,,,,,,,,,,,,,,,,
46th,Robin Hood,,,,,,,,,,,,,,,,,,,,,,,,,,,,,,,,
46th,The Day of the Jackal,,,,,,,,,,,,,,,,,,,,,,,,,,,,,,,,
46th,The House on Chelouche Street,,,,,,,,,,,,,,,,,,,,,,,,,,,,,,,,
46th,The Legend of John Henry,,,,,,,,,,,,,,,,,,,,,,,,,,,,,,,,
46th,The Pedestrian,,,,,,,,,,,,,,,,,,,,,,,,,,,,,,,,
46th,Turkish Delight,,,,,,,,,,,,,,,,,,,,,,,,,,,,,,,,
46th,Walls of Fire,,,,,,,,,,,,,,,,,,,,,,,,,,,,,,,,
47th,The Godfather Part II,,,,,,,,,,,,,,,,,,,,,,,,,,,,,,,,
47th,The Towering Inferno,,,,,,,,,,,,,,,,,,,,,,,,,,,,,,,,
47th,The Great Gatsby,,,,,,,,,,,,,,,,,,,,,,,,,,,,,,,,
47th,Chinatown,,,,,,,,,,,,,,,,,,,,,,,,,,,,,,,,
47th,Murder on the Orient Express,,,,,,,,,,,,,,,,,,,,,,,,,,,,,,,,
47th,Earthquake,,,,,,,,,,,,,,,,,,,,,,,,,,,,,,,,
47th,Alice Doesn't Live Here Anymore,,,,,,,,,,,,,,,,,,,,,,,,,,,,,,,,
47th,Harry and Tonto,,,,,,,,,,,,,,,,,,,,,,,,,,,,,,,,
47th / 48th,Amarcord,,,,,,,,,,,,,,,,,,,,,,,,,,,,,,,,
47th,Closed Mondays,,,,,,,,,,,,,,,,,,,,,,,,,,,,,,,,
47th,Don't,,,,,,,,,,,,,,,,,,,,,,,,,,,,,,,,
47th,Hearts and Minds,,,,,,,,,,,,,,,,,,,,,,,,,,,,,,,,
47th,One-Eyed Men Are Kings,,,,,,,,,,,,,,,,,,,,,,,,,,,,,,,,
47th,Lenny,,,,,,,,,,,,,,,,,,,,,,,,,,,,,,,,
47th,Blazing Saddles,,,,,,,,,,,,,,,,,,,,,,,,,,,,,,,,
47th,The Conversation,,,,,,,,,,,,,,,,,,,,,,,,,,,,,,,,
47th,A Woman Under the Influence,,,,,,,,,,,,,,,,,,,,,,,,,,,,,,,,
47th,The Little Prince,,,,,,,,,,,,,,,,,,,,,,,,,,,,,,,,
47th,Young Frankenstein,,,,,,,,,,,,,,,,,,,,,,,,,,,,,,,,
47th,Antonia: A Portrait of the Woman,,,,,,,,,,,,,,,,,,,,,,,,,,,,,,,,
47th,Benji,,,,,,,,,,,,,,,,,,,,,,,,,,,,,,,,
47th,Cats' Play,,,,,,,,,,,,,,,,,,,,,,,,,,,,,,,,
47th,City Out of Wilderness,,,,,,,,,,,,,,,,,,,,,,,,,,,,,,,,
47th,Claudine,,,,,,,,,,,,,,,,,,,,,,,,,,,,,,,,
47th,Climb,,,,,,,,,,,,,,,,,,,,,,,,,,,,,,,,
47th,Daisy Miller,,,,,,,,,,,,,,,,,,,,,,,,,,,,,,,,
47th,Exploratorium,,,,,,,,,,,,,,,,,,,,,,,,,,,,,,,,
47th,Gold,,,,,,,,,,,,,,,,,,,,,,,,,,,,,,,,
47th,Hunger,,,,,,,,,,,,,,,,,,,,,,,,,,,,,,,,
47th,John Muir's High Sierra,,,,,,,,,,,,,,,,,,,,,,,,,,,,,,,,
47th,"Lacombe, Lucien",,,,,,,,,,,,,,,,,,,,,,,,,,,,,,,,
47th,Naked Yoga,,,,,,,,,,,,,,,,,,,,,,,,,,,,,,,,
47th,Phantom of the Paradise,,,,,,,,,,,,,,,,,,,,,,,,,,,,,,,,
47th,Planet Ocean,,,,,,,,,,,,,,,,,,,,,,,,,,,,,,,,
47th,Shanks,,,,,,,,,,,,,,,,,,,,,,,,,,,,,,,,
47th,The 81st Blow,,,,,,,,,,,,,,,,,,,,,,,,,,,,,,,,
47th,The Apprenticeship of Duddy Kravitz,,,,,,,,,,,,,,,,,,,,,,,,,,,,,,,,
47th,The Challenge... A Tribute to Modern Art,,,,,,,,,,,,,,,,,,,,,,,,,,,,,,,,
47th,The Concert,,,,,,,,,,,,,,,,,,,,,,,,,,,,,,,,
47th,The Deluge,,,,,,,,,,,,,,,,,,,,,,,,,,,,,,,,
47th,The Family That Dwelt Apart,,,,,,,,,,,,,,,,,,,,,,,,,,,,,,,,
47th,The Island at the Top of the World,,,,,,,,,,,,,,,,,,,,,,,,,,,,,,,,
47th,The Longest Yard,,,,,,,,,,,,,,,,,,,,,,,,,,,,,,,,
47th,The Truce,,,,,,,,,,,,,,,,,,,,,,,,,,,,,,,,
47th,The Violin,,,,,,,,,,,,,,,,,,,,,,,,,,,,,,,,
47th,The Wild and the Brave,,,,,,,,,,,,,,,,,,,,,,,,,,,,,,,,
47th,Thunderbolt and Lightfoot,,,,,,,,,,,,,,,,,,,,,,,,,,,,,,,,
47th,Voyage to Next,,,,,,,,,,,,,,,,,,,,,,,,,,,,,,,,
47th,Winnie the Pooh and Tigger Too,,,,,,,,,,,,,,,,,,,,,,,,,,,,,,,,
48th,One Flew Over the Cuckoo's Nest,,,,,,,,,,,,,,,,,,,,,,,,,,,,,,,,
48th,Barry Lyndon,,,,,,,,,,,,,,,,,,,,,,,,,,,,,,,,
48th,Jaws,,,,,,,,,,,,,,,,,,,,,,,,,,,,,,,,
48th,Dog Day Afternoon,,,,,,,,,,,,,,,,,,,,,,,,,,,,,,,,
48th,Nashville,,,,,,,,,,,,,,,,,,,,,,,,,,,,,,,,
48th,Shampoo,,,,,,,,,,,,,,,,,,,,,,,,,,,,,,,,
48th,The Hindenburg,,,,,,,,,,,,,,,,,,,,,,,,,,,,,,,,
48th,The Sunshine Boys,,,,,,,,,,,,,,,,,,,,,,,,,,,,,,,,
48th,Angel and Big Joe,,,,,,,,,,,,,,,,,,,,,,,,,,,,,,,,
48th,Dersu Uzala,,,,,,,,,,,,,,,,,,,,,,,,,,,,,,,,
48th,Great,,,,,,,,,,,,,,,,,,,,,,,,,,,,,,,,
48th,The End of the Game,,,,,,,,,,,,,,,,,,,,,,,,,,,,,,,,
48th,The Man Who Skied Down Everest,,,,,,,,,,,,,,,,,,,,,,,,,,,,,,,,
48th,Funny Lady,,,,,,,,,,,,,,,,,,,,,,,,,,,,,,,,
48th,The Man Who Would Be King,,,,,,,,,,,,,,,,,,,,,,,,,,,,,,,,
48th,Bite the Bullet,,,,,,,,,,,,,,,,,,,,,,,,,,,,,,,,
48th,Profumo di donna,,,,,,,,,,,,,,,,,,,,,,,,,,,,,,,,
48th,The Day of the Locust,,,,,,,,,,,,,,,,,,,,,,,,,,,,,,,,
48th,The Wind and the Lion,,,,,,,,,,,,,,,,,,,,,,,,,,,,,,,,
48th,Tommy,,,,,,,,,,,,,,,,,,,,,,,,,,,,,,,,
48th,A Day in the Life of Bonnie Consolo,,,,,,,,,,,,,,,,,,,,,,,,,,,,,,,,
48th,And Now My Love,,,,,,,,,,,,,,,,,,,,,,,,,,,,,,,,
48th,Arthur and Lillie,,,,,,,,,,,,,,,,,,,,,,,,,,,,,,,,
48th,"Birds Do It, Bees Do It",,,,,,,,,,,,,,,,,,,,,,,,,,,,,,,,
48th,Conquest of Light,,,,,,,,,,,,,,,,,,,,,,,,,,,,,,,,
48th,Dawn Flight,,,,,,,,,,,,,,,,,,,,,,,,,,,,,,,,
48th,Doubletalk,,,,,,,,,,,,,,,,,,,,,,,,,,,,,,,,
48th,"Farewell, My Lovely",,,,,,,,,,,,,,,,,,,,,,,,,,,,,,,,
48th,Fighting for Our Lives,,,,,,,,,,,,,,,,,,,,,,,,,,,,,,,,
48th,"Give 'em Hell, Harry!",,,,,,,,,,,,,,,,,,,,,,,,,,,,,,,,
48th,Hedda,,,,,,,,,,,,,,,,,,,,,,,,,,,,,,,,
48th,Hester Street,,,,,,,,,,,,,,,,,,,,,,,,,,,,,,,,
48th,Kick Me,,,,,,,,,,,,,,,,,,,,,,,,,,,,,,,,
48th,Letters from Marusia,,,,,,,,,,,,,,,,,,,,,,,,,,,,,,,,
48th,Lies My Father Told Me,,,,,,,,,,,,,,,,,,,,,,,,,,,,,,,,
48th,Mahogany,,,,,,,,,,,,,,,,,,,,,,,,,,,,,,,,
48th,Millions of Years Ahead of Man,,,,,,,,,,,,,,,,,,,,,,,,,,,,,,,,
48th,Monsieur Pointu,,,,,,,,,,,,,,,,,,,,,,,,,,,,,,,,
48th,Once Is Not Enough,,,,,,,,,,,,,,,,,,,,,,,,,,,,,,,,
48th,Probes in Space,,,,,,,,,,,,,,,,,,,,,,,,,,,,,,,,
48th,Sandakan No. 8,,,,,,,,,,,,,,,,,,,,,,,,,,,,,,,,
48th,Sisyphus,,,,,,,,,,,,,,,,,,,,,,,,,,,,,,,,
48th,The California Reich,,,,,,,,,,,,,,,,,,,,,,,,,,,,,,,,
48th,The Four Musketeers,,,,,,,,,,,,,,,,,,,,,,,,,,,,,,,,
48th,The Incredible Machine,,,,,,,,,,,,,,,,,,,,,,,,,,,,,,,,
48th,The Magic Flute,,,,,,,,,,,,,,,,,,,,,,,,,,,,,,,,
48th,The Man in the Glass Booth,,,,,,,,,,,,,,,,,,,,,,,,,,,,,,,,
48th,The Other Half of the Sky: A China Memoir,,,,,,,,,,,,,,,,,,,,,,,,,,,,,,,,
48th,The Other Side of the Mountain,,,,,,,,,,,,,,,,,,,,,,,,,,,,,,,,
48th,The Promised Land,,,,,,,,,,,,,,,,,,,,,,,,,,,,,,,,
48th,The Story of Adele H.,,,,,,,,,,,,,,,,,,,,,,,,,,,,,,,,
48th,Three Days of the Condor,,,,,,,,,,,,,,,,,,,,,,,,,,,,,,,,
48th,Whiffs,,,,,,,,,,,,,,,,,,,,,,,,,,,,,,,,
48th,Whistling Smith,,,,,,,,,,,,,,,,,,,,,,,,,,,,,,,,
49th,Rocky,,,,,,,,,,,,,,,,,,,,,,,,,,,,,,,,
49th,Network,,,,,,,,,,,,,,,,,,,,,,,,,,,,,,,,
49th,All the President's Men,,,,,,,,,,,,,,,,,,,,,,,,,,,,,,,,
49th,Bound for Glory,,,,,,,,,,,,,,,,,,,,,,,,,,,,,,,,
49th,A Star is Born,,,,,,,,,,,,,,,,,,,,,,,,,,,,,,,,
49th,Fellini's Casanova,,,,,,,,,,,,,,,,,,,,,,,,,,,,,,,,
49th,The Omen,,,,,,,,,,,,,,,,,,,,,,,,,,,,,,,,
49th,Black and White in Color,,,,,,,,,,,,,,,,,,,,,,,,,,,,,,,,
49th,"Harlan County, USA",,,,,,,,,,,,,,,,,,,,,,,,,,,,,,,,
49th,In the Region of Ice,,,,,,,,,,,,,,,,,,,,,,,,,,,,,,,,
49th,Leisure,,,,,,,,,,,,,,,,,,,,,,,,,,,,,,,,
49th,Number Our Days,,,,,,,,,,,,,,,,,,,,,,,,,,,,,,,,
49th,Seven Beauties,,,,,,,,,,,,,,,,,,,,,,,,,,,,,,,,
49th,Taxi Driver,,,,,,,,,,,,,,,,,,,,,,,,,,,,,,,,
49th,Cousin Cousine,,,,,,,,,,,,,,,,,,,,,,,,,,,,,,,,
49th,Voyage of the Damned,,,,,,,,,,,,,,,,,,,,,,,,,,,,,,,,
49th,Carrie,,,,,,,,,,,,,,,,,,,,,,,,,,,,,,,,
49th,Face to Face,,,,,,,,,,,,,,,,,,,,,,,,,,,,,,,,
49th,King Kong,,,,,,,,,,,,,,,,,,,,,,,,,,,,,,,,
49th,Logan's Run,,,,,,,,,,,,,,,,,,,,,,,,,,,,,,,,
49th,The Incredible Sarah,,,,,,,,,,,,,,,,,,,,,,,,,,,,,,,,
49th,The Seven-Per-Cent Solution,,,,,,,,,,,,,,,,,,,,,,,,,,,,,,,,
49th,American Shoeshine,,,,,,,,,,,,,,,,,,,,,,,,,,,,,,,,
49th,Blackwood,,,,,,,,,,,,,,,,,,,,,,,,,,,,,,,,
49th,Bugsy Malone,,,,,,,,,,,,,,,,,,,,,,,,,,,,,,,,
49th,Dedalo,,,,,,,,,,,,,,,,,,,,,,,,,,,,,,,,
49th,Half a House,,,,,,,,,,,,,,,,,,,,,,,,,,,,,,,,
49th,Hollywood on Trial,,,,,,,,,,,,,,,,,,,,,,,,,,,,,,,,
49th,Jacob the Liar,,,,,,,,,,,,,,,,,,,,,,,,,,,,,,,,
49th,Kudzu,,,,,,,,,,,,,,,,,,,,,,,,,,,,,,,,
49th,Marathon Man,,,,,,,,,,,,,,,,,,,,,,,,,,,,,,,,
49th,Nights and Days,,,,,,,,,,,,,,,,,,,,,,,,,,,,,,,,
49th,Nightlife,,,,,,,,,,,,,,,,,,,,,,,,,,,,,,,,
49th,Number One,,,,,,,,,,,,,,,,,,,,,,,,,,,,,,,,
49th,Obsession,,,,,,,,,,,,,,,,,,,,,,,,,,,,,,,,
49th,Off the Edge,,,,,,,,,,,,,,,,,,,,,,,,,,,,,,,,
49th,People of the Wind,,,,,,,,,,,,,,,,,,,,,,,,,,,,,,,,
49th,Silver Streak,,,,,,,,,,,,,,,,,,,,,,,,,,,,,,,,
49th,The End of the Road,,,,,,,,,,,,,,,,,,,,,,,,,,,,,,,,
49th,The Front,,,,,,,,,,,,,,,,,,,,,,,,,,,,,,,,
49th,The Last Tycoon,,,,,,,,,,,,,,,,,,,,,,,,,,,,,,,,
49th,The Morning Spider,,,,,,,,,,,,,,,,,,,,,,,,,,,,,,,,
49th,The Outlaw Josey Wales,,,,,,,,,,,,,,,,,,,,,,,,,,,,,,,,
49th,The Passover Plot,,,,,,,,,,,,,,,,,,,,,,,,,,,,,,,,
49th,The Pink Panther Strikes Again,,,,,,,,,,,,,,,,,,,,,,,,,,,,,,,,
49th,The Shootist,,,,,,,,,,,,,,,,,,,,,,,,,,,,,,,,
49th,The Street,,,,,,,,,,,,,,,,,,,,,,,,,,,,,,,,
49th,Two-Minute Warning,,,,,,,,,,,,,,,,,,,,,,,,,,,,,,,,
49th,Universe,,,,,,,,,,,,,,,,,,,,,,,,,,,,,,,,
49th,Volcano: An Inquiry into the Life and Death of Malcolm Lowry,,,,,,,,,,,,,,,,,,,,,,,,,,,,,,,,
50th,Annie Hall,,,,,,,,,,,,,,,,,,,,,,,,,,,,,,,,
50th,Star Wars,,,,,,,,,,,,,,,,,,,,,,,,,,,,,,,,
50th,Julia,,,,,,,,,,,,,,,,,,,,,,,,,,,,,,,,
50th,Close Encounters of the Third Kind,,,,,,,,,,,,,,,,,,,,,,,,,,,,,,,,
50th,The Goodbye Girl,,,,,,,,,,,,,,,,,,,,,,,,,,,,,,,,
50th,A Little Night Music,,,,,,,,,,,,,,,,,,,,,,,,,,,,,,,,
50th,Gravity Is My Enemy,,,,,,,,,,,,,,,,,,,,,,,,,,,,,,,,
50th,I'll Find a Way,,,,,,,,,,,,,,,,,,,,,,,,,,,,,,,,
50th,Madame Rosa,,,,,,,,,,,,,,,,,,,,,,,,,,,,,,,,
50th,The Sand Castle,,,,,,,,,,,,,,,,,,,,,,,,,,,,,,,,
50th,Who Are the DeBolts? And Where Did They Get Nineteen Kids?,,,,,,,,,,,,,,,,,,,,,,,,,,,,,,,,
50th,You Light Up My Life,,,,,,,,,,,,,,,,,,,,,,,,,,,,,,,,
50th,The Turning Point,,,,,,,,,,,,,,,,,,,,,,,,,,,,,,,,
50th,Equus,,,,,,,,,,,,,,,,,,,,,,,,,,,,,,,,
50th,The Spy Who Loved Me,,,,,,,,,,,,,,,,,,,,,,,,,,,,,,,,
50th,A Special Day,,,,,,,,,,,,,,,,,,,,,,,,,,,,,,,,
50th,Airport '77,,,,,,,,,,,,,,,,,,,,,,,,,,,,,,,,
50th,Looking for Mr. Goodbar,,,,,,,,,,,,,,,,,,,,,,,,,,,,,,,,
50th,Pete's Dragon,,,,,,,,,,,,,,,,,,,,,,,,,,,,,,,,
50th,That Obscure Object of Desire,,,,,,,,,,,,,,,,,,,,,,,,,,,,,,,,
50th,The Slipper and the Rose,,,,,,,,,,,,,,,,,,,,,,,,,,,,,,,,
50th,"Agueda Martinez: Our People, Our Country",,,,,,,,,,,,,,,,,,,,,,,,,,,,,,,,
50th,Bead Game,,,,,,,,,,,,,,,,,,,,,,,,,,,,,,,,
50th,First Edition,,,,,,,,,,,,,,,,,,,,,,,,,,,,,,,,
50th,Floating Free,,,,,,,,,,,,,,,,,,,,,,,,,,,,,,,,
50th,High Grass Circus,,,,,,,,,,,,,,,,,,,,,,,,,,,,,,,,
50th,Homage to Chagall: The Colours of Love,,,,,,,,,,,,,,,,,,,,,,,,,,,,,,,,
50th,I Never Promised You a Rose Garden,,,,,,,,,,,,,,,,,,,,,,,,,,,,,,,,
50th,Iphigenia,,,,,,,,,,,,,,,,,,,,,,,,,,,,,,,,
50th,Islands in the Stream,,,,,,,,,,,,,,,,,,,,,,,,,,,,,,,,
50th,Jimmy the C.,,,,,,,,,,,,,,,,,,,,,,,,,,,,,,,,
50th,"Mohammad, Messenger of God",,,,,,,,,,,,,,,,,,,,,,,,,,,,,,,,
50th,Notes on the Popular Arts,,,,,,,,,,,,,,,,,,,,,,,,,,,,,,,,
50th,"Of Time, Tombs and Treasures",,,,,,,,,,,,,,,,,,,,,,,,,,,,,,,,
50th,"Oh, God!",,,,,,,,,,,,,,,,,,,,,,,,,,,,,,,,
50th,Operation Thunderbolt,,,,,,,,,,,,,,,,,,,,,,,,,,,,,,,,
50th,Saturday Night Fever,,,,,,,,,,,,,,,,,,,,,,,,,,,,,,,,
50th,Smokey and the Bandit,,,,,,,,,,,,,,,,,,,,,,,,,,,,,,,,
50th,Sorcerer,,,,,,,,,,,,,,,,,,,,,,,,,,,,,,,,
50th,Spaceborne,,,,,,,,,,,,,,,,,,,,,,,,,,,,,,,,
50th,The Absent-Minded Waiter,,,,,,,,,,,,,,,,,,,,,,,,,,,,,,,,
50th,The Children of Theatre Street,,,,,,,,,,,,,,,,,,,,,,,,,,,,,,,,
50th,The Deep,,,,,,,,,,,,,,,,,,,,,,,,,,,,,,,,
50th,The Doonesbury Special,,,,,,,,,,,,,,,,,,,,,,,,,,,,,,,,
50th,The Late Show,,,,,,,,,,,,,,,,,,,,,,,,,,,,,,,,
50th,The Other Side of Midnight,,,,,,,,,,,,,,,,,,,,,,,,,,,,,,,,
50th,The Rescuers,,,,,,,,,,,,,,,,,,,,,,,,,,,,,,,,
50th,The Shetland Experience,,,,,,,,,,,,,,,,,,,,,,,,,,,,,,,,
50th,Union Maids,,,,,,,,,,,,,,,,,,,,,,,,,,,,,,,,
51st,The Deer Hunter,,,,,,,,,,,,,,,,,,,,,,,,,,,,,,,,
51st,Coming Home,,,,,,,,,,,,,,,,,,,,,,,,,,,,,,,,
51st,Midnight Express,,,,,,,,,,,,,,,,,,,,,,,,,,,,,,,,
51st,Heaven Can Wait,,,,,,,,,,,,,,,,,,,,,,,,,,,,,,,,
51st,Days of Heaven,,,,,,,,,,,,,,,,,,,,,,,,,,,,,,,,
51st,California Suite,,,,,,,,,,,,,,,,,,,,,,,,,,,,,,,,
51st,The Buddy Holly Story,,,,,,,,,,,,,,,,,,,,,,,,,,,,,,,,
51st,Death on the Nile,,,,,,,,,,,,,,,,,,,,,,,,,,,,,,,,
51st,Get Out Your Handkerchiefs,,,,,,,,,,,,,,,,,,,,,,,,,,,,,,,,
51st,Scared Straight!,,,,,,,,,,,,,,,,,,,,,,,,,,,,,,,,
51st,Special Delivery,,,,,,,,,,,,,,,,,,,,,,,,,,,,,,,,
51st,Teenage Father,,,,,,,,,,,,,,,,,,,,,,,,,,,,,,,,
51st,Thank God It's Friday,,,,,,,,,,,,,,,,,,,,,,,,,,,,,,,,
51st,The Flight of the Gossamer Condor,,,,,,,,,,,,,,,,,,,,,,,,,,,,,,,,
51st,Interiors,,,,,,,,,,,,,,,,,,,,,,,,,,,,,,,,
51st,"Same Time, Next Year",,,,,,,,,,,,,,,,,,,,,,,,,,,,,,,,
51st,The Wiz,,,,,,,,,,,,,,,,,,,,,,,,,,,,,,,,
51st,An Unmarried Woman,,,,,,,,,,,,,,,,,,,,,,,,,,,,,,,,
51st,Superman,,,,,,,,,,,,,,,,,,,,,,,,,,,,,,,,
51st,The Boys from Brazil,,,,,,,,,,,,,,,,,,,,,,,,,,,,,,,,
51st,Autumn Sonata,,,,,,,,,,,,,,,,,,,,,,,,,,,,,,,,
51st,A Different Approach,,,,,,,,,,,,,,,,,,,,,,,,,,,,,,,,
51st,An Encounter with Faces,,,,,,,,,,,,,,,,,,,,,,,,,,,,,,,,
51st,Bloodbrothers,,,,,,,,,,,,,,,,,,,,,,,,,,,,,,,,
51st,Caravans,,,,,,,,,,,,,,,,,,,,,,,,,,,,,,,,
51st,Comes a Horseman,,,,,,,,,,,,,,,,,,,,,,,,,,,,,,,,
51st,Foul Play,,,,,,,,,,,,,,,,,,,,,,,,,,,,,,,,
51st,Goodnight Miss Ann,,,,,,,,,,,,,,,,,,,,,,,,,,,,,,,,
51st,Grease,,,,,,,,,,,,,,,,,,,,,,,,,,,,,,,,
51st,Hooper,,,,,,,,,,,,,,,,,,,,,,,,,,,,,,,,
51st,Hungarians,,,,,,,,,,,,,,,,,,,,,,,,,,,,,,,,
51st,Mandy's Grandmother,,,,,,,,,,,,,,,,,,,,,,,,,,,,,,,,
51st,Mysterious Castles of Clay,,,,,,,,,,,,,,,,,,,,,,,,,,,,,,,,
51st,Oh My Darling,,,,,,,,,,,,,,,,,,,,,,,,,,,,,,,,
51st,Pretty Baby,,,,,,,,,,,,,,,,,,,,,,,,,,,,,,,,
51st,Raoni,,,,,,,,,,,,,,,,,,,,,,,,,,,,,,,,
51st,Rip Van Winkle,,,,,,,,,,,,,,,,,,,,,,,,,,,,,,,,
51st,Squires of San Quentin,,,,,,,,,,,,,,,,,,,,,,,,,,,,,,,,
51st,Strange Fruit,,,,,,,,,,,,,,,,,,,,,,,,,,,,,,,,
51st,The Brink's Job,,,,,,,,,,,,,,,,,,,,,,,,,,,,,,,,
51st,The Divided Trail: A Native American Odyssey,,,,,,,,,,,,,,,,,,,,,,,,,,,,,,,,
51st,The Glass Cell,,,,,,,,,,,,,,,,,,,,,,,,,,,,,,,,
51st,The Lovers' Wind (Le vent des amoureux),,,,,,,,,,,,,,,,,,,,,,,,,,,,,,,,
51st,The Magic of Lassie,,,,,,,,,,,,,,,,,,,,,,,,,,,,,,,,
51st,The Swarm,,,,,,,,,,,,,,,,,,,,,,,,,,,,,,,,
51st,Viva Italia!,,,,,,,,,,,,,,,,,,,,,,,,,,,,,,,,
51st,White Bim Black Ear,,,,,,,,,,,,,,,,,,,,,,,,,,,,,,,,
51st,With Babies and Banners: Story of the Women's Emergency Brigade,,,,,,,,,,,,,,,,,,,,,,,,,,,,,,,,
52nd,Kramer vs. Kramer,,,,,,,,,,,,,,,,,,,,,,,,,,,,,,,,
52nd,All That Jazz,,,,,,,,,,,,,,,,,,,,,,,,,,,,,,,,
52nd,Apocalypse Now,,,,,,,,,,,,,,,,,,,,,,,,,,,,,,,,
52nd,Norma Rae,,,,,,,,,,,,,,,,,,,,,,,,,,,,,,,,
52nd,Breaking Away,,,,,,,,,,,,,,,,,,,,,,,,,,,,,,,,
52nd,A Little Romance,,,,,,,,,,,,,,,,,,,,,,,,,,,,,,,,
52nd,Alien,,,,,,,,,,,,,,,,,,,,,,,,,,,,,,,,
52nd,Being There,,,,,,,,,,,,,,,,,,,,,,,,,,,,,,,,
52nd,Best Boy,,,,,,,,,,,,,,,,,,,,,,,,,,,,,,,,
52nd,Board and Care,,,,,,,,,,,,,,,,,,,,,,,,,,,,,,,,
52nd,Every Child,,,,,,,,,,,,,,,,,,,,,,,,,,,,,,,,
52nd,Paul Robeson: Tribute to an Artist,,,,,,,,,,,,,,,,,,,,,,,,,,,,,,,,
52nd,The Tin Drum,,,,,,,,,,,,,,,,,,,,,,,,,,,,,,,,
52nd,The China Syndrome,,,,,,,,,,,,,,,,,,,,,,,,,,,,,,,,
52nd,The Rose,,,,,,,,,,,,,,,,,,,,,,,,,,,,,,,,
52nd,1941,,,,,,,,,,,,,,,,,,,,,,,,,,,,,,,,
52nd,La Cage aux Folles,,,,,,,,,,,,,,,,,,,,,,,,,,,,,,,,
52nd,Star Trek: The Motion Picture,,,,,,,,,,,,,,,,,,,,,,,,,,,,,,,,
52nd,...And Justice for All,,,,,,,,,,,,,,,,,,,,,,,,,,,,,,,,
52nd,10,,,,,,,,,,,,,,,,,,,,,,,,,,,,,,,,
52nd,Manhattan,,,,,,,,,,,,,,,,,,,,,,,,,,,,,,,,
52nd,Starting Over,,,,,,,,,,,,,,,,,,,,,,,,,,,,,,,,
52nd,The Black Hole,,,,,,,,,,,,,,,,,,,,,,,,,,,,,,,,
52nd,The Black Stallion,,,,,,,,,,,,,,,,,,,,,,,,,,,,,,,,
52nd,The Muppet Movie,,,,,,,,,,,,,,,,,,,,,,,,,,,,,,,,
52nd,A Simple Story,,,,,,,,,,,,,,,,,,,,,,,,,,,,,,,,
52nd,Agatha,,,,,,,,,,,,,,,,,,,,,,,,,,,,,,,,
52nd,Bravery in the Field,,,,,,,,,,,,,,,,,,,,,,,,,,,,,,,,
52nd,Butch and Sundance: The Early Days,,,,,,,,,,,,,,,,,,,,,,,,,,,,,,,,
52nd,Chapter Two,,,,,,,,,,,,,,,,,,,,,,,,,,,,,,,,
52nd,Dae,,,,,,,,,,,,,,,,,,,,,,,,,,,,,,,,
52nd,Dream Doll,,,,,,,,,,,,,,,,,,,,,,,,,,,,,,,,
52nd,Generation on the Wind,,,,,,,,,,,,,,,,,,,,,,,,,,,,,,,,
52nd,Going the Distance,,,,,,,,,,,,,,,,,,,,,,,,,,,,,,,,
52nd,Ice Castles,,,,,,,,,,,,,,,,,,,,,,,,,,,,,,,,
52nd,It's So Nice to Have a Wolf Around the House,,,,,,,,,,,,,,,,,,,,,,,,,,,,,,,,
52nd,Koryo Celadon,,,,,,,,,,,,,,,,,,,,,,,,,,,,,,,,
52nd,Mama Turns 100,,,,,,,,,,,,,,,,,,,,,,,,,,,,,,,,
52nd,Meteor,,,,,,,,,,,,,,,,,,,,,,,,,,,,,,,,
52nd,Moonraker,,,,,,,,,,,,,,,,,,,,,,,,,,,,,,,,
52nd,Nails,,,,,,,,,,,,,,,,,,,,,,,,,,,,,,,,
52nd,"Oh Brother, My Brother",,,,,,,,,,,,,,,,,,,,,,,,,,,,,,,,
52nd,Remember Me,,,,,,,,,,,,,,,,,,,,,,,,,,,,,,,,
52nd,Solly's Diner,,,,,,,,,,,,,,,,,,,,,,,,,,,,,,,,
52nd,The Amityville Horror,,,,,,,,,,,,,,,,,,,,,,,,,,,,,,,,
52nd,The Champ,,,,,,,,,,,,,,,,,,,,,,,,,,,,,,,,
52nd,The Electric Horseman,,,,,,,,,,,,,,,,,,,,,,,,,,,,,,,,
52nd,The Europeans,,,,,,,,,,,,,,,,,,,,,,,,,,,,,,,,
52nd,The Killing Ground,,,,,,,,,,,,,,,,,,,,,,,,,,,,,,,,
52nd,The Maids of Wilko,,,,,,,,,,,,,,,,,,,,,,,,,,,,,,,,
52nd,The Promise,,,,,,,,,,,,,,,,,,,,,,,,,,,,,,,,
52nd,The Solar Film,,,,,,,,,,,,,,,,,,,,,,,,,,,,,,,,
52nd,The War at Home,,,,,,,,,,,,,,,,,,,,,,,,,,,,,,,,
52nd,To Forget Venice,,,,,,,,,,,,,,,,,,,,,,,,,,,,,,,,
53rd,Ordinary People,,,,,,,,,,,,,,,,,,,,,,,,,,,,,,,,
53rd,Tess,,,,,,,,,,,,,,,,,,,,,,,,,,,,,,,,
53rd,Raging Bull,,,,,,,,,,,,,,,,,,,,,,,,,,,,,,,,
53rd,Fame,,,,,,,,,,,,,,,,,,,,,,,,,,,,,,,,
53rd,Melvin and Howard,,,,,,,,,,,,,,,,,,,,,,,,,,,,,,,,
53rd,Coal Miner's Daughter,,,,,,,,,,,,,,,,,,,,,,,,,,,,,,,,
53rd,Star Wars Episode V: The Empire Strikes Back,,,,,,,,,,,,,,,,,,,,,,,,,,,,,,,,
53rd,From Mao to Mozart: Isaac Stern in China,,,,,,,,,,,,,,,,,,,,,,,,,,,,,,,,
53rd,Karl Hess: Toward Liberty,,,,,,,,,,,,,,,,,,,,,,,,,,,,,,,,
53rd,Moscow Does Not Believe in Tears,,,,,,,,,,,,,,,,,,,,,,,,,,,,,,,,
53rd,The Dollar Bottom,,,,,,,,,,,,,,,,,,,,,,,,,,,,,,,,
53rd,The Fly,,,,,,,,,,,,,,,,,,,,,,,,,,,,,,,,
53rd,The Elephant Man,,,,,,,,,,,,,,,,,,,,,,,,,,,,,,,,
53rd,Private Benjamin,,,,,,,,,,,,,,,,,,,,,,,,,,,,,,,,
53rd,The Stunt Man,,,,,,,,,,,,,,,,,,,,,,,,,,,,,,,,
53rd,Altered States,,,,,,,,,,,,,,,,,,,,,,,,,,,,,,,,
53rd,Kagemusha,,,,,,,,,,,,,,,,,,,,,,,,,,,,,,,,
53rd,Resurrection,,,,,,,,,,,,,,,,,,,,,,,,,,,,,,,,
53rd,The Competition,,,,,,,,,,,,,,,,,,,,,,,,,,,,,,,,
53rd,The Great Santini,,,,,,,,,,,,,,,,,,,,,,,,,,,,,,,,
53rd,A Jury of Her Peers,,,,,,,,,,,,,,,,,,,,,,,,,,,,,,,,
53rd,Agee,,,,,,,,,,,,,,,,,,,,,,,,,,,,,,,,
53rd,All Nothing,,,,,,,,,,,,,,,,,,,,,,,,,,,,,,,,
53rd,Breaker Morant,,,,,,,,,,,,,,,,,,,,,,,,,,,,,,,,
53rd,Brubaker,,,,,,,,,,,,,,,,,,,,,,,,,,,,,,,,
53rd,Confidence,,,,,,,,,,,,,,,,,,,,,,,,,,,,,,,,
53rd,Don't Mess with Bill,,,,,,,,,,,,,,,,,,,,,,,,,,,,,,,,
53rd,Fall Line,,,,,,,,,,,,,,,,,,,,,,,,,,,,,,,,
53rd,Front Line,,,,,,,,,,,,,,,,,,,,,,,,,,,,,,,,
53rd,Gloria,,,,,,,,,,,,,,,,,,,,,,,,,,,,,,,,
53rd,History of the World in Three Minutes Flat,,,,,,,,,,,,,,,,,,,,,,,,,,,,,,,,
53rd,Honeysuckle Rose,,,,,,,,,,,,,,,,,,,,,,,,,,,,,,,,
53rd,Inside Moves,,,,,,,,,,,,,,,,,,,,,,,,,,,,,,,,
53rd,It's the Same World,,,,,,,,,,,,,,,,,,,,,,,,,,,,,,,,
53rd,Luther Metke at 94,,,,,,,,,,,,,,,,,,,,,,,,,,,,,,,,
53rd,Mon Oncle D'Amerique,,,,,,,,,,,,,,,,,,,,,,,,,,,,,,,,
53rd,My Brilliant Career,,,,,,,,,,,,,,,,,,,,,,,,,,,,,,,,
53rd,Nine to Five,,,,,,,,,,,,,,,,,,,,,,,,,,,,,,,,
53rd,Somewhere in Time,,,,,,,,,,,,,,,,,,,,,,,,,,,,,,,,
53rd,The Blue Lagoon,,,,,,,,,,,,,,,,,,,,,,,,,,,,,,,,
53rd,The Day After Trinity,,,,,,,,,,,,,,,,,,,,,,,,,,,,,,,,
53rd,The Eruption of Mount St. Helens!,,,,,,,,,,,,,,,,,,,,,,,,,,,,,,,,
53rd,The Formula,,,,,,,,,,,,,,,,,,,,,,,,,,,,,,,,
53rd,The Last Metro,,,,,,,,,,,,,,,,,,,,,,,,,,,,,,,,
53rd,The Nest,,,,,,,,,,,,,,,,,,,,,,,,,,,,,,,,
53rd,The Yellow Star: The Persecution of the Jews in Europe 1933–45,,,,,,,,,,,,,,,,,,,,,,,,,,,,,,,,
53rd,Tribute,,,,,,,,,,,,,,,,,,,,,,,,,,,,,,,,
53rd,When Time Ran Out,,,,,,,,,,,,,,,,,,,,,,,,,,,,,,,,
54th,Chariots of Fire,,,,,,,,,,,,,,,,,,,,,,,,,,,,,,,,
54th,Raiders of the Lost Ark,,,,,,,,,,,,,,,,,,,,,,,,,,,,,,,,
54th,Reds,,,,,,,,,,,,,,,,,,,,,,,,,,,,,,,,
54th,On Golden Pond,,,,,,,,,,,,,,,,,,,,,,,,,,,,,,,,
54th,Arthur,,,,,,,,,,,,,,,,,,,,,,,,,,,,,,,,
54th,An American Werewolf in London,,,,,,,,,,,,,,,,,,,,,,,,,,,,,,,,
54th,Close Harmony,,,,,,,,,,,,,,,,,,,,,,,,,,,,,,,,
54th,Crac,,,,,,,,,,,,,,,,,,,,,,,,,,,,,,,,
54th,Genocide,,,,,,,,,,,,,,,,,,,,,,,,,,,,,,,,
54th,Mephisto,,,,,,,,,,,,,,,,,,,,,,,,,,,,,,,,
54th,Violet,,,,,,,,,,,,,,,,,,,,,,,,,,,,,,,,
54th,Ragtime,,,,,,,,,,,,,,,,,,,,,,,,,,,,,,,,
54th,Atlantic City,,,,,,,,,,,,,,,,,,,,,,,,,,,,,,,,
54th,The French Lieutenant's Woman,,,,,,,,,,,,,,,,,,,,,,,,,,,,,,,,
54th,Absence of Malice,,,,,,,,,,,,,,,,,,,,,,,,,,,,,,,,
54th,Only When I Laugh,,,,,,,,,,,,,,,,,,,,,,,,,,,,,,,,
54th,Pennies from Heaven,,,,,,,,,,,,,,,,,,,,,,,,,,,,,,,,
54th,Dragonslayer,,,,,,,,,,,,,,,,,,,,,,,,,,,,,,,,
54th,Against Wind and Tide: A Cuban Odyssey,,,,,,,,,,,,,,,,,,,,,,,,,,,,,,,,
54th,Americas in Transition,,,,,,,,,,,,,,,,,,,,,,,,,,,,,,,,
54th,Brooklyn Bridge,,,,,,,,,,,,,,,,,,,,,,,,,,,,,,,,
54th,Couples and Robbers,,,,,,,,,,,,,,,,,,,,,,,,,,,,,,,,
54th,Eight Minutes to Midnight: A Portrait of Dr. Helen Caldicott,,,,,,,,,,,,,,,,,,,,,,,,,,,,,,,,
54th,El Salvador: Another Vietnam,,,,,,,,,,,,,,,,,,,,,,,,,,,,,,,,
54th,Endless Love,,,,,,,,,,,,,,,,,,,,,,,,,,,,,,,,
54th,Excalibur,,,,,,,,,,,,,,,,,,,,,,,,,,,,,,,,
54th,First Winter,,,,,,,,,,,,,,,,,,,,,,,,,,,,,,,,
54th,For Your Eyes Only,,,,,,,,,,,,,,,,,,,,,,,,,,,,,,,,
54th,Heartbeeps,,,,,,,,,,,,,,,,,,,,,,,,,,,,,,,,
54th,Heaven's Gate,,,,,,,,,,,,,,,,,,,,,,,,,,,,,,,,
54th,Journey for Survival,,,,,,,,,,,,,,,,,,,,,,,,,,,,,,,,
54th,Man of Iron,,,,,,,,,,,,,,,,,,,,,,,,,,,,,,,,
54th,Muddy River,,,,,,,,,,,,,,,,,,,,,,,,,,,,,,,,
54th,Outland,,,,,,,,,,,,,,,,,,,,,,,,,,,,,,,,
54th,Prince of the City,,,,,,,,,,,,,,,,,,,,,,,,,,,,,,,,
54th,See What I Say,,,,,,,,,,,,,,,,,,,,,,,,,,,,,,,,
54th,The Boat Is Full,,,,,,,,,,,,,,,,,,,,,,,,,,,,,,,,
54th,The Creation,,,,,,,,,,,,,,,,,,,,,,,,,,,,,,,,
54th,The Great Muppet Caper,,,,,,,,,,,,,,,,,,,,,,,,,,,,,,,,
54th,The Tender Tale of Cinderella Penguin,,,,,,,,,,,,,,,,,,,,,,,,,,,,,,,,
54th,Three Brothers,,,,,,,,,,,,,,,,,,,,,,,,,,,,,,,,
54th,Urge to Build,,,,,,,,,,,,,,,,,,,,,,,,,,,,,,,,
55th,Gandhi,,,,,,,,,,,,,,,,,,,,,,,,,,,,,,,,
55th,E.T. the Extra-Terrestrial,,,,,,,,,,,,,,,,,,,,,,,,,,,,,,,,
55th,An Officer and a Gentleman,,,,,,,,,,,,,,,,,,,,,,,,,,,,,,,,
55th,Tootsie,,,,,,,,,,,,,,,,,,,,,,,,,,,,,,,,
55th,Victor/Victoria,,,,,,,,,,,,,,,,,,,,,,,,,,,,,,,,
55th,Sophie's Choice,,,,,,,,,,,,,,,,,,,,,,,,,,,,,,,,
55th,Missing,,,,,,,,,,,,,,,,,,,,,,,,,,,,,,,,
55th,A Shocking Accident,,,,,,,,,,,,,,,,,,,,,,,,,,,,,,,,
55th,Begin the Beguine,,,,,,,,,,,,,,,,,,,,,,,,,,,,,,,,
55th,If You Love This Planet,,,,,,,,,,,,,,,,,,,,,,,,,,,,,,,,
55th,Just Another Missing Kid,,,,,,,,,,,,,,,,,,,,,,,,,,,,,,,,
55th,Quest for Fire,,,,,,,,,,,,,,,,,,,,,,,,,,,,,,,,
55th,Tango,,,,,,,,,,,,,,,,,,,,,,,,,,,,,,,,
55th,Das Boot,,,,,,,,,,,,,,,,,,,,,,,,,,,,,,,,
55th,The Verdict,,,,,,,,,,,,,,,,,,,,,,,,,,,,,,,,
55th,Poltergeist,,,,,,,,,,,,,,,,,,,,,,,,,,,,,,,,
55th,Annie,,,,,,,,,,,,,,,,,,,,,,,,,,,,,,,,
55th,Blade Runner,,,,,,,,,,,,,,,,,,,,,,,,,,,,,,,,
55th,Frances,,,,,,,,,,,,,,,,,,,,,,,,,,,,,,,,
55th,La Traviata,,,,,,,,,,,,,,,,,,,,,,,,,,,,,,,,
55th,The World According to Garp,,,,,,,,,,,,,,,,,,,,,,,,,,,,,,,,
55th,Tron,,,,,,,,,,,,,,,,,,,,,,,,,,,,,,,,
55th,A Portrait of Giselle,,,,,,,,,,,,,,,,,,,,,,,,,,,,,,,,
55th,After the Axe,,,,,,,,,,,,,,,,,,,,,,,,,,,,,,,,
55th,Alsino and the Condor,,,,,,,,,,,,,,,,,,,,,,,,,,,,,,,,
55th,Ballet Robotique,,,,,,,,,,,,,,,,,,,,,,,,,,,,,,,,
55th,Ben's Mill,,,,,,,,,,,,,,,,,,,,,,,,,,,,,,,,
55th,Best Friends,,,,,,,,,,,,,,,,,,,,,,,,,,,,,,,,
55th,Clean Slate,,,,,,,,,,,,,,,,,,,,,,,,,,,,,,,,
55th,Diner,,,,,,,,,,,,,,,,,,,,,,,,,,,,,,,,
55th,Flight of the Eagle,,,,,,,,,,,,,,,,,,,,,,,,,,,,,,,,
55th,Gods of Metal,,,,,,,,,,,,,,,,,,,,,,,,,,,,,,,,
55th,In Our Water,,,,,,,,,,,,,,,,,,,,,,,,,,,,,,,,
55th,My Favorite Year,,,,,,,,,,,,,,,,,,,,,,,,,,,,,,,,
55th,One from the Heart,,,,,,,,,,,,,,,,,,,,,,,,,,,,,,,,
55th,Private Life,,,,,,,,,,,,,,,,,,,,,,,,,,,,,,,,
55th,Rocky III,,,,,,,,,,,,,,,,,,,,,,,,,,,,,,,,
55th,Split Cherry Tree,,,,,,,,,,,,,,,,,,,,,,,,,,,,,,,,
55th,Sredni Vashtar,,,,,,,,,,,,,,,,,,,,,,,,,,,,,,,,
55th,The Best Little Whorehouse in Texas,,,,,,,,,,,,,,,,,,,,,,,,,,,,,,,,
55th,The Great Cognito,,,,,,,,,,,,,,,,,,,,,,,,,,,,,,,,
55th,The Klan: A Legacy of Hate in America,,,,,,,,,,,,,,,,,,,,,,,,,,,,,,,,
55th,The Silence,,,,,,,,,,,,,,,,,,,,,,,,,,,,,,,,
55th,The Snowman,,,,,,,,,,,,,,,,,,,,,,,,,,,,,,,,
55th,To Live or Let Die,,,,,,,,,,,,,,,,,,,,,,,,,,,,,,,,
55th,Traveling Hopefully,,,,,,,,,,,,,,,,,,,,,,,,,,,,,,,,
55th,"Yes, Giorgio",,,,,,,,,,,,,,,,,,,,,,,,,,,,,,,,
56th,Terms of Endearment,,,,,,,,,,,,,,,,,,,,,,,,,,,,,,,,
56th,The Right Stuff,,,,,,,,,,,,,,,,,,,,,,,,,,,,,,,,
56th,Fanny and Alexander,,,,,,,,,,,,,,,,,,,,,,,,,,,,,,,,
56th,Tender Mercies,,,,,,,,,,,,,,,,,,,,,,,,,,,,,,,,
56th,Yentl,,,,,,,,,,,,,,,,,,,,,,,,,,,,,,,,
56th,Flashdance,,,,,,,,,,,,,,,,,,,,,,,,,,,,,,,,
56th,Boys and Girls,,,,,,,,,,,,,,,,,,,,,,,,,,,,,,,,
56th,Flamenco at 5:15,,,,,,,,,,,,,,,,,,,,,,,,,,,,,,,,
56th,He Makes Me Feel Like Dancin',,,,,,,,,,,,,,,,,,,,,,,,,,,,,,,,
56th,Sundae in New York,,,,,,,,,,,,,,,,,,,,,,,,,,,,,,,,
56th,The Year of Living Dangerously,,,,,,,,,,,,,,,,,,,,,,,,,,,,,,,,
56th,Silkwood,,,,,,,,,,,,,,,,,,,,,,,,,,,,,,,,
56th,The Dresser,,,,,,,,,,,,,,,,,,,,,,,,,,,,,,,,
56th,Cross Creek,,,,,,,,,,,,,,,,,,,,,,,,,,,,,,,,
56th,Return of the Jedi,,,,,,,,,,,,,,,,,,,,,,,,,,,,,,,,
56th,Educating Rita,,,,,,,,,,,,,,,,,,,,,,,,,,,,,,,,
56th,The Big Chill,,,,,,,,,,,,,,,,,,,,,,,,,,,,,,,,
56th,WarGames,,,,,,,,,,,,,,,,,,,,,,,,,,,,,,,,
56th,"Reuben, Reuben",,,,,,,,,,,,,,,,,,,,,,,,,,,,,,,,
56th,Zelig,,,,,,,,,,,,,,,,,,,,,,,,,,,,,,,,
56th,Betrayal,,,,,,,,,,,,,,,,,,,,,,,,,,,,,,,,
56th,Blue Thunder,,,,,,,,,,,,,,,,,,,,,,,,,,,,,,,,
56th,Carmen,,,,,,,,,,,,,,,,,,,,,,,,,,,,,,,,
56th,Children of Darkness,,,,,,,,,,,,,,,,,,,,,,,,,,,,,,,,
56th,Entre Nous,,,,,,,,,,,,,,,,,,,,,,,,,,,,,,,,
56th,First Contact,,,,,,,,,,,,,,,,,,,,,,,,,,,,,,,,
56th,Goodie-Two-Shoes,,,,,,,,,,,,,,,,,,,,,,,,,,,,,,,,
56th,Heart Like a Wheel,,,,,,,,,,,,,,,,,,,,,,,,,,,,,,,,
56th,In the Nuclear Shadow: What Can the Children Tell Us?,,,,,,,,,,,,,,,,,,,,,,,,,,,,,,,,
56th,Mickey's Christmas Carol,,,,,,,,,,,,,,,,,,,,,,,,,,,,,,,,
56th,Never Cry Wolf,,,,,,,,,,,,,,,,,,,,,,,,,,,,,,,,
56th,Overnight Sensation,,,,,,,,,,,,,,,,,,,,,,,,,,,,,,,,
56th,Seeing Red,,,,,,,,,,,,,,,,,,,,,,,,,,,,,,,,
56th,Sewing Woman,,,,,,,,,,,,,,,,,,,,,,,,,,,,,,,,
56th,Sound of Sunshine,,,,,,,,,,,,,,,,,,,,,,,,,,,,,,,,
56th,Spaces: The Architecture of Paul Rudolph,,,,,,,,,,,,,,,,,,,,,,,,,,,,,,,,
56th,Testament,,,,,,,,,,,,,,,,,,,,,,,,,,,,,,,,
56th,The Ball,,,,,,,,,,,,,,,,,,,,,,,,,,,,,,,,
56th,The Profession of Arms,,,,,,,,,,,,,,,,,,,,,,,,,,,,,,,,
56th,The Return of Martin Guerre,,,,,,,,,,,,,,,,,,,,,,,,,,,,,,,,
56th,The Revolt of Job,,,,,,,,,,,,,,,,,,,,,,,,,,,,,,,,
56th,The Sting II,,,,,,,,,,,,,,,,,,,,,,,,,,,,,,,,
56th,To Be or Not to Be,,,,,,,,,,,,,,,,,,,,,,,,,,,,,,,,
56th,Trading Places,,,,,,,,,,,,,,,,,,,,,,,,,,,,,,,,
56th,Under Fire,,,,,,,,,,,,,,,,,,,,,,,,,,,,,,,,
56th,You Are Free,,,,,,,,,,,,,,,,,,,,,,,,,,,,,,,,
57th,Amadeus,,,,,,,,,,,,,,,,,,,,,,,,,,,,,,,,
57th,The Killing Fields,,,,,,,,,,,,,,,,,,,,,,,,,,,,,,,,
57th,A Passage to India,,,,,,,,,,,,,,,,,,,,,,,,,,,,,,,,
57th,Places in the Heart,,,,,,,,,,,,,,,,,,,,,,,,,,,,,,,,
57th,Indiana Jones and the Temple of Doom,,,,,,,,,,,,,,,,,,,,,,,,,,,,,,,,
57th,Charade,,,,,,,,,,,,,,,,,,,,,,,,,,,,,,,,
57th,Dangerous Moves,,,,,,,,,,,,,,,,,,,,,,,,,,,,,,,,
57th,Purple Rain,,,,,,,,,,,,,,,,,,,,,,,,,,,,,,,,
57th,The Stone Carvers,,,,,,,,,,,,,,,,,,,,,,,,,,,,,,,,
57th,The Times of Harvey Milk,,,,,,,,,,,,,,,,,,,,,,,,,,,,,,,,
57th,The Woman in Red,,,,,,,,,,,,,,,,,,,,,,,,,,,,,,,,
57th,Up,,,,,,,,,,,,,,,,,,,,,,,,,,,,,,,,
57th,2010: The Year We Make Contact,,,,,,,,,,,,,,,,,,,,,,,,,,,,,,,,
57th,The Natural,,,,,,,,,,,,,,,,,,,,,,,,,,,,,,,,
57th,The River,,,,,,,,,,,,,,,,,,,,,,,,,,,,,,,,
57th,A Soldier's Story,,,,,,,,,,,,,,,,,,,,,,,,,,,,,,,,
57th,"Greystoke: The Legend of Tarzan, Lord of the Apes",,,,,,,,,,,,,,,,,,,,,,,,,,,,,,,,
57th,Broadway Danny Rose,,,,,,,,,,,,,,,,,,,,,,,,,,,,,,,,
57th,Footloose,,,,,,,,,,,,,,,,,,,,,,,,,,,,,,,,
57th,Ghostbusters,,,,,,,,,,,,,,,,,,,,,,,,,,,,,,,,
57th,The Bostonians,,,,,,,,,,,,,,,,,,,,,,,,,,,,,,,,
57th,The Cotton Club,,,,,,,,,,,,,,,,,,,,,,,,,,,,,,,,
57th,Under the Volcano,,,,,,,,,,,,,,,,,,,,,,,,,,,,,,,,
57th,Against All Odds,,,,,,,,,,,,,,,,,,,,,,,,,,,,,,,,
57th,Beverly Hills Cop,,,,,,,,,,,,,,,,,,,,,,,,,,,,,,,,
57th,Beyond the Walls,,,,,,,,,,,,,,,,,,,,,,,,,,,,,,,,
57th,Camila,,,,,,,,,,,,,,,,,,,,,,,,,,,,,,,,
57th,Code Gray: Ethical Dilemmas in Nursing,,,,,,,,,,,,,,,,,,,,,,,,,,,,,,,,
57th,Country,,,,,,,,,,,,,,,,,,,,,,,,,,,,,,,,
57th,Doctor DeSoto,,,,,,,,,,,,,,,,,,,,,,,,,,,,,,,,
57th,Double Feature,,,,,,,,,,,,,,,,,,,,,,,,,,,,,,,,
57th,Dune,,,,,,,,,,,,,,,,,,,,,,,,,,,,,,,,
57th,High Schools,,,,,,,,,,,,,,,,,,,,,,,,,,,,,,,,
57th,In the Name of the People,,,,,,,,,,,,,,,,,,,,,,,,,,,,,,,,
57th,Marlene,,,,,,,,,,,,,,,,,,,,,,,,,,,,,,,,
57th,Paradise,,,,,,,,,,,,,,,,,,,,,,,,,,,,,,,,
57th,Recollections of Pavlovsk,,,,,,,,,,,,,,,,,,,,,,,,,,,,,,,,
57th,Romancing the Stone,,,,,,,,,,,,,,,,,,,,,,,,,,,,,,,,
57th,Songwriter,,,,,,,,,,,,,,,,,,,,,,,,,,,,,,,,
57th,Splash,,,,,,,,,,,,,,,,,,,,,,,,,,,,,,,,
57th,Starman,,,,,,,,,,,,,,,,,,,,,,,,,,,,,,,,
57th,Streetwise,,,,,,,,,,,,,,,,,,,,,,,,,,,,,,,,
57th,Swing Shift,,,,,,,,,,,,,,,,,,,,,,,,,,,,,,,,
57th,Tales of Meeting and Parting,,,,,,,,,,,,,,,,,,,,,,,,,,,,,,,,
57th,The Children of Soong Ching Ling,,,,,,,,,,,,,,,,,,,,,,,,,,,,,,,,
57th,The Garden of Eden,,,,,,,,,,,,,,,,,,,,,,,,,,,,,,,,
57th,The Karate Kid,,,,,,,,,,,,,,,,,,,,,,,,,,,,,,,,
57th,The Muppets Take Manhattan,,,,,,,,,,,,,,,,,,,,,,,,,,,,,,,,
57th,El Norte,,,,,,,,,,,,,,,,,,,,,,,,,,,,,,,,
57th,The Painted Door,,,,,,,,,,,,,,,,,,,,,,,,,,,,,,,,
57th,The Pope of Greenwich Village,,,,,,,,,,,,,,,,,,,,,,,,,,,,,,,,
57th,Wartime Romance,,,,,,,,,,,,,,,,,,,,,,,,,,,,,,,,
58th,Out of Africa,,,,,,,,,,,,,,,,,,,,,,,,,,,,,,,,
58th,Witness,,,,,,,,,,,,,,,,,,,,,,,,,,,,,,,,
58th,Cocoon,,,,,,,,,,,,,,,,,,,,,,,,,,,,,,,,
58th,Prizzi's Honor,,,,,,,,,,,,,,,,,,,,,,,,,,,,,,,,
58th,Back to the Future,,,,,,,,,,,,,,,,,,,,,,,,,,,,,,,,
58th,Kiss of the Spider Woman,,,,,,,,,,,,,,,,,,,,,,,,,,,,,,,,
58th,Ran,,,,,,,,,,,,,,,,,,,,,,,,,,,,,,,,
58th,The Official Story,,,,,,,,,,,,,,,,,,,,,,,,,,,,,,,,
58th,The Trip to Bountiful,,,,,,,,,,,,,,,,,,,,,,,,,,,,,,,,
58th,White Nights,,,,,,,,,,,,,,,,,,,,,,,,,,,,,,,,
58th,Anna & Bella,,,,,,,,,,,,,,,,,,,,,,,,,,,,,,,,
58th,Broken Rainbow,,,,,,,,,,,,,,,,,,,,,,,,,,,,,,,,
58th,Mask,,,,,,,,,,,,,,,,,,,,,,,,,,,,,,,,
58th,Molly's Pilgrim,,,,,,,,,,,,,,,,,,,,,,,,,,,,,,,,
58th,Witness to War: Dr. Charlie Clements,,,,,,,,,,,,,,,,,,,,,,,,,,,,,,,,
58th,The Color Purple,,,,,,,,,,,,,,,,,,,,,,,,,,,,,,,,
58th,A Chorus Line,,,,,,,,,,,,,,,,,,,,,,,,,,,,,,,,
58th,Agnes of God,,,,,,,,,,,,,,,,,,,,,,,,,,,,,,,,
58th,Runaway Train,,,,,,,,,,,,,,,,,,,,,,,,,,,,,,,,
58th,Brazil,,,,,,,,,,,,,,,,,,,,,,,,,,,,,,,,
58th,Ladyhawke,,,,,,,,,,,,,,,,,,,,,,,,,,,,,,,,
58th,Murphy's Romance,,,,,,,,,,,,,,,,,,,,,,,,,,,,,,,,
58th,Silverado,,,,,,,,,,,,,,,,,,,,,,,,,,,,,,,,
58th,Angry Harvest,,,,,,,,,,,,,,,,,,,,,,,,,,,,,,,,
58th,Colonel Redl,,,,,,,,,,,,,,,,,,,,,,,,,,,,,,,,
58th,Graffiti,,,,,,,,,,,,,,,,,,,,,,,,,,,,,,,,
58th,Jagged Edge,,,,,,,,,,,,,,,,,,,,,,,,,,,,,,,,
58th,Keats and His Nightingale: A Blind Date,,,,,,,,,,,,,,,,,,,,,,,,,,,,,,,,
58th,Making Overtures: The Story of a Community Orchestra,,,,,,,,,,,,,,,,,,,,,,,,,,,,,,,,
58th,Rainbow War,,,,,,,,,,,,,,,,,,,,,,,,,,,,,,,,
58th,Rambo: First Blood Part II,,,,,,,,,,,,,,,,,,,,,,,,,,,,,,,,
58th,Remo Williams: The Adventure Begins,,,,,,,,,,,,,,,,,,,,,,,,,,,,,,,,
58th,Return to Oz,,,,,,,,,,,,,,,,,,,,,,,,,,,,,,,,
58th,Second Class Mail,,,,,,,,,,,,,,,,,,,,,,,,,,,,,,,,
58th,Soldiers in Hiding,,,,,,,,,,,,,,,,,,,,,,,,,,,,,,,,
58th,Sweet Dreams,,,,,,,,,,,,,,,,,,,,,,,,,,,,,,,,
58th,The Big Snit,,,,,,,,,,,,,,,,,,,,,,,,,,,,,,,,
58th,The Courage to Care,,,,,,,,,,,,,,,,,,,,,,,,,,,,,,,,
58th,The Journey of Natty Gann,,,,,,,,,,,,,,,,,,,,,,,,,,,,,,,,
58th,The Mothers of Plaza de Mayo,,,,,,,,,,,,,,,,,,,,,,,,,,,,,,,,
58th,The Purple Rose of Cairo,,,,,,,,,,,,,,,,,,,,,,,,,,,,,,,,
58th,The Statue of Liberty,,,,,,,,,,,,,,,,,,,,,,,,,,,,,,,,
58th,The Wizard of the Strings,,,,,,,,,,,,,,,,,,,,,,,,,,,,,,,,
58th,Three Men and a Cradle,,,,,,,,,,,,,,,,,,,,,,,,,,,,,,,,
58th,Twice in a Lifetime,,,,,,,,,,,,,,,,,,,,,,,,,,,,,,,,
58th,Unfinished Business,,,,,,,,,,,,,,,,,,,,,,,,,,,,,,,,
58th,When Father Was Away on Business,,,,,,,,,,,,,,,,,,,,,,,,,,,,,,,,
58th,Young Sherlock Holmes,,,,,,,,,,,,,,,,,,,,,,,,,,,,,,,,
59th,Platoon,,,,,,,,,,,,,,,,,,,,,,,,,,,,,,,,
59th,A Room with a View,,,,,,,,,,,,,,,,,,,,,,,,,,,,,,,,
59th,Hannah and Her Sisters,,,,,,,,,,,,,,,,,,,,,,,,,,,,,,,,
59th,Aliens,,,,,,,,,,,,,,,,,,,,,,,,,,,,,,,,
59th,The Mission,,,,,,,,,,,,,,,,,,,,,,,,,,,,,,,,
59th,Children of a Lesser God,,,,,,,,,,,,,,,,,,,,,,,,,,,,,,,,
59th,The Color of Money,,,,,,,,,,,,,,,,,,,,,,,,,,,,,,,,
59th,Top Gun,,,,,,,,,,,,,,,,,,,,,,,,,,,,,,,,
59th,Round Midnight,,,,,,,,,,,,,,,,,,,,,,,,,,,,,,,,
59th,A Greek Tragedy,,,,,,,,,,,,,,,,,,,,,,,,,,,,,,,,
59th,Artie Shaw: Time Is All You've Got,,,,,,,,,,,,,,,,,,,,,,,,,,,,,,,,
59th,Down and Out in America,,,,,,,,,,,,,,,,,,,,,,,,,,,,,,,,
59th,Precious Images,,,,,,,,,,,,,,,,,,,,,,,,,,,,,,,,
59th,The Assault,,,,,,,,,,,,,,,,,,,,,,,,,,,,,,,,
59th,The Fly,,,,,,,,,,,,,,,,,,,,,,,,,,,,,,,,
59th,"Women – for America, for the World",,,,,,,,,,,,,,,,,,,,,,,,,,,,,,,,
59th,Star Trek IV: The Voyage Home,,,,,,,,,,,,,,,,,,,,,,,,,,,,,,,,
59th,Crimes of the Heart,,,,,,,,,,,,,,,,,,,,,,,,,,,,,,,,
59th,Peggy Sue Got Married,,,,,,,,,,,,,,,,,,,,,,,,,,,,,,,,
59th,Hoosiers,,,,,,,,,,,,,,,,,,,,,,,,,,,,,,,,
59th,Little Shop of Horrors,,,,,,,,,,,,,,,,,,,,,,,,,,,,,,,,
59th,Salvador,,,,,,,,,,,,,,,,,,,,,,,,,,,,,,,,
59th,38 – Vienna Before the Fall,,,,,,,,,,,,,,,,,,,,,,,,,,,,,,,,
59th,An American Tail,,,,,,,,,,,,,,,,,,,,,,,,,,,,,,,,
59th,Betty Blue,,,,,,,,,,,,,,,,,,,,,,,,,,,,,,,,
59th,Blue Velvet,,,,,,,,,,,,,,,,,,,,,,,,,,,,,,,,
59th,Chile: Hasta Cuando?,,,,,,,,,,,,,,,,,,,,,,,,,,,,,,,,
59th,Crocodile Dundee,,,,,,,,,,,,,,,,,,,,,,,,,,,,,,,,
59th,Debonair Dancers,,,,,,,,,,,,,,,,,,,,,,,,,,,,,,,,
59th,Exit,,,,,,,,,,,,,,,,,,,,,,,,,,,,,,,,
59th,Heartbreak Ridge,,,,,,,,,,,,,,,,,,,,,,,,,,,,,,,,
59th,Isaac in America: A Journey with Isaac Bashevis Singer,,,,,,,,,,,,,,,,,,,,,,,,,,,,,,,,
59th,Legend,,,,,,,,,,,,,,,,,,,,,,,,,,,,,,,,
59th,Love Struck,,,,,,,,,,,,,,,,,,,,,,,,,,,,,,,,
59th,Luxo Jr.,,,,,,,,,,,,,,,,,,,,,,,,,,,,,,,,
59th,Mona Lisa,,,,,,,,,,,,,,,,,,,,,,,,,,,,,,,,
59th,My Beautiful Laundrette,,,,,,,,,,,,,,,,,,,,,,,,,,,,,,,,
59th,My Sweet Little Village,,,,,,,,,,,,,,,,,,,,,,,,,,,,,,,,
59th,Otello,,,,,,,,,,,,,,,,,,,,,,,,,,,,,,,,
59th,Pirates,,,,,,,,,,,,,,,,,,,,,,,,,,,,,,,,
59th,Poltergeist II: The Other Side,,,,,,,,,,,,,,,,,,,,,,,,,,,,,,,,
59th,Red Grooms: Sunflower in a Hothouse,,,,,,,,,,,,,,,,,,,,,,,,,,,,,,,,
59th,Sam,,,,,,,,,,,,,,,,,,,,,,,,,,,,,,,,
59th,Stand by Me,,,,,,,,,,,,,,,,,,,,,,,,,,,,,,,,
59th,That's Life!,,,,,,,,,,,,,,,,,,,,,,,,,,,,,,,,
59th,The Clan of the Cave Bear,,,,,,,,,,,,,,,,,,,,,,,,,,,,,,,,
59th,The Decline of the American Empire,,,,,,,,,,,,,,,,,,,,,,,,,,,,,,,,
59th,"The Frog, the Dog and the Devil",,,,,,,,,,,,,,,,,,,,,,,,,,,,,,,,
59th,The Karate Kid Part II,,,,,,,,,,,,,,,,,,,,,,,,,,,,,,,,
59th,The Masters of Disaster,,,,,,,,,,,,,,,,,,,,,,,,,,,,,,,,
59th,The Morning After,,,,,,,,,,,,,,,,,,,,,,,,,,,,,,,,
59th,Witness to Apartheid,,,,,,,,,,,,,,,,,,,,,,,,,,,,,,,,
60th,The Last Emperor,,,,,,,,,,,,,,,,,,,,,,,,,,,,,,,,
60th,Moonstruck,,,,,,,,,,,,,,,,,,,,,,,,,,,,,,,,
60th,The Untouchables,,,,,,,,,,,,,,,,,,,,,,,,,,,,,,,,
60th,Babette's Feast,,,,,,,,,,,,,,,,,,,,,,,,,,,,,,,,
60th,Dirty Dancing,,,,,,,,,,,,,,,,,,,,,,,,,,,,,,,,
60th,Harry and the Hendersons,,,,,,,,,,,,,,,,,,,,,,,,,,,,,,,,
60th,Innerspace,,,,,,,,,,,,,,,,,,,,,,,,,,,,,,,,
60th,Ray's Male Heterosexual Dance Hall,,,,,,,,,,,,,,,,,,,,,,,,,,,,,,,,
60th,The Man Who Planted Trees,,,,,,,,,,,,,,,,,,,,,,,,,,,,,,,,
60th,The Ten-Year Lunch: The Wit and Legend of the Algonquin Round Table,,,,,,,,,,,,,,,,,,,,,,,,,,,,,,,,
60th,Wall Street,,,,,,,,,,,,,,,,,,,,,,,,,,,,,,,,
60th,Young at Heart,,,,,,,,,,,,,,,,,,,,,,,,,,,,,,,,
60th,Broadcast News,,,,,,,,,,,,,,,,,,,,,,,,,,,,,,,,
60th,Empire of the Sun,,,,,,,,,,,,,,,,,,,,,,,,,,,,,,,,
60th,Fatal Attraction,,,,,,,,,,,,,,,,,,,,,,,,,,,,,,,,
60th,Hope and Glory,,,,,,,,,,,,,,,,,,,,,,,,,,,,,,,,
60th,Cry Freedom,,,,,,,,,,,,,,,,,,,,,,,,,,,,,,,,
60th,Au revoir les enfants,,,,,,,,,,,,,,,,,,,,,,,,,,,,,,,,
60th,Ironweed,,,,,,,,,,,,,,,,,,,,,,,,,,,,,,,,
60th,My Life as a Dog,,,,,,,,,,,,,,,,,,,,,,,,,,,,,,,,
60th,Radio Days,,,,,,,,,,,,,,,,,,,,,,,,,,,,,,,,
60th,RoboCop,,,,,,,,,,,,,,,,,,,,,,,,,,,,,,,,
60th,The Dead,,,,,,,,,,,,,,,,,,,,,,,,,,,,,,,,
60th,The Witches of Eastwick,,,,,,,,,,,,,,,,,,,,,,,,,,,,,,,,
60th,A Stitch for Time,,,,,,,,,,,,,,,,,,,,,,,,,,,,,,,,
60th,Anna,,,,,,,,,,,,,,,,,,,,,,,,,,,,,,,,
60th,Beverly Hills Cop II,,,,,,,,,,,,,,,,,,,,,,,,,,,,,,,,
60th,Course Completed,,,,,,,,,,,,,,,,,,,,,,,,,,,,,,,,
60th,Dark Eyes,,,,,,,,,,,,,,,,,,,,,,,,,,,,,,,,
60th,Eyes on the Prize: America's Civil Rights Years/Bridge to Freedom 1965,,,,,,,,,,,,,,,,,,,,,,,,,,,,,,,,
60th,Frances Steloff: Memoirs of a Bookseller,,,,,,,,,,,,,,,,,,,,,,,,,,,,,,,,
60th,Full Metal Jacket,,,,,,,,,,,,,,,,,,,,,,,,,,,,,,,,
60th,Gaby: A True Story,,,,,,,,,,,,,,,,,,,,,,,,,,,,,,,,
60th,George and Rosemary,,,,,,,,,,,,,,,,,,,,,,,,,,,,,,,,
60th,"Good Morning, Vietnam",,,,,,,,,,,,,,,,,,,,,,,,,,,,,,,,
60th,Happy New Year,,,,,,,,,,,,,,,,,,,,,,,,,,,,,,,,
60th,Hellfire: A Journey from Hiroshima,,,,,,,,,,,,,,,,,,,,,,,,,,,,,,,,
60th,In the Wee Wee Hours...,,,,,,,,,,,,,,,,,,,,,,,,,,,,,,,,
60th,Language Says It All,,,,,,,,,,,,,,,,,,,,,,,,,,,,,,,,
60th,Lethal Weapon,,,,,,,,,,,,,,,,,,,,,,,,,,,,,,,,
60th,Making Waves,,,,,,,,,,,,,,,,,,,,,,,,,,,,,,,,
60th,Mannequin,,,,,,,,,,,,,,,,,,,,,,,,,,,,,,,,
60th,Matewan,,,,,,,,,,,,,,,,,,,,,,,,,,,,,,,,
60th,Maurice,,,,,,,,,,,,,,,,,,,,,,,,,,,,,,,,
60th,Pathfinder,,,,,,,,,,,,,,,,,,,,,,,,,,,,,,,,
60th,Predator,,,,,,,,,,,,,,,,,,,,,,,,,,,,,,,,
60th,Radio Bikini,,,,,,,,,,,,,,,,,,,,,,,,,,,,,,,,
60th,Shoeshine,,,,,,,,,,,,,,,,,,,,,,,,,,,,,,,,
60th,Silver into Gold,,,,,,,,,,,,,,,,,,,,,,,,,,,,,,,,
60th,Street Smart,,,,,,,,,,,,,,,,,,,,,,,,,,,,,,,,
60th,The Family,,,,,,,,,,,,,,,,,,,,,,,,,,,,,,,,
60th,The Princess Bride,,,,,,,,,,,,,,,,,,,,,,,,,,,,,,,,
60th,The Whales of August,,,,,,,,,,,,,,,,,,,,,,,,,,,,,,,,
60th,Throw Momma from the Train,,,,,,,,,,,,,,,,,,,,,,,,,,,,,,,,
60th,Your Face,,,,,,,,,,,,,,,,,,,,,,,,,,,,,,,,
61st,Rain Man,,,,,,,,,,,,,,,,,,,,,,,,,,,,,,,,
61st,Dangerous Liaisons,,,,,,,,,,,,,,,,,,,,,,,,,,,,,,,,
61st,Who Framed Roger Rabbit,,,,,,,,,,,,,,,,,,,,,,,,,,,,,,,,
61st,Mississippi Burning,,,,,,,,,,,,,,,,,,,,,,,,,,,,,,,,
61st,Working Girl,,,,,,,,,,,,,,,,,,,,,,,,,,,,,,,,
61st,The Accidental Tourist,,,,,,,,,,,,,,,,,,,,,,,,,,,,,,,,
61st,A Fish Called Wanda,,,,,,,,,,,,,,,,,,,,,,,,,,,,,,,,
61st,Pelle the Conqueror,,,,,,,,,,,,,,,,,,,,,,,,,,,,,,,,
61st,Beetlejuice,,,,,,,,,,,,,,,,,,,,,,,,,,,,,,,,
61st,Bird,,,,,,,,,,,,,,,,,,,,,,,,,,,,,,,,
61st,Hotel Terminus: The Life and Times of Klaus Barbie,,,,,,,,,,,,,,,,,,,,,,,,,,,,,,,,
61st,The Accused,,,,,,,,,,,,,,,,,,,,,,,,,,,,,,,,
61st,The Appointments of Dennis Jennings,,,,,,,,,,,,,,,,,,,,,,,,,,,,,,,,
61st,The Milagro Beanfield War,,,,,,,,,,,,,,,,,,,,,,,,,,,,,,,,
61st,Tin Toy,,,,,,,,,,,,,,,,,,,,,,,,,,,,,,,,
61st,You Don't Have to Die,,,,,,,,,,,,,,,,,,,,,,,,,,,,,,,,
61st,Gorillas in the Mist,,,,,,,,,,,,,,,,,,,,,,,,,,,,,,,,
61st,Die Hard,,,,,,,,,,,,,,,,,,,,,,,,,,,,,,,,
61st,Tucker: The Man and His Dream,,,,,,,,,,,,,,,,,,,,,,,,,,,,,,,,
61st,Big,,,,,,,,,,,,,,,,,,,,,,,,,,,,,,,,
61st,Coming to America,,,,,,,,,,,,,,,,,,,,,,,,,,,,,,,,
61st,Little Dorrit,,,,,,,,,,,,,,,,,,,,,,,,,,,,,,,,
61st,Running on Empty,,,,,,,,,,,,,,,,,,,,,,,,,,,,,,,,
61st,The Unbearable Lightness of Being,,,,,,,,,,,,,,,,,,,,,,,,,,,,,,,,
61st,Willow,,,,,,,,,,,,,,,,,,,,,,,,,,,,,,,,
61st,A Cry in the Dark,,,,,,,,,,,,,,,,,,,,,,,,,,,,,,,,
61st,A Handful of Dust,,,,,,,,,,,,,,,,,,,,,,,,,,,,,,,,
61st,Bagdad Cafe,,,,,,,,,,,,,,,,,,,,,,,,,,,,,,,,
61st,Beaches,,,,,,,,,,,,,,,,,,,,,,,,,,,,,,,,
61st,Bull Durham,,,,,,,,,,,,,,,,,,,,,,,,,,,,,,,,
61st,Buster,,,,,,,,,,,,,,,,,,,,,,,,,,,,,,,,
61st,Cadillac Dreams,,,,,,,,,,,,,,,,,,,,,,,,,,,,,,,,
61st,Family Gathering,,,,,,,,,,,,,,,,,,,,,,,,,,,,,,,,
61st,Gang Cops,,,,,,,,,,,,,,,,,,,,,,,,,,,,,,,,
61st,Gullah Tales,,,,,,,,,,,,,,,,,,,,,,,,,,,,,,,,
61st,Hanussen,,,,,,,,,,,,,,,,,,,,,,,,,,,,,,,,
61st,Let's Get Lost,,,,,,,,,,,,,,,,,,,,,,,,,,,,,,,,
61st,Married to the Mob,,,,,,,,,,,,,,,,,,,,,,,,,,,,,,,,
61st,Portrait of Imogen,,,,,,,,,,,,,,,,,,,,,,,,,,,,,,,,
61st,Promises to Keep,,,,,,,,,,,,,,,,,,,,,,,,,,,,,,,,
61st,Salaam Bombay!,,,,,,,,,,,,,,,,,,,,,,,,,,,,,,,,
61st,Scrooged,,,,,,,,,,,,,,,,,,,,,,,,,,,,,,,,
61st,Stand and Deliver,,,,,,,,,,,,,,,,,,,,,,,,,,,,,,,,
61st,Sunset,,,,,,,,,,,,,,,,,,,,,,,,,,,,,,,,
61st,Technological Threat,,,,,,,,,,,,,,,,,,,,,,,,,,,,,,,,
61st,Tequila Sunrise,,,,,,,,,,,,,,,,,,,,,,,,,,,,,,,,
61st,The Cat Came Back,,,,,,,,,,,,,,,,,,,,,,,,,,,,,,,,
61st,The Children's Storefront,,,,,,,,,,,,,,,,,,,,,,,,,,,,,,,,
61st,The Cry of Reason: Beyers Naude - An Afrikaner Speaks Out,,,,,,,,,,,,,,,,,,,,,,,,,,,,,,,,
61st,The Last Temptation of Christ,,,,,,,,,,,,,,,,,,,,,,,,,,,,,,,,
61st,The Music Teacher,,,,,,,,,,,,,,,,,,,,,,,,,,,,,,,,
61st,Who Killed Vincent Chin?,,,,,,,,,,,,,,,,,,,,,,,,,,,,,,,,
61st,Women on the Verge of a Nervous Breakdown,,,,,,,,,,,,,,,,,,,,,,,,,,,,,,,,
62nd,Driving Miss Daisy,,,,,,,,,,,,,,,,,,,,,,,,,,,,,,,,
62nd,Glory,,,,,,,,,,,,,,,,,,,,,,,,,,,,,,,,
62nd,Born on the Fourth of July,,,,,,,,,,,,,,,,,,,,,,,,,,,,,,,,
62nd,My Left Foot,,,,,,,,,,,,,,,,,,,,,,,,,,,,,,,,
62nd,The Little Mermaid,,,,,,,,,,,,,,,,,,,,,,,,,,,,,,,,
62nd,Dead Poets Society,,,,,,,,,,,,,,,,,,,,,,,,,,,,,,,,
62nd,The Abyss,,,,,,,,,,,,,,,,,,,,,,,,,,,,,,,,
62nd,Henry V,,,,,,,,,,,,,,,,,,,,,,,,,,,,,,,,
62nd,Indiana Jones and the Last Crusade,,,,,,,,,,,,,,,,,,,,,,,,,,,,,,,,
62nd,Balance,,,,,,,,,,,,,,,,,,,,,,,,,,,,,,,,
62nd,Batman,,,,,,,,,,,,,,,,,,,,,,,,,,,,,,,,
62nd,Cinema Paradiso,,,,,,,,,,,,,,,,,,,,,,,,,,,,,,,,
62nd,Common Threads: Stories from the Quilt,,,,,,,,,,,,,,,,,,,,,,,,,,,,,,,,
62nd,The Johnstown Flood,,,,,,,,,,,,,,,,,,,,,,,,,,,,,,,,
62nd,Work Experience,,,,,,,,,,,,,,,,,,,,,,,,,,,,,,,,
62nd,The Adventures of Baron Munchausen,,,,,,,,,,,,,,,,,,,,,,,,,,,,,,,,
62nd,The Fabulous Baker Boys,,,,,,,,,,,,,,,,,,,,,,,,,,,,,,,,
62nd,Crimes and Misdemeanors,,,,,,,,,,,,,,,,,,,,,,,,,,,,,,,,
62nd,"Enemies, A Love Story",,,,,,,,,,,,,,,,,,,,,,,,,,,,,,,,
62nd,Field of Dreams,,,,,,,,,,,,,,,,,,,,,,,,,,,,,,,,
62nd,Black Rain,,,,,,,,,,,,,,,,,,,,,,,,,,,,,,,,
62nd,Camille Claudel,,,,,,,,,,,,,,,,,,,,,,,,,,,,,,,,
62nd,Do the Right Thing,,,,,,,,,,,,,,,,,,,,,,,,,,,,,,,,
62nd,Parenthood,,,,,,,,,,,,,,,,,,,,,,,,,,,,,,,,
62nd,Shirley Valentine,,,,,,,,,,,,,,,,,,,,,,,,,,,,,,,,
62nd,A Dry White Season,,,,,,,,,,,,,,,,,,,,,,,,,,,,,,,,
62nd,Adam Clayton Powell,,,,,,,,,,,,,,,,,,,,,,,,,,,,,,,,
62nd,Amazon Diary,,,,,,,,,,,,,,,,,,,,,,,,,,,,,,,,
62nd,Back to the Future Part II,,,,,,,,,,,,,,,,,,,,,,,,,,,,,,,,
62nd,Blaze,,,,,,,,,,,,,,,,,,,,,,,,,,,,,,,,
62nd,Chances Are,,,,,,,,,,,,,,,,,,,,,,,,,,,,,,,,
62nd,Crack USA: County Under Siege,,,,,,,,,,,,,,,,,,,,,,,,,,,,,,,,
62nd,Dad,,,,,,,,,,,,,,,,,,,,,,,,,,,,,,,,
62nd,"Fine Food, Fine Pastries, Open 6 to 9",,,,,,,,,,,,,,,,,,,,,,,,,,,,,,,,
62nd,For All Mankind,,,,,,,,,,,,,,,,,,,,,,,,,,,,,,,,
62nd,Harlem Nights,,,,,,,,,,,,,,,,,,,,,,,,,,,,,,,,
62nd,Jesus of Montreal,,,,,,,,,,,,,,,,,,,,,,,,,,,,,,,,
62nd,Lethal Weapon 2,,,,,,,,,,,,,,,,,,,,,,,,,,,,,,,,
62nd,Memories of a Marriage,,,,,,,,,,,,,,,,,,,,,,,,,,,,,,,,
62nd,Music Box,,,,,,,,,,,,,,,,,,,,,,,,,,,,,,,,
62nd,"Sex, Lies, and Videotape",,,,,,,,,,,,,,,,,,,,,,,,,,,,,,,,
62nd,Steel Magnolias,,,,,,,,,,,,,,,,,,,,,,,,,,,,,,,,
62nd,Super Chief: The Life and Legacy of Earl Warren,,,,,,,,,,,,,,,,,,,,,,,,,,,,,,,,
62nd,The Bear,,,,,,,,,,,,,,,,,,,,,,,,,,,,,,,,
62nd,The Childeater,,,,,,,,,,,,,,,,,,,,,,,,,,,,,,,,
62nd,The Cow,,,,,,,,,,,,,,,,,,,,,,,,,,,,,,,,
62nd,The Hill Farm,,,,,,,,,,,,,,,,,,,,,,,,,,,,,,,,
62nd,Valmont,,,,,,,,,,,,,,,,,,,,,,,,,,,,,,,,
62nd,What Happened to Santiago,,,,,,,,,,,,,,,,,,,,,,,,,,,,,,,,
62nd,When Harry Met Sally...,,,,,,,,,,,,,,,,,,,,,,,,,,,,,,,,
62nd,Yad Vashem: Preserving the Past to Ensure the Future,,,,,,,,,,,,,,,,,,,,,,,,,,,,,,,,
63rd,Dances With Wolves,,,,,,,,,,,,,,,,,,,,,,,,,,,,,,,,
63rd,Dick Tracy,,,,,,,,,,,,,,,,,,,,,,,,,,,,,,,,
63rd,Ghost,,,,,,,,,,,,,,,,,,,,,,,,,,,,,,,,
63rd,Goodfellas,,,,,,,,,,,,,,,,,,,,,,,,,,,,,,,,
63rd,Cyrano de Bergerac,,,,,,,,,,,,,,,,,,,,,,,,,,,,,,,,
63rd,Reversal of Fortune,,,,,,,,,,,,,,,,,,,,,,,,,,,,,,,,
63rd,The Hunt for Red October,,,,,,,,,,,,,,,,,,,,,,,,,,,,,,,,
63rd,American Dream,,,,,,,,,,,,,,,,,,,,,,,,,,,,,,,,
63rd,Creature Comforts,,,,,,,,,,,,,,,,,,,,,,,,,,,,,,,,
63rd,Days of Waiting: The Life & Art of Estelle Ishigo,,,,,,,,,,,,,,,,,,,,,,,,,,,,,,,,
63rd,Journey of Hope,,,,,,,,,,,,,,,,,,,,,,,,,,,,,,,,
63rd,Misery,,,,,,,,,,,,,,,,,,,,,,,,,,,,,,,,
63rd,The Lunch Date,,,,,,,,,,,,,,,,,,,,,,,,,,,,,,,,
63rd,The Godfather Part III,,,,,,,,,,,,,,,,,,,,,,,,,,,,,,,,
63rd,Avalon,,,,,,,,,,,,,,,,,,,,,,,,,,,,,,,,
63rd,The Grifters,,,,,,,,,,,,,,,,,,,,,,,,,,,,,,,,
63rd,Awakenings,,,,,,,,,,,,,,,,,,,,,,,,,,,,,,,,
63rd,Hamlet,,,,,,,,,,,,,,,,,,,,,,,,,,,,,,,,
63rd,Home Alone,,,,,,,,,,,,,,,,,,,,,,,,,,,,,,,,
63rd,Postcards from the Edge,,,,,,,,,,,,,,,,,,,,,,,,,,,,,,,,
63rd,Total Recall,,,,,,,,,,,,,,,,,,,,,,,,,,,,,,,,
63rd,12:01 PM,,,,,,,,,,,,,,,,,,,,,,,,,,,,,,,,
63rd,A Grand Day Out,,,,,,,,,,,,,,,,,,,,,,,,,,,,,,,,
63rd,Alice,,,,,,,,,,,,,,,,,,,,,,,,,,,,,,,,
63rd,Berkeley in the Sixties,,,,,,,,,,,,,,,,,,,,,,,,,,,,,,,,
63rd,Bronx Cheers,,,,,,,,,,,,,,,,,,,,,,,,,,,,,,,,
63rd,Building Bombs,,,,,,,,,,,,,,,,,,,,,,,,,,,,,,,,
63rd,Burning Down Tomorrow,,,,,,,,,,,,,,,,,,,,,,,,,,,,,,,,
63rd,Chimps: So Like Us,,,,,,,,,,,,,,,,,,,,,,,,,,,,,,,,
63rd,Days of Thunder,,,,,,,,,,,,,,,,,,,,,,,,,,,,,,,,
63rd,Dear Rosie,,,,,,,,,,,,,,,,,,,,,,,,,,,,,,,,
63rd,Edward Scissorhands,,,,,,,,,,,,,,,,,,,,,,,,,,,,,,,,
63rd,Flatliners,,,,,,,,,,,,,,,,,,,,,,,,,,,,,,,,
63rd,Forever Activists: Stories from the Veterans of the Abraham Lincoln Brigade,,,,,,,,,,,,,,,,,,,,,,,,,,,,,,,,
63rd,Grasshoppers (Cavallette),,,,,,,,,,,,,,,,,,,,,,,,,,,,,,,,
63rd,Green Card,,,,,,,,,,,,,,,,,,,,,,,,,,,,,,,,
63rd,Havana,,,,,,,,,,,,,,,,,,,,,,,,,,,,,,,,
63rd,Henry & June,,,,,,,,,,,,,,,,,,,,,,,,,,,,,,,,
63rd,Journey into Life: The World of the Unborn,,,,,,,,,,,,,,,,,,,,,,,,,,,,,,,,
63rd,Ju Dou,,,,,,,,,,,,,,,,,,,,,,,,,,,,,,,,
63rd,Longtime Companion,,,,,,,,,,,,,,,,,,,,,,,,,,,,,,,,
63rd,Metropolitan,,,,,,,,,,,,,,,,,,,,,,,,,,,,,,,,
63rd,Mr. and Mrs. Bridge,,,,,,,,,,,,,,,,,,,,,,,,,,,,,,,,
63rd,Open Doors,,,,,,,,,,,,,,,,,,,,,,,,,,,,,,,,
63rd,Pretty Woman,,,,,,,,,,,,,,,,,,,,,,,,,,,,,,,,
63rd,Rose Kennedy: A Life to Remember,,,,,,,,,,,,,,,,,,,,,,,,,,,,,,,,
63rd,Senzeni Na? (What Have We Done?),,,,,,,,,,,,,,,,,,,,,,,,,,,,,,,,
63rd,The Field,,,,,,,,,,,,,,,,,,,,,,,,,,,,,,,,
63rd,The Nasty Girl,,,,,,,,,,,,,,,,,,,,,,,,,,,,,,,,
63rd,Waldo Salt: A Screenwriter's Journey,,,,,,,,,,,,,,,,,,,,,,,,,,,,,,,,
63rd,Wild at Heart,,,,,,,,,,,,,,,,,,,,,,,,,,,,,,,,
63rd,Young Guns II,,,,,,,,,,,,,,,,,,,,,,,,,,,,,,,,
64th,The Silence of the Lambs,,,,,,,,,,,,,,,,,,,,,,,,,,,,,,,,
64th,Terminator 2: Judgment Day,,,,,,,,,,,,,,,,,,,,,,,,,,,,,,,,
64th,Bugsy,,,,,,,,,,,,,,,,,,,,,,,,,,,,,,,,
64th,JFK,,,,,,,,,,,,,,,,,,,,,,,,,,,,,,,,
64th,Beauty and the Beast,,,,,,,,,,,,,,,,,,,,,,,,,,,,,,,,
64th,Thelma & Louise,,,,,,,,,,,,,,,,,,,,,,,,,,,,,,,,
64th,The Fisher King,,,,,,,,,,,,,,,,,,,,,,,,,,,,,,,,
64th,City Slickers,,,,,,,,,,,,,,,,,,,,,,,,,,,,,,,,
64th,"Deadly Deception: General Electric, Nuclear Weapons and Our Environment",,,,,,,,,,,,,,,,,,,,,,,,,,,,,,,,
64th,In the Shadow of the Stars,,,,,,,,,,,,,,,,,,,,,,,,,,,,,,,,
64th,Manipulation,,,,,,,,,,,,,,,,,,,,,,,,,,,,,,,,
64th,Mediterraneo,,,,,,,,,,,,,,,,,,,,,,,,,,,,,,,,
64th,Session Man,,,,,,,,,,,,,,,,,,,,,,,,,,,,,,,,
64th,The Prince of Tides,,,,,,,,,,,,,,,,,,,,,,,,,,,,,,,,
64th,Hook,,,,,,,,,,,,,,,,,,,,,,,,,,,,,,,,
64th,Backdraft,,,,,,,,,,,,,,,,,,,,,,,,,,,,,,,,
64th,Barton Fink,,,,,,,,,,,,,,,,,,,,,,,,,,,,,,,,
64th,Boyz n the Hood,,,,,,,,,,,,,,,,,,,,,,,,,,,,,,,,
64th,Cape Fear,,,,,,,,,,,,,,,,,,,,,,,,,,,,,,,,
64th,Fried Green Tomatoes,,,,,,,,,,,,,,,,,,,,,,,,,,,,,,,,
64th,Rambling Rose,,,,,,,,,,,,,,,,,,,,,,,,,,,,,,,,
64th,Star Trek VI: The Undiscovered Country,,,,,,,,,,,,,,,,,,,,,,,,,,,,,,,,
64th,A Little Vicious,,,,,,,,,,,,,,,,,,,,,,,,,,,,,,,,
64th,Birch Street Gym,,,,,,,,,,,,,,,,,,,,,,,,,,,,,,,,
64th,Birdnesters of Thailand,,,,,,,,,,,,,,,,,,,,,,,,,,,,,,,,
64th,Blackfly,,,,,,,,,,,,,,,,,,,,,,,,,,,,,,,,
64th,Children of Nature,,,,,,,,,,,,,,,,,,,,,,,,,,,,,,,,
64th,Death on the Job,,,,,,,,,,,,,,,,,,,,,,,,,,,,,,,,
64th,Doing Time: Life Inside the Big House,,,,,,,,,,,,,,,,,,,,,,,,,,,,,,,,
64th,Europa Europa,,,,,,,,,,,,,,,,,,,,,,,,,,,,,,,,
64th,For the Boys,,,,,,,,,,,,,,,,,,,,,,,,,,,,,,,,
64th,Grand Canyon,,,,,,,,,,,,,,,,,,,,,,,,,,,,,,,,
64th,Last Breeze of Summer,,,,,,,,,,,,,,,,,,,,,,,,,,,,,,,,
64th,Madame Bovary,,,,,,,,,,,,,,,,,,,,,,,,,,,,,,,,
64th,Memorial: Letters from American Soldiers,,,,,,,,,,,,,,,,,,,,,,,,,,,,,,,,
64th,Raise the Red Lantern,,,,,,,,,,,,,,,,,,,,,,,,,,,,,,,,
64th,Robin Hood: Prince of Thieves,,,,,,,,,,,,,,,,,,,,,,,,,,,,,,,,
64th,Strings,,,,,,,,,,,,,,,,,,,,,,,,,,,,,,,,
64th,The Addams Family,,,,,,,,,,,,,,,,,,,,,,,,,,,,,,,,
64th,The Commitments,,,,,,,,,,,,,,,,,,,,,,,,,,,,,,,,
64th,The Elementary School,,,,,,,,,,,,,,,,,,,,,,,,,,,,,,,,
64th,The Mark of the Maker,,,,,,,,,,,,,,,,,,,,,,,,,,,,,,,,
64th,The Ox,,,,,,,,,,,,,,,,,,,,,,,,,,,,,,,,
64th,The Restless Conscience: Resistance to Hitler Within Germany 1933–1945,,,,,,,,,,,,,,,,,,,,,,,,,,,,,,,,
64th,Wild by Law,,,,,,,,,,,,,,,,,,,,,,,,,,,,,,,,
65th,Unforgiven,,,,,,,,,,,,,,,,,,,,,,,,,,,,,,,,
65th,Howards End,,,,,,,,,,,,,,,,,,,,,,,,,,,,,,,,
65th,Bram Stoker's Dracula,,,,,,,,,,,,,,,,,,,,,,,,,,,,,,,,
65th,Aladdin,,,,,,,,,,,,,,,,,,,,,,,,,,,,,,,,
65th,The Crying Game,,,,,,,,,,,,,,,,,,,,,,,,,,,,,,,,
65th,Scent of a Woman,,,,,,,,,,,,,,,,,,,,,,,,,,,,,,,,
65th,A River Runs Through It,,,,,,,,,,,,,,,,,,,,,,,,,,,,,,,,
65th,Indochine,,,,,,,,,,,,,,,,,,,,,,,,,,,,,,,,
65th,Death Becomes Her,,,,,,,,,,,,,,,,,,,,,,,,,,,,,,,,
65th,Educating Peter,,,,,,,,,,,,,,,,,,,,,,,,,,,,,,,,
65th,Mona Lisa Descending a Staircase,,,,,,,,,,,,,,,,,,,,,,,,,,,,,,,,
65th,My Cousin Vinny,,,,,,,,,,,,,,,,,,,,,,,,,,,,,,,,
65th,Omnibus,,,,,,,,,,,,,,,,,,,,,,,,,,,,,,,,
65th,The Last of the Mohicans,,,,,,,,,,,,,,,,,,,,,,,,,,,,,,,,
65th,The Panama Deception,,,,,,,,,,,,,,,,,,,,,,,,,,,,,,,,
65th,A Few Good Men,,,,,,,,,,,,,,,,,,,,,,,,,,,,,,,,
65th,Chaplin,,,,,,,,,,,,,,,,,,,,,,,,,,,,,,,,
65th,Enchanted April,,,,,,,,,,,,,,,,,,,,,,,,,,,,,,,,
65th,The Player,,,,,,,,,,,,,,,,,,,,,,,,,,,,,,,,
65th,Basic Instinct,,,,,,,,,,,,,,,,,,,,,,,,,,,,,,,,
65th,Batman Returns,,,,,,,,,,,,,,,,,,,,,,,,,,,,,,,,
65th,Hoffa,,,,,,,,,,,,,,,,,,,,,,,,,,,,,,,,
65th,Husbands and Wives,,,,,,,,,,,,,,,,,,,,,,,,,,,,,,,,
65th,Lorenzo's Oil,,,,,,,,,,,,,,,,,,,,,,,,,,,,,,,,
65th,Malcolm X,,,,,,,,,,,,,,,,,,,,,,,,,,,,,,,,
65th,Passion Fish,,,,,,,,,,,,,,,,,,,,,,,,,,,,,,,,
65th,The Bodyguard,,,,,,,,,,,,,,,,,,,,,,,,,,,,,,,,
65th,Toys,,,,,,,,,,,,,,,,,,,,,,,,,,,,,,,,
65th,Under Siege,,,,,,,,,,,,,,,,,,,,,,,,,,,,,,,,
65th,Adam,,,,,,,,,,,,,,,,,,,,,,,,,,,,,,,,
65th,Alien 3,,,,,,,,,,,,,,,,,,,,,,,,,,,,,,,,
65th,At the Edge of Conquest: The Journey of Chief Wai-Wai,,,,,,,,,,,,,,,,,,,,,,,,,,,,,,,,
65th,Beyond Imagining: Margaret Anderson and the 'Little Review',,,,,,,,,,,,,,,,,,,,,,,,,,,,,,,,
65th,Changing Our Minds: The Story of Dr. Evelyn Hooker,,,,,,,,,,,,,,,,,,,,,,,,,,,,,,,,
65th,Close to Eden,,,,,,,,,,,,,,,,,,,,,,,,,,,,,,,,
65th,Contact,,,,,,,,,,,,,,,,,,,,,,,,,,,,,,,,
65th,Cruise Control,,,,,,,,,,,,,,,,,,,,,,,,,,,,,,,,
65th,Daens,,,,,,,,,,,,,,,,,,,,,,,,,,,,,,,,
65th,Damage,,,,,,,,,,,,,,,,,,,,,,,,,,,,,,,,
65th,Fires of Kuwait,,,,,,,,,,,,,,,,,,,,,,,,,,,,,,,,
65th,Glengarry Glen Ross,,,,,,,,,,,,,,,,,,,,,,,,,,,,,,,,
65th,The Liberators: Fighting on Two Fronts in World War II,,,,,,,,,,,,,,,,,,,,,,,,,,,,,,,,
65th,Love Field,,,,,,,,,,,,,,,,,,,,,,,,,,,,,,,,
65th,Mr. Saturday Night,,,,,,,,,,,,,,,,,,,,,,,,,,,,,,,,
65th,Music for the Movies: Bernard Herrmann,,,,,,,,,,,,,,,,,,,,,,,,,,,,,,,,
65th,"Reci, reci, reci",,,,,,,,,,,,,,,,,,,,,,,,,,,,,,,,
65th,Schtonk!,,,,,,,,,,,,,,,,,,,,,,,,,,,,,,,,
65th,Screen Play,,,,,,,,,,,,,,,,,,,,,,,,,,,,,,,,
65th,Swan Song,,,,,,,,,,,,,,,,,,,,,,,,,,,,,,,,
65th,The Colours of My Father: A Portrait of Sam Borenstein,,,,,,,,,,,,,,,,,,,,,,,,,,,,,,,,
65th,The Lady in Waiting,,,,,,,,,,,,,,,,,,,,,,,,,,,,,,,,
65th,The Lover,,,,,,,,,,,,,,,,,,,,,,,,,,,,,,,,
65th,The Mambo Kings,,,,,,,,,,,,,,,,,,,,,,,,,,,,,,,,
65th,The Sandman,,,,,,,,,,,,,,,,,,,,,,,,,,,,,,,,
65th,When Abortion Was Illegal: Untold Stories,,,,,,,,,,,,,,,,,,,,,,,,,,,,,,,,
65th,A Place in the World,,,,,,,,,,,,,,,,,,,,,,,,,,,,,,,,
66th,Schindler's List,,,,,,,,,,,,,,,,,,,,,,,,,,,,,,,,
66th,The Piano,,,,,,,,,,,,,,,,,,,,,,,,,,,,,,,,
66th,Jurassic Park,,,,,,,,,,,,,,,,,,,,,,,,,,,,,,,,
66th,Philadelphia,,,,,,,,,,,,,,,,,,,,,,,,,,,,,,,,
66th,The Fugitive,,,,,,,,,,,,,,,,,,,,,,,,,,,,,,,,
66th,The Age of Innocence,,,,,,,,,,,,,,,,,,,,,,,,,,,,,,,,
66th,Belle Époque,,,,,,,,,,,,,,,,,,,,,,,,,,,,,,,,
66th,Defending Our Lives,,,,,,,,,,,,,,,,,,,,,,,,,,,,,,,,
66th,I Am a Promise: The Children of Stanton Elementary School,,,,,,,,,,,,,,,,,,,,,,,,,,,,,,,,
66th,Mrs. Doubtfire,,,,,,,,,,,,,,,,,,,,,,,,,,,,,,,,
66th,Schwarzfahrer,,,,,,,,,,,,,,,,,,,,,,,,,,,,,,,,
66th,The Wrong Trousers,,,,,,,,,,,,,,,,,,,,,,,,,,,,,,,,
66th,The Remains of the Day,,,,,,,,,,,,,,,,,,,,,,,,,,,,,,,,
66th,In the Name of the Father,,,,,,,,,,,,,,,,,,,,,,,,,,,,,,,,
66th,Cliffhanger,,,,,,,,,,,,,,,,,,,,,,,,,,,,,,,,
66th,In the Line of Fire,,,,,,,,,,,,,,,,,,,,,,,,,,,,,,,,
66th,Farewell My Concubine,,,,,,,,,,,,,,,,,,,,,,,,,,,,,,,,
66th,Orlando,,,,,,,,,,,,,,,,,,,,,,,,,,,,,,,,
66th,Shadowlands,,,,,,,,,,,,,,,,,,,,,,,,,,,,,,,,
66th,Sleepless in Seattle,,,,,,,,,,,,,,,,,,,,,,,,,,,,,,,,
66th,The Firm,,,,,,,,,,,,,,,,,,,,,,,,,,,,,,,,
66th,What's Love Got to Do with It,,,,,,,,,,,,,,,,,,,,,,,,,,,,,,,,
66th,Addams Family Values,,,,,,,,,,,,,,,,,,,,,,,,,,,,,,,,
66th,Beethoven's 2nd,,,,,,,,,,,,,,,,,,,,,,,,,,,,,,,,
66th,Blindscape,,,,,,,,,,,,,,,,,,,,,,,,,,,,,,,,
66th,Blood Ties: The Life and Work of Sally Mann,,,,,,,,,,,,,,,,,,,,,,,,,,,,,,,,
66th,Chicks in White Satin,,,,,,,,,,,,,,,,,,,,,,,,,,,,,,,,
66th,Children of Fate: Life and Death in a Sicilian Family,,,,,,,,,,,,,,,,,,,,,,,,,,,,,,,,
66th,Dave,,,,,,,,,,,,,,,,,,,,,,,,,,,,,,,,
66th,Down on the Waterfront,,,,,,,,,,,,,,,,,,,,,,,,,,,,,,,,
66th,Fearless,,,,,,,,,,,,,,,,,,,,,,,,,,,,,,,,
66th,For Better or For Worse,,,,,,,,,,,,,,,,,,,,,,,,,,,,,,,,
66th,Geronimo: An American Legend,,,,,,,,,,,,,,,,,,,,,,,,,,,,,,,,
66th,Hedd Wyn,,,,,,,,,,,,,,,,,,,,,,,,,,,,,,,,
66th,Partners,,,,,,,,,,,,,,,,,,,,,,,,,,,,,,,,
66th,Poetic Justice,,,,,,,,,,,,,,,,,,,,,,,,,,,,,,,,
66th,Searching for Bobby Fischer,,,,,,,,,,,,,,,,,,,,,,,,,,,,,,,,
66th,Short Cuts,,,,,,,,,,,,,,,,,,,,,,,,,,,,,,,,
66th,Six Degrees of Separation,,,,,,,,,,,,,,,,,,,,,,,,,,,,,,,,
66th,Small Talk,,,,,,,,,,,,,,,,,,,,,,,,,,,,,,,,
66th,The Broadcast Tapes of Dr. Peter,,,,,,,,,,,,,,,,,,,,,,,,,,,,,,,,
66th,The Dutch Master,,,,,,,,,,,,,,,,,,,,,,,,,,,,,,,,
66th,The Mighty River,,,,,,,,,,,,,,,,,,,,,,,,,,,,,,,,
66th,The Nightmare Before Christmas,,,,,,,,,,,,,,,,,,,,,,,,,,,,,,,,
66th,The Scent of Green Papaya,,,,,,,,,,,,,,,,,,,,,,,,,,,,,,,,
66th,The Screw (La Vis),,,,,,,,,,,,,,,,,,,,,,,,,,,,,,,,
66th,The Village,,,,,,,,,,,,,,,,,,,,,,,,,,,,,,,,
66th,The War Room,,,,,,,,,,,,,,,,,,,,,,,,,,,,,,,,
66th,The Wedding Banquet,,,,,,,,,,,,,,,,,,,,,,,,,,,,,,,,
66th,What's Eating Gilbert Grape,,,,,,,,,,,,,,,,,,,,,,,,,,,,,,,,
67th,Forrest Gump,,,,,,,,,,,,,,,,,,,,,,,,,,,,,,,,
67th,The Lion King,,,,,,,,,,,,,,,,,,,,,,,,,,,,,,,,
67th,Speed,,,,,,,,,,,,,,,,,,,,,,,,,,,,,,,,
67th,Ed Wood,,,,,,,,,,,,,,,,,,,,,,,,,,,,,,,,
67th,Bullets Over Broadway,,,,,,,,,,,,,,,,,,,,,,,,,,,,,,,,
67th,Pulp Fiction,,,,,,,,,,,,,,,,,,,,,,,,,,,,,,,,
67th,The Madness of King George,,,,,,,,,,,,,,,,,,,,,,,,,,,,,,,,
67th,Legends of the Fall,,,,,,,,,,,,,,,,,,,,,,,,,,,,,,,,
67th,A Time for Justice,,,,,,,,,,,,,,,,,,,,,,,,,,,,,,,,
67th,Blue Sky,,,,,,,,,,,,,,,,,,,,,,,,,,,,,,,,
67th,Bob's Birthday,,,,,,,,,,,,,,,,,,,,,,,,,,,,,,,,
67th,Burnt by the Sun,,,,,,,,,,,,,,,,,,,,,,,,,,,,,,,,
67th,Franz Kafka's It's a Wonderful Life,,,,,,,,,,,,,,,,,,,,,,,,,,,,,,,,
67th,Maya Lin: A Strong Clear Vision,,,,,,,,,,,,,,,,,,,,,,,,,,,,,,,,
67th,"The Adventures of Priscilla, Queen of the Desert",,,,,,,,,,,,,,,,,,,,,,,,,,,,,,,,
67th,Trevor,,,,,,,,,,,,,,,,,,,,,,,,,,,,,,,,
67th,The Shawshank Redemption,,,,,,,,,,,,,,,,,,,,,,,,,,,,,,,,
67th,Quiz Show,,,,,,,,,,,,,,,,,,,,,,,,,,,,,,,,
67th,Little Women,,,,,,,,,,,,,,,,,,,,,,,,,,,,,,,,
67th,Three Colours: Red,,,,,,,,,,,,,,,,,,,,,,,,,,,,,,,,
67th,Clear and Present Danger,,,,,,,,,,,,,,,,,,,,,,,,,,,,,,,,
67th,Four Weddings and a Funeral,,,,,,,,,,,,,,,,,,,,,,,,,,,,,,,,
67th,Interview with the Vampire,,,,,,,,,,,,,,,,,,,,,,,,,,,,,,,,
67th,Nobody's Fool,,,,,,,,,,,,,,,,,,,,,,,,,,,,,,,,
67th,Tom & Viv,,,,,,,,,,,,,,,,,,,,,,,,,,,,,,,,
67th,89mm from Europe,,,,,,,,,,,,,,,,,,,,,,,,,,,,,,,,
67th,A Great Day in Harlem,,,,,,,,,,,,,,,,,,,,,,,,,,,,,,,,
67th,Before the Rain,,,,,,,,,,,,,,,,,,,,,,,,,,,,,,,,
67th,Blues Highway,,,,,,,,,,,,,,,,,,,,,,,,,,,,,,,,
67th,Complaints of a Dutiful Daughter,,,,,,,,,,,,,,,,,,,,,,,,,,,,,,,,
67th,D-Day Remembered,,,,,,,,,,,,,,,,,,,,,,,,,,,,,,,,
67th,Eat Drink Man Woman,,,,,,,,,,,,,,,,,,,,,,,,,,,,,,,,
67th,Farinelli,,,,,,,,,,,,,,,,,,,,,,,,,,,,,,,,
67th,Freedom on My Mind,,,,,,,,,,,,,,,,,,,,,,,,,,,,,,,,
67th,Heavenly Creatures,,,,,,,,,,,,,,,,,,,,,,,,,,,,,,,,
67th,Hoop Dreams,,,,,,,,,,,,,,,,,,,,,,,,,,,,,,,,
67th,Junior,,,,,,,,,,,,,,,,,,,,,,,,,,,,,,,,
67th,Kangaroo Court,,,,,,,,,,,,,,,,,,,,,,,,,,,,,,,,
67th,Mary Shelley's Frankenstein,,,,,,,,,,,,,,,,,,,,,,,,,,,,,,,,
67th,Maverick,,,,,,,,,,,,,,,,,,,,,,,,,,,,,,,,
67th,Nell,,,,,,,,,,,,,,,,,,,,,,,,,,,,,,,,
67th,On Hope,,,,,,,,,,,,,,,,,,,,,,,,,,,,,,,,
67th,La Reine Margot,,,,,,,,,,,,,,,,,,,,,,,,,,,,,,,,
67th,School of the Americas Assassins,,,,,,,,,,,,,,,,,,,,,,,,,,,,,,,,
67th,Straight from the Heart,,,,,,,,,,,,,,,,,,,,,,,,,,,,,,,,
67th,Strawberry and Chocolate,,,,,,,,,,,,,,,,,,,,,,,,,,,,,,,,
67th,Syrup,,,,,,,,,,,,,,,,,,,,,,,,,,,,,,,,
67th,The Big Story,,,,,,,,,,,,,,,,,,,,,,,,,,,,,,,,
67th,The Client,,,,,,,,,,,,,,,,,,,,,,,,,,,,,,,,
67th,The Janitor,,,,,,,,,,,,,,,,,,,,,,,,,,,,,,,,
67th,The Mask,,,,,,,,,,,,,,,,,,,,,,,,,,,,,,,,
67th,The Monk and the Fish,,,,,,,,,,,,,,,,,,,,,,,,,,,,,,,,
67th,The Paper,,,,,,,,,,,,,,,,,,,,,,,,,,,,,,,,
67th,Triangle,,,,,,,,,,,,,,,,,,,,,,,,,,,,,,,,
67th,True Lies,,,,,,,,,,,,,,,,,,,,,,,,,,,,,,,,
67th,Wyatt Earp,,,,,,,,,,,,,,,,,,,,,,,,,,,,,,,,
68th,Braveheart,,,,,,,,,,,,,,,,,,,,,,,,,,,,,,,,
68th,Apollo 13,,,,,,,,,,,,,,,,,,,,,,,,,,,,,,,,
68th,Pocahontas,,,,,,,,,,,,,,,,,,,,,,,,,,,,,,,,
68th,Restoration,,,,,,,,,,,,,,,,,,,,,,,,,,,,,,,,
68th,The Usual Suspects,,,,,,,,,,,,,,,,,,,,,,,,,,,,,,,,
68th,Babe,,,,,,,,,,,,,,,,,,,,,,,,,,,,,,,,
68th,Sense and Sensibility,,,,,,,,,,,,,,,,,,,,,,,,,,,,,,,,
68th,Il Postino: The Postman,,,,,,,,,,,,,,,,,,,,,,,,,,,,,,,,
68th,Dead Man Walking,,,,,,,,,,,,,,,,,,,,,,,,,,,,,,,,
68th,Leaving Las Vegas,,,,,,,,,,,,,,,,,,,,,,,,,,,,,,,,
68th,Mighty Aphrodite,,,,,,,,,,,,,,,,,,,,,,,,,,,,,,,,
68th,A Close Shave,,,,,,,,,,,,,,,,,,,,,,,,,,,,,,,,
68th,Anne Frank Remembered,,,,,,,,,,,,,,,,,,,,,,,,,,,,,,,,
68th,Antonia's Line,,,,,,,,,,,,,,,,,,,,,,,,,,,,,,,,
68th,Lieberman in Love,,,,,,,,,,,,,,,,,,,,,,,,,,,,,,,,
68th,One Survivor Remembers,,,,,,,,,,,,,,,,,,,,,,,,,,,,,,,,
68th,Nixon,,,,,,,,,,,,,,,,,,,,,,,,,,,,,,,,
68th,Batman Forever,,,,,,,,,,,,,,,,,,,,,,,,,,,,,,,,
68th,Crimson Tide,,,,,,,,,,,,,,,,,,,,,,,,,,,,,,,,
68th,Toy Story,,,,,,,,,,,,,,,,,,,,,,,,,,,,,,,,
68th,12 Monkeys,,,,,,,,,,,,,,,,,,,,,,,,,,,,,,,,
68th,A Little Princess,,,,,,,,,,,,,,,,,,,,,,,,,,,,,,,,
68th,Richard III,,,,,,,,,,,,,,,,,,,,,,,,,,,,,,,,
68th,Sabrina,,,,,,,,,,,,,,,,,,,,,,,,,,,,,,,,
68th,All Things Fair,,,,,,,,,,,,,,,,,,,,,,,,,,,,,,,,
68th,Brooms,,,,,,,,,,,,,,,,,,,,,,,,,,,,,,,,
68th,Casino,,,,,,,,,,,,,,,,,,,,,,,,,,,,,,,,
68th,Don Juan DeMarco,,,,,,,,,,,,,,,,,,,,,,,,,,,,,,,,
68th,Duke of Groove,,,,,,,,,,,,,,,,,,,,,,,,,,,,,,,,
68th,Dust of Life,,,,,,,,,,,,,,,,,,,,,,,,,,,,,,,,
68th,Fiddlefest,,,,,,,,,,,,,,,,,,,,,,,,,,,,,,,,
68th,Gagarin,,,,,,,,,,,,,,,,,,,,,,,,,,,,,,,,
68th,Georgia,,,,,,,,,,,,,,,,,,,,,,,,,,,,,,,,
68th,Hank Aaron: Chasing the Dream,,,,,,,,,,,,,,,,,,,,,,,,,,,,,,,,
68th,Jim Dine: A Self-Portrait on the Walls,,,,,,,,,,,,,,,,,,,,,,,,,,,,,,,,
68th,Little Surprises,,,,,,,,,,,,,,,,,,,,,,,,,,,,,,,,
68th,Mr. Holland's Opus,,,,,,,,,,,,,,,,,,,,,,,,,,,,,,,,
68th,"My Family, Mi Familia",,,,,,,,,,,,,,,,,,,,,,,,,,,,,,,,
68th,Never Give Up: The 20th Century Odyssey of Herbert Zipper,,,,,,,,,,,,,,,,,,,,,,,,,,,,,,,,
68th,O Quatrilho,,,,,,,,,,,,,,,,,,,,,,,,,,,,,,,,
68th,Rob Roy,,,,,,,,,,,,,,,,,,,,,,,,,,,,,,,,
68th,Roommates,,,,,,,,,,,,,,,,,,,,,,,,,,,,,,,,
68th,Runaway Brain,,,,,,,,,,,,,,,,,,,,,,,,,,,,,,,,
68th,Seven,,,,,,,,,,,,,,,,,,,,,,,,,,,,,,,,
68th,Shanghai Triad,,,,,,,,,,,,,,,,,,,,,,,,,,,,,,,,
68th,The American President,,,,,,,,,,,,,,,,,,,,,,,,,,,,,,,,
68th,The Battle Over Citizen Kane,,,,,,,,,,,,,,,,,,,,,,,,,,,,,,,,
68th,The Bridges of Madison County,,,,,,,,,,,,,,,,,,,,,,,,,,,,,,,,
68th,The Chicken from Outer Space,,,,,,,,,,,,,,,,,,,,,,,,,,,,,,,,
68th,The End,,,,,,,,,,,,,,,,,,,,,,,,,,,,,,,,
68th,The Living Sea,,,,,,,,,,,,,,,,,,,,,,,,,,,,,,,,
68th,The Shadow of Hate,,,,,,,,,,,,,,,,,,,,,,,,,,,,,,,,
68th,The Star Maker,,,,,,,,,,,,,,,,,,,,,,,,,,,,,,,,
68th,Troublesome Creek: A Midwestern,,,,,,,,,,,,,,,,,,,,,,,,,,,,,,,,
68th,Tuesday Morning Ride,,,,,,,,,,,,,,,,,,,,,,,,,,,,,,,,
68th,Unstrung Heroes,,,,,,,,,,,,,,,,,,,,,,,,,,,,,,,,
68th,Waterworld,,,,,,,,,,,,,,,,,,,,,,,,,,,,,,,,
69th,The English Patient,,,,,,,,,,,,,,,,,,,,,,,,,,,,,,,,
69th,Fargo,,,,,,,,,,,,,,,,,,,,,,,,,,,,,,,,
69th,Shine,,,,,,,,,,,,,,,,,,,,,,,,,,,,,,,,
69th,Evita,,,,,,,,,,,,,,,,,,,,,,,,,,,,,,,,
69th,Jerry Maguire,,,,,,,,,,,,,,,,,,,,,,,,,,,,,,,,
69th,Emma,,,,,,,,,,,,,,,,,,,,,,,,,,,,,,,,
69th,Independence Day,,,,,,,,,,,,,,,,,,,,,,,,,,,,,,,,
69th,Sling Blade,,,,,,,,,,,,,,,,,,,,,,,,,,,,,,,,
69th,Breathing Lessons: The Life and Work of Mark O'Brien,,,,,,,,,,,,,,,,,,,,,,,,,,,,,,,,
69th,Dear Diary,,,,,,,,,,,,,,,,,,,,,,,,,,,,,,,,
69th,Kolya,,,,,,,,,,,,,,,,,,,,,,,,,,,,,,,,
69th,Quest,,,,,,,,,,,,,,,,,,,,,,,,,,,,,,,,
69th,The Ghost and the Darkness,,,,,,,,,,,,,,,,,,,,,,,,,,,,,,,,
69th,The Nutty Professor,,,,,,,,,,,,,,,,,,,,,,,,,,,,,,,,
69th,When We Were Kings,,,,,,,,,,,,,,,,,,,,,,,,,,,,,,,,
69th,Secrets & Lies,,,,,,,,,,,,,,,,,,,,,,,,,,,,,,,,
69th,Hamlet,,,,,,,,,,,,,,,,,,,,,,,,,,,,,,,,
69th,Ghosts of Mississippi,,,,,,,,,,,,,,,,,,,,,,,,,,,,,,,,
69th,Michael Collins,,,,,,,,,,,,,,,,,,,,,,,,,,,,,,,,
69th,The Crucible,,,,,,,,,,,,,,,,,,,,,,,,,,,,,,,,
69th,The Mirror Has Two Faces,,,,,,,,,,,,,,,,,,,,,,,,,,,,,,,,
69th,The People vs. Larry Flynt,,,,,,,,,,,,,,,,,,,,,,,,,,,,,,,,
69th,The Portrait of a Lady,,,,,,,,,,,,,,,,,,,,,,,,,,,,,,,,
69th,Twister,,,,,,,,,,,,,,,,,,,,,,,,,,,,,,,,
69th,A Chef in Love,,,,,,,,,,,,,,,,,,,,,,,,,,,,,,,,
69th,An Essay on Matisse,,,,,,,,,,,,,,,,,,,,,,,,,,,,,,,,
69th,Angels and Insects,,,,,,,,,,,,,,,,,,,,,,,,,,,,,,,,
69th,Breaking the Waves,,,,,,,,,,,,,,,,,,,,,,,,,,,,,,,,
69th,Canhead,,,,,,,,,,,,,,,,,,,,,,,,,,,,,,,,
69th,Cosmic Voyage,,,,,,,,,,,,,,,,,,,,,,,,,,,,,,,,
69th,Daylight,,,,,,,,,,,,,,,,,,,,,,,,,,,,,,,,
69th,"De tripas, corazon",,,,,,,,,,,,,,,,,,,,,,,,,,,,,,,,
69th,Dragonheart,,,,,,,,,,,,,,,,,,,,,,,,,,,,,,,,
69th,Eraser,,,,,,,,,,,,,,,,,,,,,,,,,,,,,,,,
69th,Ernst & lyset,,,,,,,,,,,,,,,,,,,,,,,,,,,,,,,,
69th,Esposados,,,,,,,,,,,,,,,,,,,,,,,,,,,,,,,,
69th,Fly Away Home,,,,,,,,,,,,,,,,,,,,,,,,,,,,,,,,
69th,James and the Giant Peach,,,,,,,,,,,,,,,,,,,,,,,,,,,,,,,,
69th,La Salla,,,,,,,,,,,,,,,,,,,,,,,,,,,,,,,,
69th,Lone Star,,,,,,,,,,,,,,,,,,,,,,,,,,,,,,,,
69th,Mandela,,,,,,,,,,,,,,,,,,,,,,,,,,,,,,,,
69th,Marvin's Room,,,,,,,,,,,,,,,,,,,,,,,,,,,,,,,,
69th,One Fine Day,,,,,,,,,,,,,,,,,,,,,,,,,,,,,,,,
69th,Primal Fear,,,,,,,,,,,,,,,,,,,,,,,,,,,,,,,,
69th,Prisoner of the Mountains,,,,,,,,,,,,,,,,,,,,,,,,,,,,,,,,
69th,Ridicule,,,,,,,,,,,,,,,,,,,,,,,,,,,,,,,,
69th,Romeo + Juliet,,,,,,,,,,,,,,,,,,,,,,,,,,,,,,,,
69th,Senza parole,,,,,,,,,,,,,,,,,,,,,,,,,,,,,,,,
69th,Sleepers,,,,,,,,,,,,,,,,,,,,,,,,,,,,,,,,
69th,Special Effects: Anything Can Happen,,,,,,,,,,,,,,,,,,,,,,,,,,,,,,,,
69th,Star Trek: First Contact,,,,,,,,,,,,,,,,,,,,,,,,,,,,,,,,
69th,Suzanne Farrell: Elusive Muse,,,,,,,,,,,,,,,,,,,,,,,,,,,,,,,,
69th,Tell the Truth and Run: George Seldes and the American Press,,,,,,,,,,,,,,,,,,,,,,,,,,,,,,,,
69th,That Thing You Do!,,,,,,,,,,,,,,,,,,,,,,,,,,,,,,,,
69th,The Birdcage,,,,,,,,,,,,,,,,,,,,,,,,,,,,,,,,
69th,The First Wives Club,,,,,,,,,,,,,,,,,,,,,,,,,,,,,,,,
69th,The Hunchback of Notre Dame,,,,,,,,,,,,,,,,,,,,,,,,,,,,,,,,
69th,The Line King: The Al Hirschfeld Story,,,,,,,,,,,,,,,,,,,,,,,,,,,,,,,,
69th,The Other Side of Sunday,,,,,,,,,,,,,,,,,,,,,,,,,,,,,,,,
69th,The Preacher's Wife,,,,,,,,,,,,,,,,,,,,,,,,,,,,,,,,
69th,The Rock,,,,,,,,,,,,,,,,,,,,,,,,,,,,,,,,
69th,The Wild Bunch: An Album in Montage,,,,,,,,,,,,,,,,,,,,,,,,,,,,,,,,
69th,Trainspotting,,,,,,,,,,,,,,,,,,,,,,,,,,,,,,,,
69th,Up Close and Personal,,,,,,,,,,,,,,,,,,,,,,,,,,,,,,,,
69th,Wat's Pig,,,,,,,,,,,,,,,,,,,,,,,,,,,,,,,,
70th,Titanic,,,,,,,,,,,,,,,,,,,,,,,,,,,,,,,,
70th,Good Will Hunting,,,,,,,,,,,,,,,,,,,,,,,,,,,,,,,,
70th,L.A. Confidential,,,,,,,,,,,,,,,,,,,,,,,,,,,,,,,,
70th,As Good as It Gets,,,,,,,,,,,,,,,,,,,,,,,,,,,,,,,,
70th,The Full Monty,,,,,,,,,,,,,,,,,,,,,,,,,,,,,,,,
70th,Men in Black,,,,,,,,,,,,,,,,,,,,,,,,,,,,,,,,
70th,A Story of Healing,,,,,,,,,,,,,,,,,,,,,,,,,,,,,,,,
70th,Geri's Game,,,,,,,,,,,,,,,,,,,,,,,,,,,,,,,,
70th,Karakter,,,,,,,,,,,,,,,,,,,,,,,,,,,,,,,,
70th,The Long Way Home,,,,,,,,,,,,,,,,,,,,,,,,,,,,,,,,
70th,Visas and Virtue,,,,,,,,,,,,,,,,,,,,,,,,,,,,,,,,
70th,Amistad,,,,,,,,,,,,,,,,,,,,,,,,,,,,,,,,
70th,Kundun,,,,,,,,,,,,,,,,,,,,,,,,,,,,,,,,
70th,The Wings of the Dove,,,,,,,,,,,,,,,,,,,,,,,,,,,,,,,,
70th,Boogie Nights,,,,,,,,,,,,,,,,,,,,,,,,,,,,,,,,
70th,Air Force One,,,,,,,,,,,,,,,,,,,,,,,,,,,,,,,,
70th,Anastasia,,,,,,,,,,,,,,,,,,,,,,,,,,,,,,,,
70th,Con Air,,,,,,,,,,,,,,,,,,,,,,,,,,,,,,,,
70th,Mrs. Brown,,,,,,,,,,,,,,,,,,,,,,,,,,,,,,,,
70th,The Sweet Hereafter,,,,,,,,,,,,,,,,,,,,,,,,,,,,,,,,
70th,Wag the Dog,,,,,,,,,,,,,,,,,,,,,,,,,,,,,,,,
70th,4 Little Girls,,,,,,,,,,,,,,,,,,,,,,,,,,,,,,,,
70th,Afterglow,,,,,,,,,,,,,,,,,,,,,,,,,,,,,,,,
70th,Alaska: Spirit of the Wild,,,,,,,,,,,,,,,,,,,,,,,,,,,,,,,,
70th,Amazon,,,,,,,,,,,,,,,,,,,,,,,,,,,,,,,,
70th,Ayn Rand: A Sense of Life,,,,,,,,,,,,,,,,,,,,,,,,,,,,,,,,
70th,Beyond Silence,,,,,,,,,,,,,,,,,,,,,,,,,,,,,,,,
70th,Colors Straight Up,,,,,,,,,,,,,,,,,,,,,,,,,,,,,,,,
70th,Contact,,,,,,,,,,,,,,,,,,,,,,,,,,,,,,,,
70th,Dance Lexie Dance,,,,,,,,,,,,,,,,,,,,,,,,,,,,,,,,
70th,Deconstructing Harry,,,,,,,,,,,,,,,,,,,,,,,,,,,,,,,,
70th,Donnie Brasco,,,,,,,,,,,,,,,,,,,,,,,,,,,,,,,,
70th,Face/Off,,,,,,,,,,,,,,,,,,,,,,,,,,,,,,,,
70th,Family Video Diaries: Daughter of the Bride,,,,,,,,,,,,,,,,,,,,,,,,,,,,,,,,
70th,Famous Fred,,,,,,,,,,,,,,,,,,,,,,,,,,,,,,,,
70th,Four Days in September,,,,,,,,,,,,,,,,,,,,,,,,,,,,,,,,
70th,Gattaca,,,,,,,,,,,,,,,,,,,,,,,,,,,,,,,,
70th,Hercules,,,,,,,,,,,,,,,,,,,,,,,,,,,,,,,,
70th,In & Out,,,,,,,,,,,,,,,,,,,,,,,,,,,,,,,,
70th,It's Good to Talk,,,,,,,,,,,,,,,,,,,,,,,,,,,,,,,,
70th,Jackie Brown,,,,,,,,,,,,,,,,,,,,,,,,,,,,,,,,
70th,My Best Friend's Wedding,,,,,,,,,,,,,,,,,,,,,,,,,,,,,,,,
70th,Oscar and Lucinda,,,,,,,,,,,,,,,,,,,,,,,,,,,,,,,,
70th,Redux Riding Hood,,,,,,,,,,,,,,,,,,,,,,,,,,,,,,,,
70th,Rusalka,,,,,,,,,,,,,,,,,,,,,,,,,,,,,,,,
70th,Secrets of the Heart,,,,,,,,,,,,,,,,,,,,,,,,,,,,,,,,
70th,Starship Troopers,,,,,,,,,,,,,,,,,,,,,,,,,,,,,,,,
70th,Still Kicking: The Fabulous Palm Springs Follies,,,,,,,,,,,,,,,,,,,,,,,,,,,,,,,,
70th,Sweethearts?,,,,,,,,,,,,,,,,,,,,,,,,,,,,,,,,
70th,The Apostle,,,,,,,,,,,,,,,,,,,,,,,,,,,,,,,,
70th,The Fifth Element,,,,,,,,,,,,,,,,,,,,,,,,,,,,,,,,
70th,The Lost World: Jurassic Park,,,,,,,,,,,,,,,,,,,,,,,,,,,,,,,,
70th,The Old Lady and the Pigeons,,,,,,,,,,,,,,,,,,,,,,,,,,,,,,,,
70th,The Thief,,,,,,,,,,,,,,,,,,,,,,,,,,,,,,,,
70th,Ulee's Gold,,,,,,,,,,,,,,,,,,,,,,,,,,,,,,,,
70th,Waco: The Rules of Engagement,,,,,,,,,,,,,,,,,,,,,,,,,,,,,,,,
70th,Wolfgang,,,,,,,,,,,,,,,,,,,,,,,,,,,,,,,,
71st,Shakespeare in Love,,,,,,,,,,,,,,,,,,,,,,,,,,,,,,,,
71st,Saving Private Ryan,,,,,,,,,,,,,,,,,,,,,,,,,,,,,,,,
71st,Life Is Beautiful,,,,,,,,,,,,,,,,,,,,,,,,,,,,,,,,
71st,Elizabeth,,,,,,,,,,,,,,,,,,,,,,,,,,,,,,,,
71st,Gods and Monsters,,,,,,,,,,,,,,,,,,,,,,,,,,,,,,,,
71st,Affliction,,,,,,,,,,,,,,,,,,,,,,,,,,,,,,,,
71st,The Prince of Egypt,,,,,,,,,,,,,,,,,,,,,,,,,,,,,,,,
71st,What Dreams May Come,,,,,,,,,,,,,,,,,,,,,,,,,,,,,,,,
71st,Bunny,,,,,,,,,,,,,,,,,,,,,,,,,,,,,,,,
71st,Election Night,,,,,,,,,,,,,,,,,,,,,,,,,,,,,,,,
71st,The Last Days,,,,,,,,,,,,,,,,,,,,,,,,,,,,,,,,
71st,The Personals: Improvisations on Romance in the Golden Years,,,,,,,,,,,,,,,,,,,,,,,,,,,,,,,,
71st,The Thin Red Line,,,,,,,,,,,,,,,,,,,,,,,,,,,,,,,,
71st,Armageddon,,,,,,,,,,,,,,,,,,,,,,,,,,,,,,,,
71st,Pleasantville,,,,,,,,,,,,,,,,,,,,,,,,,,,,,,,,
71st,The Truman Show,,,,,,,,,,,,,,,,,,,,,,,,,,,,,,,,
71st,A Civil Action,,,,,,,,,,,,,,,,,,,,,,,,,,,,,,,,
71st,A Simple Plan,,,,,,,,,,,,,,,,,,,,,,,,,,,,,,,,
71st,Central Station,,,,,,,,,,,,,,,,,,,,,,,,,,,,,,,,
71st,Hilary and Jackie,,,,,,,,,,,,,,,,,,,,,,,,,,,,,,,,
71st,Out of Sight,,,,,,,,,,,,,,,,,,,,,,,,,,,,,,,,
71st,Primary Colors,,,,,,,,,,,,,,,,,,,,,,,,,,,,,,,,
71st,The Mask of Zorro,,,,,,,,,,,,,,,,,,,,,,,,,,,,,,,,
71st,A Bug's Life,,,,,,,,,,,,,,,,,,,,,,,,,,,,,,,,
71st,A Place in the Land,,,,,,,,,,,,,,,,,,,,,,,,,,,,,,,,
71st,American History X,,,,,,,,,,,,,,,,,,,,,,,,,,,,,,,,
71st,Babe: Pig in the City,,,,,,,,,,,,,,,,,,,,,,,,,,,,,,,,
71st,Beloved,,,,,,,,,,,,,,,,,,,,,,,,,,,,,,,,
71st,Bulworth,,,,,,,,,,,,,,,,,,,,,,,,,,,,,,,,
71st,Children of Heaven,,,,,,,,,,,,,,,,,,,,,,,,,,,,,,,,
71st,Culture,,,,,,,,,,,,,,,,,,,,,,,,,,,,,,,,
71st,Dancemaker,,,,,,,,,,,,,,,,,,,,,,,,,,,,,,,,
71st,Holiday Romance,,,,,,,,,,,,,,,,,,,,,,,,,,,,,,,,
71st,Jolly Roger,,,,,,,,,,,,,,,,,,,,,,,,,,,,,,,,
71st,La Carte Postale,,,,,,,,,,,,,,,,,,,,,,,,,,,,,,,,
71st,Lenny Bruce: Swear to Tell the Truth,,,,,,,,,,,,,,,,,,,,,,,,,,,,,,,,
71st,Little Voice,,,,,,,,,,,,,,,,,,,,,,,,,,,,,,,,
71st,Mighty Joe Young,,,,,,,,,,,,,,,,,,,,,,,,,,,,,,,,
71st,More,,,,,,,,,,,,,,,,,,,,,,,,,,,,,,,,
71st,Mulan,,,,,,,,,,,,,,,,,,,,,,,,,,,,,,,,
71st,One True Thing,,,,,,,,,,,,,,,,,,,,,,,,,,,,,,,,
71st,Patch Adams,,,,,,,,,,,,,,,,,,,,,,,,,,,,,,,,
71st,Quest for Camelot,,,,,,,,,,,,,,,,,,,,,,,,,,,,,,,,
71st,Regret to Inform,,,,,,,,,,,,,,,,,,,,,,,,,,,,,,,,
71st,Sunrise Over Tiananmen Square,,,,,,,,,,,,,,,,,,,,,,,,,,,,,,,,
71st,Tango,,,,,,,,,,,,,,,,,,,,,,,,,,,,,,,,
71st,The Canterbury Tales,,,,,,,,,,,,,,,,,,,,,,,,,,,,,,,,
71st,"The Farm: Angola, USA",,,,,,,,,,,,,,,,,,,,,,,,,,,,,,,,
71st,The Grandfather,,,,,,,,,,,,,,,,,,,,,,,,,,,,,,,,
71st,The Horse Whisperer,,,,,,,,,,,,,,,,,,,,,,,,,,,,,,,,
71st,Velvet Goldmine,,,,,,,,,,,,,,,,,,,,,,,,,,,,,,,,
71st,Victor,,,,,,,,,,,,,,,,,,,,,,,,,,,,,,,,
71st,When Life Departs,,,,,,,,,,,,,,,,,,,,,,,,,,,,,,,,
72nd,American Beauty,,,,,,,,,,,,,,,,,,,,,,,,,,,,,,,,
72nd,The Matrix,,,,,,,,,,,,,,,,,,,,,,,,,,,,,,,,
72nd,The Cider House Rules,,,,,,,,,,,,,,,,,,,,,,,,,,,,,,,,
72nd,Topsy-Turvy,,,,,,,,,,,,,,,,,,,,,,,,,,,,,,,,
72nd,Sleepy Hollow,,,,,,,,,,,,,,,,,,,,,,,,,,,,,,,,
72nd,Boys Don't Cry,,,,,,,,,,,,,,,,,,,,,,,,,,,,,,,,
72nd,All About My Mother,,,,,,,,,,,,,,,,,,,,,,,,,,,,,,,,
72nd,"Girl, Interrupted",,,,,,,,,,,,,,,,,,,,,,,,,,,,,,,,
72nd,King Gimp,,,,,,,,,,,,,,,,,,,,,,,,,,,,,,,,
72nd,My Mother Dreams the Satan's Disciples in New York,,,,,,,,,,,,,,,,,,,,,,,,,,,,,,,,
72nd,One Day in September,,,,,,,,,,,,,,,,,,,,,,,,,,,,,,,,
72nd,Tarzan,,,,,,,,,,,,,,,,,,,,,,,,,,,,,,,,
72nd,The Old Man and the Sea,,,,,,,,,,,,,,,,,,,,,,,,,,,,,,,,
72nd,The Red Violin,,,,,,,,,,,,,,,,,,,,,,,,,,,,,,,,
72nd,The Insider,,,,,,,,,,,,,,,,,,,,,,,,,,,,,,,,
72nd,The Sixth Sense,,,,,,,,,,,,,,,,,,,,,,,,,,,,,,,,
72nd,The Talented Mr. Ripley,,,,,,,,,,,,,,,,,,,,,,,,,,,,,,,,
72nd,The Green Mile,,,,,,,,,,,,,,,,,,,,,,,,,,,,,,,,
72nd,Being John Malkovich,,,,,,,,,,,,,,,,,,,,,,,,,,,,,,,,
72nd,Magnolia,,,,,,,,,,,,,,,,,,,,,,,,,,,,,,,,
72nd,Star Wars: Episode I – The Phantom Menace,,,,,,,,,,,,,,,,,,,,,,,,,,,,,,,,
72nd,Anna and the King,,,,,,,,,,,,,,,,,,,,,,,,,,,,,,,,
72nd,Music of the Heart,,,,,,,,,,,,,,,,,,,,,,,,,,,,,,,,
72nd,Sweet and Lowdown,,,,,,,,,,,,,,,,,,,,,,,,,,,,,,,,
72nd,The End of the Affair,,,,,,,,,,,,,,,,,,,,,,,,,,,,,,,,
72nd,3 Misses,,,,,,,,,,,,,,,,,,,,,,,,,,,,,,,,
72nd,Angela's Ashes,,,,,,,,,,,,,,,,,,,,,,,,,,,,,,,,
72nd,Austin Powers: The Spy Who Shagged Me,,,,,,,,,,,,,,,,,,,,,,,,,,,,,,,,
72nd,Bicentennial Man,,,,,,,,,,,,,,,,,,,,,,,,,,,,,,,,
72nd,"Bror, Min Bror",,,,,,,,,,,,,,,,,,,,,,,,,,,,,,,,
72nd,Buena Vista Social Club,,,,,,,,,,,,,,,,,,,,,,,,,,,,,,,,
72nd,East/West,,,,,,,,,,,,,,,,,,,,,,,,,,,,,,,,
72nd,Election,,,,,,,,,,,,,,,,,,,,,,,,,,,,,,,,
72nd,Eyewitness,,,,,,,,,,,,,,,,,,,,,,,,,,,,,,,,
72nd,Fight Club,,,,,,,,,,,,,,,,,,,,,,,,,,,,,,,,
72nd,Genghis Blues,,,,,,,,,,,,,,,,,,,,,,,,,,,,,,,,
72nd,Himalaya,,,,,,,,,,,,,,,,,,,,,,,,,,,,,,,,
72nd,Humdrum,,,,,,,,,,,,,,,,,,,,,,,,,,,,,,,,
72nd,Killing Joe,,,,,,,,,,,,,,,,,,,,,,,,,,,,,,,,
72nd,Kleingeld,,,,,,,,,,,,,,,,,,,,,,,,,,,,,,,,
72nd,Life,,,,,,,,,,,,,,,,,,,,,,,,,,,,,,,,
72nd,Major and Minor Miracles,,,,,,,,,,,,,,,,,,,,,,,,,,,,,,,,
72nd,My Grandmother Ironed the King's Shirts,,,,,,,,,,,,,,,,,,,,,,,,,,,,,,,,
72nd,On the Ropes,,,,,,,,,,,,,,,,,,,,,,,,,,,,,,,,
72nd,Snow Falling on Cedars,,,,,,,,,,,,,,,,,,,,,,,,,,,,,,,,
72nd,Solomon & Gaenor,,,,,,,,,,,,,,,,,,,,,,,,,,,,,,,,
72nd,"South Park: Bigger, Longer & Uncut",,,,,,,,,,,,,,,,,,,,,,,,,,,,,,,,
72nd,Speaking in Strings,,,,,,,,,,,,,,,,,,,,,,,,,,,,,,,,
72nd,Stuart Little,,,,,,,,,,,,,,,,,,,,,,,,,,,,,,,,
72nd,The Hurricane,,,,,,,,,,,,,,,,,,,,,,,,,,,,,,,,
72nd,The Mummy,,,,,,,,,,,,,,,,,,,,,,,,,,,,,,,,
72nd,The Straight Story,,,,,,,,,,,,,,,,,,,,,,,,,,,,,,,,
72nd,The Wildest Show in the South: The Angola Prison Rodeo,,,,,,,,,,,,,,,,,,,,,,,,,,,,,,,,
72nd,Titus,,,,,,,,,,,,,,,,,,,,,,,,,,,,,,,,
72nd,Toy Story 2,,,,,,,,,,,,,,,,,,,,,,,,,,,,,,,,
72nd,Tumbleweeds,,,,,,,,,,,,,,,,,,,,,,,,,,,,,,,,
72nd,Under the Sun,,,,,,,,,,,,,,,,,,,,,,,,,,,,,,,,
72nd,When the Day Breaks,,,,,,,,,,,,,,,,,,,,,,,,,,,,,,,,
73rd,Gladiator,,,,,,,,,,,,,,,,,,,,,,,,,,,,,,,,
73rd,"Crouching Tiger, Hidden Dragon",,,,,,,,,,,,,,,,,,,,,,,,,,,,,,,,
73rd,Traffic,,,,,,,,,,,,,,,,,,,,,,,,,,,,,,,,
73rd,Erin Brockovich,,,,,,,,,,,,,,,,,,,,,,,,,,,,,,,,
73rd,Almost Famous,,,,,,,,,,,,,,,,,,,,,,,,,,,,,,,,
73rd,How the Grinch Stole Christmas,,,,,,,,,,,,,,,,,,,,,,,,,,,,,,,,
73rd,Wonder Boys,,,,,,,,,,,,,,,,,,,,,,,,,,,,,,,,
73rd,Pollock,,,,,,,,,,,,,,,,,,,,,,,,,,,,,,,,
73rd,U-571,,,,,,,,,,,,,,,,,,,,,,,,,,,,,,,,
73rd,Big Mama,,,,,,,,,,,,,,,,,,,,,,,,,,,,,,,,
73rd,Father and Daughter,,,,,,,,,,,,,,,,,,,,,,,,,,,,,,,,
73rd,Into the Arms of Strangers: Stories of the Kindertransport,,,,,,,,,,,,,,,,,,,,,,,,,,,,,,,,
73rd,Quiero ser (I want to be...),,,,,,,,,,,,,,,,,,,,,,,,,,,,,,,,
73rd,Chocolat,,,,,,,,,,,,,,,,,,,,,,,,,,,,,,,,
73rd,Billy Elliot,,,,,,,,,,,,,,,,,,,,,,,,,,,,,,,,
73rd,Quills,,,,,,,,,,,,,,,,,,,,,,,,,,,,,,,,
73rd,The Patriot,,,,,,,,,,,,,,,,,,,,,,,,,,,,,,,,
73rd,Cast Away,,,,,,,,,,,,,,,,,,,,,,,,,,,,,,,,
73rd,Malèna,,,,,,,,,,,,,,,,,,,,,,,,,,,,,,,,
73rd,"O Brother, Where Art Thou?",,,,,,,,,,,,,,,,,,,,,,,,,,,,,,,,
73rd,Shadow of the Vampire,,,,,,,,,,,,,,,,,,,,,,,,,,,,,,,,
73rd,The Contender,,,,,,,,,,,,,,,,,,,,,,,,,,,,,,,,
73rd,The Perfect Storm,,,,,,,,,,,,,,,,,,,,,,,,,,,,,,,,
73rd,You Can Count on Me,,,,,,,,,,,,,,,,,,,,,,,,,,,,,,,,
73rd,102 Dalmatians,,,,,,,,,,,,,,,,,,,,,,,,,,,,,,,,
73rd,A Soccer Story,,,,,,,,,,,,,,,,,,,,,,,,,,,,,,,,
73rd,Amores perros,,,,,,,,,,,,,,,,,,,,,,,,,,,,,,,,
73rd,Before Night Falls,,,,,,,,,,,,,,,,,,,,,,,,,,,,,,,,
73rd,By Courier,,,,,,,,,,,,,,,,,,,,,,,,,,,,,,,,
73rd,Curtain Call,,,,,,,,,,,,,,,,,,,,,,,,,,,,,,,,
73rd,Dancer in the Dark,,,,,,,,,,,,,,,,,,,,,,,,,,,,,,,,
73rd,Divided We Fall,,,,,,,,,,,,,,,,,,,,,,,,,,,,,,,,
73rd,Dolphins,,,,,,,,,,,,,,,,,,,,,,,,,,,,,,,,
73rd,Everybody's Famous!,,,,,,,,,,,,,,,,,,,,,,,,,,,,,,,,
73rd,Hollow Man,,,,,,,,,,,,,,,,,,,,,,,,,,,,,,,,
73rd,Legacy,,,,,,,,,,,,,,,,,,,,,,,,,,,,,,,,
73rd,Long Night's Journey into Day,,,,,,,,,,,,,,,,,,,,,,,,,,,,,,,,
73rd,Meet the Parents,,,,,,,,,,,,,,,,,,,,,,,,,,,,,,,,
73rd,On Tiptoe: Gentle Steps to Freedom,,,,,,,,,,,,,,,,,,,,,,,,,,,,,,,,
73rd,One Day Crossing,,,,,,,,,,,,,,,,,,,,,,,,,,,,,,,,
73rd,Periwig Maker,,,,,,,,,,,,,,,,,,,,,,,,,,,,,,,,
73rd,Rejected,,,,,,,,,,,,,,,,,,,,,,,,,,,,,,,,
73rd,Requiem for a Dream,,,,,,,,,,,,,,,,,,,,,,,,,,,,,,,,
73rd,Scottsboro: An American Tragedy,,,,,,,,,,,,,,,,,,,,,,,,,,,,,,,,
73rd,Seraglio,,,,,,,,,,,,,,,,,,,,,,,,,,,,,,,,
73rd,Sound and Fury,,,,,,,,,,,,,,,,,,,,,,,,,,,,,,,,
73rd,Space Cowboys,,,,,,,,,,,,,,,,,,,,,,,,,,,,,,,,
73rd,The Cell,,,,,,,,,,,,,,,,,,,,,,,,,,,,,,,,
73rd,The Emperor's New Groove,,,,,,,,,,,,,,,,,,,,,,,,,,,,,,,,
73rd,The Man on Lincoln's Nose,,,,,,,,,,,,,,,,,,,,,,,,,,,,,,,,
73rd,The Taste of Others,,,,,,,,,,,,,,,,,,,,,,,,,,,,,,,,
73rd,Vatel,,,,,,,,,,,,,,,,,,,,,,,,,,,,,,,,
74th,A Beautiful Mind,,,,,,,,,,,,,,,,,,,,,,,,,,,,,,,,
74th,The Lord of the Rings: The Fellowship of the Ring,,,,,,,,,,,,,,,,,,,,,,,,,,,,,,,,
74th,Moulin Rouge!,,,,,,,,,,,,,,,,,,,,,,,,,,,,,,,,
74th,Black Hawk Down,,,,,,,,,,,,,,,,,,,,,,,,,,,,,,,,
74th,Gosford Park,,,,,,,,,,,,,,,,,,,,,,,,,,,,,,,,
74th,"Monsters, Inc.",,,,,,,,,,,,,,,,,,,,,,,,,,,,,,,,
74th,Pearl Harbor,,,,,,,,,,,,,,,,,,,,,,,,,,,,,,,,
74th,Iris,,,,,,,,,,,,,,,,,,,,,,,,,,,,,,,,
74th,Monster's Ball,,,,,,,,,,,,,,,,,,,,,,,,,,,,,,,,
74th,Shrek,,,,,,,,,,,,,,,,,,,,,,,,,,,,,,,,
74th,Training Day,,,,,,,,,,,,,,,,,,,,,,,,,,,,,,,,
74th,For the Birds,,,,,,,,,,,,,,,,,,,,,,,,,,,,,,,,
74th,Murder on a Sunday Morning,,,,,,,,,,,,,,,,,,,,,,,,,,,,,,,,
74th,No Man's Land,,,,,,,,,,,,,,,,,,,,,,,,,,,,,,,,
74th,The Accountant,,,,,,,,,,,,,,,,,,,,,,,,,,,,,,,,
74th,Thoth,,,,,,,,,,,,,,,,,,,,,,,,,,,,,,,,
74th,Amélie,,,,,,,,,,,,,,,,,,,,,,,,,,,,,,,,
74th,In the Bedroom,,,,,,,,,,,,,,,,,,,,,,,,,,,,,,,,
74th,Harry Potter and the Philosopher's Stone,,,,,,,,,,,,,,,,,,,,,,,,,,,,,,,,
74th,A.I. Artificial Intelligence,,,,,,,,,,,,,,,,,,,,,,,,,,,,,,,,
74th,Ali,,,,,,,,,,,,,,,,,,,,,,,,,,,,,,,,
74th,Memento,,,,,,,,,,,,,,,,,,,,,,,,,,,,,,,,
74th,A Man Thing (Męska Sprawa),,,,,,,,,,,,,,,,,,,,,,,,,,,,,,,,
74th,Artists and Orphans: A True Drama,,,,,,,,,,,,,,,,,,,,,,,,,,,,,,,,
74th,Bridget Jones's Diary,,,,,,,,,,,,,,,,,,,,,,,,,,,,,,,,
74th,Children Underground,,,,,,,,,,,,,,,,,,,,,,,,,,,,,,,,
74th,Copy Shop,,,,,,,,,,,,,,,,,,,,,,,,,,,,,,,,
74th,Elling,,,,,,,,,,,,,,,,,,,,,,,,,,,,,,,,
74th,Fifty Percent Grey,,,,,,,,,,,,,,,,,,,,,,,,,,,,,,,,
74th,Ghost World,,,,,,,,,,,,,,,,,,,,,,,,,,,,,,,,
74th,Give Up Yer Aul Sins,,,,,,,,,,,,,,,,,,,,,,,,,,,,,,,,
74th,Gregor's Greatest Invention,,,,,,,,,,,,,,,,,,,,,,,,,,,,,,,,
74th,I Am Sam,,,,,,,,,,,,,,,,,,,,,,,,,,,,,,,,
74th,Jimmy Neutron: Boy Genius,,,,,,,,,,,,,,,,,,,,,,,,,,,,,,,,
74th,Kate & Leopold,,,,,,,,,,,,,,,,,,,,,,,,,,,,,,,,
74th,Lagaan,,,,,,,,,,,,,,,,,,,,,,,,,,,,,,,,
74th,LaLee's Kin: The Legacy of Cotton,,,,,,,,,,,,,,,,,,,,,,,,,,,,,,,,
74th,Mulholland Drive,,,,,,,,,,,,,,,,,,,,,,,,,,,,,,,,
74th,Promises,,,,,,,,,,,,,,,,,,,,,,,,,,,,,,,,
74th,Sexy Beast,,,,,,,,,,,,,,,,,,,,,,,,,,,,,,,,
74th,Sing!,,,,,,,,,,,,,,,,,,,,,,,,,,,,,,,,
74th,Son of the Bride,,,,,,,,,,,,,,,,,,,,,,,,,,,,,,,,
74th,Speed for Thespians,,,,,,,,,,,,,,,,,,,,,,,,,,,,,,,,
74th,Strange Invaders,,,,,,,,,,,,,,,,,,,,,,,,,,,,,,,,
74th,Stubble Trouble,,,,,,,,,,,,,,,,,,,,,,,,,,,,,,,,
74th,The Affair of the Necklace,,,,,,,,,,,,,,,,,,,,,,,,,,,,,,,,
74th,The Man Who Wasn't There,,,,,,,,,,,,,,,,,,,,,,,,,,,,,,,,
74th,The Royal Tenenbaums,,,,,,,,,,,,,,,,,,,,,,,,,,,,,,,,
74th,Vanilla Sky,,,,,,,,,,,,,,,,,,,,,,,,,,,,,,,,
74th,War Photographer,,,,,,,,,,,,,,,,,,,,,,,,,,,,,,,,
75th,Chicago,,,,,,,,,,,,,,,,,,,,,,,,,,,,,,,,
75th,The Pianist,,,,,,,,,,,,,,,,,,,,,,,,,,,,,,,,
75th,Frida,,,,,,,,,,,,,,,,,,,,,,,,,,,,,,,,
75th,The Lord of the Rings: The Two Towers,,,,,,,,,,,,,,,,,,,,,,,,,,,,,,,,
75th,The Hours,,,,,,,,,,,,,,,,,,,,,,,,,,,,,,,,
75th,Road to Perdition,,,,,,,,,,,,,,,,,,,,,,,,,,,,,,,,
75th,Adaptation,,,,,,,,,,,,,,,,,,,,,,,,,,,,,,,,
75th,Talk to Her,,,,,,,,,,,,,,,,,,,,,,,,,,,,,,,,
75th,8 Mile,,,,,,,,,,,,,,,,,,,,,,,,,,,,,,,,
75th,Bowling for Columbine,,,,,,,,,,,,,,,,,,,,,,,,,,,,,,,,
75th,Nowhere in Africa,,,,,,,,,,,,,,,,,,,,,,,,,,,,,,,,
75th,Spirited Away,,,,,,,,,,,,,,,,,,,,,,,,,,,,,,,,
75th,The ChubbChubbs!,,,,,,,,,,,,,,,,,,,,,,,,,,,,,,,,
75th,This Charming Man,,,,,,,,,,,,,,,,,,,,,,,,,,,,,,,,
75th,Twin Towers,,,,,,,,,,,,,,,,,,,,,,,,,,,,,,,,
75th,Gangs of New York,,,,,,,,,,,,,,,,,,,,,,,,,,,,,,,,
75th,Far from Heaven,,,,,,,,,,,,,,,,,,,,,,,,,,,,,,,,
75th,About Schmidt,,,,,,,,,,,,,,,,,,,,,,,,,,,,,,,,
75th,Catch Me If You Can,,,,,,,,,,,,,,,,,,,,,,,,,,,,,,,,
75th,Spider-Man,,,,,,,,,,,,,,,,,,,,,,,,,,,,,,,,
75th,About a Boy,,,,,,,,,,,,,,,,,,,,,,,,,,,,,,,,
75th,Das Rad,,,,,,,,,,,,,,,,,,,,,,,,,,,,,,,,
75th,Daughter from Danang,,,,,,,,,,,,,,,,,,,,,,,,,,,,,,,,
75th,Fait D'Hiver,,,,,,,,,,,,,,,,,,,,,,,,,,,,,,,,
75th,Hero,,,,,,,,,,,,,,,,,,,,,,,,,,,,,,,,
75th,I'll Wait for the Next One (J'Attendrai Le Suivant),,,,,,,,,,,,,,,,,,,,,,,,,,,,,,,,
75th,Ice Age,,,,,,,,,,,,,,,,,,,,,,,,,,,,,,,,
75th,Inja (Dog),,,,,,,,,,,,,,,,,,,,,,,,,,,,,,,,
75th,Johnny Flynton,,,,,,,,,,,,,,,,,,,,,,,,,,,,,,,,
75th,The Cathedral,,,,,,,,,,,,,,,,,,,,,,,,,,,,,,,,
75th,Lilo & Stitch,,,,,,,,,,,,,,,,,,,,,,,,,,,,,,,,
75th,Mighty Times: The Legacy of Rosa Parks,,,,,,,,,,,,,,,,,,,,,,,,,,,,,,,,
75th,Mike's New Car,,,,,,,,,,,,,,,,,,,,,,,,,,,,,,,,
75th,Minority Report,,,,,,,,,,,,,,,,,,,,,,,,,,,,,,,,
75th,Mt. Head,,,,,,,,,,,,,,,,,,,,,,,,,,,,,,,,
75th,My Big Fat Greek Wedding,,,,,,,,,,,,,,,,,,,,,,,,,,,,,,,,
75th,Prisoner of Paradise,,,,,,,,,,,,,,,,,,,,,,,,,,,,,,,,
75th,Spellbound,,,,,,,,,,,,,,,,,,,,,,,,,,,,,,,,
75th,Spirit: Stallion of the Cimarron,,,,,,,,,,,,,,,,,,,,,,,,,,,,,,,,
75th,Star Wars: Episode II – Attack of the Clones,,,,,,,,,,,,,,,,,,,,,,,,,,,,,,,,
75th,The Collector of Bedford Street,,,,,,,,,,,,,,,,,,,,,,,,,,,,,,,,
75th,The Crime of Father Amaro,,,,,,,,,,,,,,,,,,,,,,,,,,,,,,,,
75th,The Man Without a Past,,,,,,,,,,,,,,,,,,,,,,,,,,,,,,,,
75th,The Quiet American,,,,,,,,,,,,,,,,,,,,,,,,,,,,,,,,
75th,The Time Machine,,,,,,,,,,,,,,,,,,,,,,,,,,,,,,,,
75th,The Wild Thornberrys,,,,,,,,,,,,,,,,,,,,,,,,,,,,,,,,
75th,Treasure Planet,,,,,,,,,,,,,,,,,,,,,,,,,,,,,,,,
75th,Unfaithful,,,,,,,,,,,,,,,,,,,,,,,,,,,,,,,,
75th,Why Can't We Be a Family Again?,,,,,,,,,,,,,,,,,,,,,,,,,,,,,,,,
75th,Winged Migration,,,,,,,,,,,,,,,,,,,,,,,,,,,,,,,,
75th,Y tu mamá también,,,,,,,,,,,,,,,,,,,,,,,,,,,,,,,,
75th,Zus & Zo,,,,,,,,,,,,,,,,,,,,,,,,,,,,,,,,
76th,The Lord of the Rings: The Return of the King,,,,,,,,,,,,,,,,,,,,,,,,,,,,,,,,
76th,Master and Commander: The Far Side of the World,,,,,,,,,,,,,,,,,,,,,,,,,,,,,,,,
76th,Mystic River,,,,,,,,,,,,,,,,,,,,,,,,,,,,,,,,
76th,Cold Mountain,,,,,,,,,,,,,,,,,,,,,,,,,,,,,,,,
76th,Finding Nemo,,,,,,,,,,,,,,,,,,,,,,,,,,,,,,,,
76th,Lost in Translation,,,,,,,,,,,,,,,,,,,,,,,,,,,,,,,,
76th,The Barbarian Invasions,,,,,,,,,,,,,,,,,,,,,,,,,,,,,,,,
76th,Chernobyl Heart,,,,,,,,,,,,,,,,,,,,,,,,,,,,,,,,
76th,Harvie Krumpet,,,,,,,,,,,,,,,,,,,,,,,,,,,,,,,,
76th,Monster,,,,,,,,,,,,,,,,,,,,,,,,,,,,,,,,
76th,The Fog of War,,,,,,,,,,,,,,,,,,,,,,,,,,,,,,,,
76th,Two Soldiers,,,,,,,,,,,,,,,,,,,,,,,,,,,,,,,,
76th,Seabiscuit,,,,,,,,,,,,,,,,,,,,,,,,,,,,,,,,
76th,Pirates of the Caribbean: The Curse of the Black Pearl,,,,,,,,,,,,,,,,,,,,,,,,,,,,,,,,
76th,City of God,,,,,,,,,,,,,,,,,,,,,,,,,,,,,,,,
76th,The Last Samurai,,,,,,,,,,,,,,,,,,,,,,,,,,,,,,,,
76th,Girl with a Pearl Earring,,,,,,,,,,,,,,,,,,,,,,,,,,,,,,,,
76th,House of Sand and Fog,,,,,,,,,,,,,,,,,,,,,,,,,,,,,,,,
76th,In America,,,,,,,,,,,,,,,,,,,,,,,,,,,,,,,,
76th,21 Grams,,,,,,,,,,,,,,,,,,,,,,,,,,,,,,,,
76th,The Triplets of Belleville,,,,,,,,,,,,,,,,,,,,,,,,,,,,,,,,
76th,(A) Torzija [(A) Torsion],,,,,,,,,,,,,,,,,,,,,,,,,,,,,,,,
76th,A Mighty Wind,,,,,,,,,,,,,,,,,,,,,,,,,,,,,,,,
76th,American Splendor,,,,,,,,,,,,,,,,,,,,,,,,,,,,,,,,
76th,Asylum,,,,,,,,,,,,,,,,,,,,,,,,,,,,,,,,
76th,Balseros,,,,,,,,,,,,,,,,,,,,,,,,,,,,,,,,
76th,Big Fish,,,,,,,,,,,,,,,,,,,,,,,,,,,,,,,,
76th,Boundin',,,,,,,,,,,,,,,,,,,,,,,,,,,,,,,,
76th,Brother Bear,,,,,,,,,,,,,,,,,,,,,,,,,,,,,,,,
76th,Capturing the Friedmans,,,,,,,,,,,,,,,,,,,,,,,,,,,,,,,,
76th,Destino,,,,,,,,,,,,,,,,,,,,,,,,,,,,,,,,
76th,Die Rote Jacke (The Red Jacket),,,,,,,,,,,,,,,,,,,,,,,,,,,,,,,,
76th,Dirty Pretty Things,,,,,,,,,,,,,,,,,,,,,,,,,,,,,,,,
76th,Evil,,,,,,,,,,,,,,,,,,,,,,,,,,,,,,,,
76th,Ferry Tales,,,,,,,,,,,,,,,,,,,,,,,,,,,,,,,,
76th,Gone Nutty,,,,,,,,,,,,,,,,,,,,,,,,,,,,,,,,
76th,Most (The Bridge),,,,,,,,,,,,,,,,,,,,,,,,,,,,,,,,
76th,My Architect,,,,,,,,,,,,,,,,,,,,,,,,,,,,,,,,
76th,Nibbles,,,,,,,,,,,,,,,,,,,,,,,,,,,,,,,,
76th,Pieces of April,,,,,,,,,,,,,,,,,,,,,,,,,,,,,,,,
76th,Something's Gotta Give,,,,,,,,,,,,,,,,,,,,,,,,,,,,,,,,
76th,Squash,,,,,,,,,,,,,,,,,,,,,,,,,,,,,,,,
76th,The Cooler,,,,,,,,,,,,,,,,,,,,,,,,,,,,,,,,
76th,The Twilight Samurai,,,,,,,,,,,,,,,,,,,,,,,,,,,,,,,,
76th,The Weather Underground,,,,,,,,,,,,,,,,,,,,,,,,,,,,,,,,
76th,Thirteen,,,,,,,,,,,,,,,,,,,,,,,,,,,,,,,,
76th,Twin Sisters,,,,,,,,,,,,,,,,,,,,,,,,,,,,,,,,
76th,Whale Rider,,,,,,,,,,,,,,,,,,,,,,,,,,,,,,,,
76th,Želary,,,,,,,,,,,,,,,,,,,,,,,,,,,,,,,,
77th,Million Dollar Baby,,,,,,,,,,,,,,,,,,,,,,,,,,,,,,,,
77th,The Aviator,,,,,,,,,,,,,,,,,,,,,,,,,,,,,,,,
77th,Ray,,,,,,,,,,,,,,,,,,,,,,,,,,,,,,,,
77th,The Incredibles,,,,,,,,,,,,,,,,,,,,,,,,,,,,,,,,
77th,Finding Neverland,,,,,,,,,,,,,,,,,,,,,,,,,,,,,,,,
77th,Sideways,,,,,,,,,,,,,,,,,,,,,,,,,,,,,,,,
77th,Lemony Snicket's A Series of Unfortunate Events,,,,,,,,,,,,,,,,,,,,,,,,,,,,,,,,
77th,Spider-Man 2,,,,,,,,,,,,,,,,,,,,,,,,,,,,,,,,
77th,Eternal Sunshine of the Spotless Mind,,,,,,,,,,,,,,,,,,,,,,,,,,,,,,,,
77th,The Motorcycle Diaries,,,,,,,,,,,,,,,,,,,,,,,,,,,,,,,,
77th,The Sea Inside,,,,,,,,,,,,,,,,,,,,,,,,,,,,,,,,
77th,Born into Brothels: Calcutta's Red Light Kids,,,,,,,,,,,,,,,,,,,,,,,,,,,,,,,,
77th,Mighty Times: The Children's March,,,,,,,,,,,,,,,,,,,,,,,,,,,,,,,,
77th,Ryan,,,,,,,,,,,,,,,,,,,,,,,,,,,,,,,,
77th,Wasp,,,,,,,,,,,,,,,,,,,,,,,,,,,,,,,,
77th,Hotel Rwanda,,,,,,,,,,,,,,,,,,,,,,,,,,,,,,,,
77th,The Passion of the Christ,,,,,,,,,,,,,,,,,,,,,,,,,,,,,,,,
77th,The Phantom of the Opera,,,,,,,,,,,,,,,,,,,,,,,,,,,,,,,,
77th,The Polar Express,,,,,,,,,,,,,,,,,,,,,,,,,,,,,,,,
77th,Vera Drake,,,,,,,,,,,,,,,,,,,,,,,,,,,,,,,,
77th,A Very Long Engagement,,,,,,,,,,,,,,,,,,,,,,,,,,,,,,,,
77th,Closer,,,,,,,,,,,,,,,,,,,,,,,,,,,,,,,,
77th,Collateral,,,,,,,,,,,,,,,,,,,,,,,,,,,,,,,,
77th,Harry Potter and the Prisoner of Azkaban,,,,,,,,,,,,,,,,,,,,,,,,,,,,,,,,
77th,Shrek 2,,,,,,,,,,,,,,,,,,,,,,,,,,,,,,,,
77th,The Chorus,,,,,,,,,,,,,,,,,,,,,,,,,,,,,,,,
77th,7:35 in the Morning,,,,,,,,,,,,,,,,,,,,,,,,,,,,,,,,
77th,As It Is in Heaven,,,,,,,,,,,,,,,,,,,,,,,,,,,,,,,,
77th,Autism Is a World,,,,,,,,,,,,,,,,,,,,,,,,,,,,,,,,
77th,Before Sunset,,,,,,,,,,,,,,,,,,,,,,,,,,,,,,,,
77th,Being Julia,,,,,,,,,,,,,,,,,,,,,,,,,,,,,,,,
77th,Birthday Boy,,,,,,,,,,,,,,,,,,,,,,,,,,,,,,,,
77th,Downfall,,,,,,,,,,,,,,,,,,,,,,,,,,,,,,,,
77th,Everything in This Country Must,,,,,,,,,,,,,,,,,,,,,,,,,,,,,,,,
77th,Gopher Broke,,,,,,,,,,,,,,,,,,,,,,,,,,,,,,,,
77th,Guard Dog,,,,,,,,,,,,,,,,,,,,,,,,,,,,,,,,
77th,Hardwood,,,,,,,,,,,,,,,,,,,,,,,,,,,,,,,,
77th,House of Flying Daggers,,,,,,,,,,,,,,,,,,,,,,,,,,,,,,,,
77th,"I, Robot",,,,,,,,,,,,,,,,,,,,,,,,,,,,,,,,
77th,Kinsey,,,,,,,,,,,,,,,,,,,,,,,,,,,,,,,,
77th,Little Terrorist,,,,,,,,,,,,,,,,,,,,,,,,,,,,,,,,
77th,Lorenzo,,,,,,,,,,,,,,,,,,,,,,,,,,,,,,,,
77th,Maria Full of Grace,,,,,,,,,,,,,,,,,,,,,,,,,,,,,,,,
77th,Shark Tale,,,,,,,,,,,,,,,,,,,,,,,,,,,,,,,,
77th,Sister Rose's Passion,,,,,,,,,,,,,,,,,,,,,,,,,,,,,,,,
77th,Super Size Me,,,,,,,,,,,,,,,,,,,,,,,,,,,,,,,,
77th,The Children of Leningradsky,,,,,,,,,,,,,,,,,,,,,,,,,,,,,,,,
77th,The Story of the Weeping Camel,,,,,,,,,,,,,,,,,,,,,,,,,,,,,,,,
77th,The Village,,,,,,,,,,,,,,,,,,,,,,,,,,,,,,,,
77th,Troy,,,,,,,,,,,,,,,,,,,,,,,,,,,,,,,,
77th,Tupac: Resurrection,,,,,,,,,,,,,,,,,,,,,,,,,,,,,,,,
77th,Twist of Faith,,,,,,,,,,,,,,,,,,,,,,,,,,,,,,,,
77th,"Two Cars, One Night",,,,,,,,,,,,,,,,,,,,,,,,,,,,,,,,
77th,Yesterday,,,,,,,,,,,,,,,,,,,,,,,,,,,,,,,,
78th,Crash,,,,,,,,,,,,,,,,,,,,,,,,,,,,,,,,
78th,Brokeback Mountain,,,,,,,,,,,,,,,,,,,,,,,,,,,,,,,,
78th,Memoirs of a Geisha,,,,,,,,,,,,,,,,,,,,,,,,,,,,,,,,
78th,King Kong,,,,,,,,,,,,,,,,,,,,,,,,,,,,,,,,
78th,Capote,,,,,,,,,,,,,,,,,,,,,,,,,,,,,,,,
78th,Walk the Line,,,,,,,,,,,,,,,,,,,,,,,,,,,,,,,,
78th,The Constant Gardener,,,,,,,,,,,,,,,,,,,,,,,,,,,,,,,,
78th,"The Chronicles of Narnia: The Lion, the Witch and the Wardrobe",,,,,,,,,,,,,,,,,,,,,,,,,,,,,,,,
78th,Hustle & Flow,,,,,,,,,,,,,,,,,,,,,,,,,,,,,,,,
78th,Syriana,,,,,,,,,,,,,,,,,,,,,,,,,,,,,,,,
78th,A Note of Triumph: The Golden Age of Norman Corwin,,,,,,,,,,,,,,,,,,,,,,,,,,,,,,,,
78th,March of the Penguins,,,,,,,,,,,,,,,,,,,,,,,,,,,,,,,,
78th,Six Shooter,,,,,,,,,,,,,,,,,,,,,,,,,,,,,,,,
78th,The Moon and the Son: An Imagined Conversation,,,,,,,,,,,,,,,,,,,,,,,,,,,,,,,,
78th,Tsotsi,,,,,,,,,,,,,,,,,,,,,,,,,,,,,,,,
78th,Wallace & Gromit: The Curse of the Were-Rabbit,,,,,,,,,,,,,,,,,,,,,,,,,,,,,,,,
78th,"Good Night, and Good Luck",,,,,,,,,,,,,,,,,,,,,,,,,,,,,,,,
78th,Munich,,,,,,,,,,,,,,,,,,,,,,,,,,,,,,,,
78th,Pride & Prejudice,,,,,,,,,,,,,,,,,,,,,,,,,,,,,,,,
78th,Cinderella Man,,,,,,,,,,,,,,,,,,,,,,,,,,,,,,,,
78th,War of the Worlds,,,,,,,,,,,,,,,,,,,,,,,,,,,,,,,,
78th,A History of Violence,,,,,,,,,,,,,,,,,,,,,,,,,,,,,,,,
78th,Mrs Henderson Presents,,,,,,,,,,,,,,,,,,,,,,,,,,,,,,,,
78th,North Country,,,,,,,,,,,,,,,,,,,,,,,,,,,,,,,,
78th,Transamerica,,,,,,,,,,,,,,,,,,,,,,,,,,,,,,,,
78th,9,,,,,,,,,,,,,,,,,,,,,,,,,,,,,,,,
78th,Badgered,,,,,,,,,,,,,,,,,,,,,,,,,,,,,,,,
78th,Batman Begins,,,,,,,,,,,,,,,,,,,,,,,,,,,,,,,,
78th,Cashback,,,,,,,,,,,,,,,,,,,,,,,,,,,,,,,,
78th,Charlie and the Chocolate Factory,,,,,,,,,,,,,,,,,,,,,,,,,,,,,,,,
78th,Corpse Bride,,,,,,,,,,,,,,,,,,,,,,,,,,,,,,,,
78th,Darwin's Nightmare,,,,,,,,,,,,,,,,,,,,,,,,,,,,,,,,
78th,Don't Tell,,,,,,,,,,,,,,,,,,,,,,,,,,,,,,,,
78th,Enron: The Smartest Guys in the Room,,,,,,,,,,,,,,,,,,,,,,,,,,,,,,,,
78th,God Sleeps in Rwanda,,,,,,,,,,,,,,,,,,,,,,,,,,,,,,,,
78th,Harry Potter and the Goblet of Fire,,,,,,,,,,,,,,,,,,,,,,,,,,,,,,,,
78th,Howl's Moving Castle,,,,,,,,,,,,,,,,,,,,,,,,,,,,,,,,
78th,Joyeux Noël,,,,,,,,,,,,,,,,,,,,,,,,,,,,,,,,
78th,Junebug,,,,,,,,,,,,,,,,,,,,,,,,,,,,,,,,
78th,Match Point,,,,,,,,,,,,,,,,,,,,,,,,,,,,,,,,
78th,Murderball,,,,,,,,,,,,,,,,,,,,,,,,,,,,,,,,
78th,One Man Band,,,,,,,,,,,,,,,,,,,,,,,,,,,,,,,,
78th,Our Time Is Up,,,,,,,,,,,,,,,,,,,,,,,,,,,,,,,,
78th,Paradise Now,,,,,,,,,,,,,,,,,,,,,,,,,,,,,,,,
78th,Sophie Scholl – The Final Days,,,,,,,,,,,,,,,,,,,,,,,,,,,,,,,,
78th,Star Wars: Episode III – Revenge of the Sith,,,,,,,,,,,,,,,,,,,,,,,,,,,,,,,,
78th,Street Fight,,,,,,,,,,,,,,,,,,,,,,,,,,,,,,,,
78th,The Death of Kevin Carter: Casualty of the Bang Bang Club,,,,,,,,,,,,,,,,,,,,,,,,,,,,,,,,
78th,The Last Farm,,,,,,,,,,,,,,,,,,,,,,,,,,,,,,,,
78th,The Mushroom Club,,,,,,,,,,,,,,,,,,,,,,,,,,,,,,,,
78th,The Mysterious Geographic Explorations of Jasper Morello,,,,,,,,,,,,,,,,,,,,,,,,,,,,,,,,
78th,The New World,,,,,,,,,,,,,,,,,,,,,,,,,,,,,,,,
78th,The Runaway,,,,,,,,,,,,,,,,,,,,,,,,,,,,,,,,
78th,The Squid and the Whale,,,,,,,,,,,,,,,,,,,,,,,,,,,,,,,,
79th,The Departed,,,,,,,,,,,,,,,,,,,,,,,,,,,,,,,,
79th,Pan's Labyrinth,,,,,,,,,,,,,,,,,,,,,,,,,,,,,,,,
79th,Dreamgirls,,,,,,,,,,,,,,,,,,,,,,,,,,,,,,,,
79th,Little Miss Sunshine,,,,,,,,,,,,,,,,,,,,,,,,,,,,,,,,
79th,An Inconvenient Truth,,,,,,,,,,,,,,,,,,,,,,,,,,,,,,,,
79th,Babel,,,,,,,,,,,,,,,,,,,,,,,,,,,,,,,,
79th,The Queen,,,,,,,,,,,,,,,,,,,,,,,,,,,,,,,,
79th,Letters from Iwo Jima,,,,,,,,,,,,,,,,,,,,,,,,,,,,,,,,
79th,Pirates of the Caribbean: Dead Man's Chest,,,,,,,,,,,,,,,,,,,,,,,,,,,,,,,,
79th,Happy Feet,,,,,,,,,,,,,,,,,,,,,,,,,,,,,,,,
79th,Marie Antoinette,,,,,,,,,,,,,,,,,,,,,,,,,,,,,,,,
79th,The Blood of Yingzhou District,,,,,,,,,,,,,,,,,,,,,,,,,,,,,,,,
79th,The Danish Poet,,,,,,,,,,,,,,,,,,,,,,,,,,,,,,,,
79th,The Last King of Scotland,,,,,,,,,,,,,,,,,,,,,,,,,,,,,,,,
79th,The Lives of Others,,,,,,,,,,,,,,,,,,,,,,,,,,,,,,,,
79th,West Bank Story,,,,,,,,,,,,,,,,,,,,,,,,,,,,,,,,
79th,Blood Diamond,,,,,,,,,,,,,,,,,,,,,,,,,,,,,,,,
79th,Notes on a Scandal,,,,,,,,,,,,,,,,,,,,,,,,,,,,,,,,
79th,Apocalypto,,,,,,,,,,,,,,,,,,,,,,,,,,,,,,,,
79th,Children of Men,,,,,,,,,,,,,,,,,,,,,,,,,,,,,,,,
79th,Little Children,,,,,,,,,,,,,,,,,,,,,,,,,,,,,,,,
79th,Cars,,,,,,,,,,,,,,,,,,,,,,,,,,,,,,,,
79th,Flags of Our Fathers,,,,,,,,,,,,,,,,,,,,,,,,,,,,,,,,
79th,The Devil Wears Prada,,,,,,,,,,,,,,,,,,,,,,,,,,,,,,,,
79th,The Prestige,,,,,,,,,,,,,,,,,,,,,,,,,,,,,,,,
79th,United 93,,,,,,,,,,,,,,,,,,,,,,,,,,,,,,,,
79th,After the Wedding,,,,,,,,,,,,,,,,,,,,,,,,,,,,,,,,
79th,Binta and the Great Idea,,,,,,,,,,,,,,,,,,,,,,,,,,,,,,,,
79th,Borat: Cultural Learnings of America for Make Benefit Glorious Nation of Kazakhstan,,,,,,,,,,,,,,,,,,,,,,,,,,,,,,,,
79th,Click,,,,,,,,,,,,,,,,,,,,,,,,,,,,,,,,
79th,Curse of the Golden Flower,,,,,,,,,,,,,,,,,,,,,,,,,,,,,,,,
79th,Days of Glory,,,,,,,,,,,,,,,,,,,,,,,,,,,,,,,,
79th,Deliver Us from Evil,,,,,,,,,,,,,,,,,,,,,,,,,,,,,,,,
79th,Éramos pocos (One Too Many),,,,,,,,,,,,,,,,,,,,,,,,,,,,,,,,
79th,Half Nelson,,,,,,,,,,,,,,,,,,,,,,,,,,,,,,,,
79th,Helmer & Son,,,,,,,,,,,,,,,,,,,,,,,,,,,,,,,,
79th,Iraq in Fragments,,,,,,,,,,,,,,,,,,,,,,,,,,,,,,,,
79th,Jesus Camp,,,,,,,,,,,,,,,,,,,,,,,,,,,,,,,,
79th,Lifted,,,,,,,,,,,,,,,,,,,,,,,,,,,,,,,,
79th,Maestro,,,,,,,,,,,,,,,,,,,,,,,,,,,,,,,,
79th,Monster House,,,,,,,,,,,,,,,,,,,,,,,,,,,,,,,,
79th,"My Country, My Country",,,,,,,,,,,,,,,,,,,,,,,,,,,,,,,,
79th,No Time for Nuts,,,,,,,,,,,,,,,,,,,,,,,,,,,,,,,,
79th,Poseidon,,,,,,,,,,,,,,,,,,,,,,,,,,,,,,,,
79th,Recycled Life,,,,,,,,,,,,,,,,,,,,,,,,,,,,,,,,
79th,Rehearsing a Dream,,,,,,,,,,,,,,,,,,,,,,,,,,,,,,,,
79th,Superman Returns,,,,,,,,,,,,,,,,,,,,,,,,,,,,,,,,
79th,The Black Dahlia,,,,,,,,,,,,,,,,,,,,,,,,,,,,,,,,
79th,The Good German,,,,,,,,,,,,,,,,,,,,,,,,,,,,,,,,
79th,The Good Shepherd,,,,,,,,,,,,,,,,,,,,,,,,,,,,,,,,
79th,The Illusionist,,,,,,,,,,,,,,,,,,,,,,,,,,,,,,,,
79th,The Little Matchgirl,,,,,,,,,,,,,,,,,,,,,,,,,,,,,,,,
79th,The Pursuit of Happyness,,,,,,,,,,,,,,,,,,,,,,,,,,,,,,,,
79th,The Saviour,,,,,,,,,,,,,,,,,,,,,,,,,,,,,,,,
79th,Two Hands: The Leon Fleisher Story,,,,,,,,,,,,,,,,,,,,,,,,,,,,,,,,
79th,Venus,,,,,,,,,,,,,,,,,,,,,,,,,,,,,,,,
79th,Volver,,,,,,,,,,,,,,,,,,,,,,,,,,,,,,,,
79th,Water,,,,,,,,,,,,,,,,,,,,,,,,,,,,,,,,
80th,No Country for Old Men,,,,,,,,,,,,,,,,,,,,,,,,,,,,,,,,
80th,The Bourne Ultimatum,,,,,,,,,,,,,,,,,,,,,,,,,,,,,,,,
80th,There Will Be Blood,,,,,,,,,,,,,,,,,,,,,,,,,,,,,,,,
80th,La Vie en Rose,,,,,,,,,,,,,,,,,,,,,,,,,,,,,,,,
80th,Atonement,,,,,,,,,,,,,,,,,,,,,,,,,,,,,,,,
80th,Michael Clayton,,,,,,,,,,,,,,,,,,,,,,,,,,,,,,,,
80th,Ratatouille,,,,,,,,,,,,,,,,,,,,,,,,,,,,,,,,
80th,Juno,,,,,,,,,,,,,,,,,,,,,,,,,,,,,,,,
80th,Sweeney Todd: The Demon Barber of Fleet Street,,,,,,,,,,,,,,,,,,,,,,,,,,,,,,,,
80th,Elizabeth: The Golden Age,,,,,,,,,,,,,,,,,,,,,,,,,,,,,,,,
80th,The Golden Compass,,,,,,,,,,,,,,,,,,,,,,,,,,,,,,,,
80th,Freeheld,,,,,,,,,,,,,,,,,,,,,,,,,,,,,,,,
80th,Once,,,,,,,,,,,,,,,,,,,,,,,,,,,,,,,,
80th,Peter & the Wolf,,,,,,,,,,,,,,,,,,,,,,,,,,,,,,,,
80th,Taxi to the Dark Side,,,,,,,,,,,,,,,,,,,,,,,,,,,,,,,,
80th,The Counterfeiters,,,,,,,,,,,,,,,,,,,,,,,,,,,,,,,,
80th,The Mozart of Pickpockets,,,,,,,,,,,,,,,,,,,,,,,,,,,,,,,,
80th,The Diving Bell and the Butterfly,,,,,,,,,,,,,,,,,,,,,,,,,,,,,,,,
80th,Enchanted,,,,,,,,,,,,,,,,,,,,,,,,,,,,,,,,
80th,Transformers,,,,,,,,,,,,,,,,,,,,,,,,,,,,,,,,
80th,3:10 to Yuma,,,,,,,,,,,,,,,,,,,,,,,,,,,,,,,,
80th,American Gangster,,,,,,,,,,,,,,,,,,,,,,,,,,,,,,,,
80th,Away from Her,,,,,,,,,,,,,,,,,,,,,,,,,,,,,,,,
80th,Into the Wild,,,,,,,,,,,,,,,,,,,,,,,,,,,,,,,,
80th,Pirates of the Caribbean: At World's End,,,,,,,,,,,,,,,,,,,,,,,,,,,,,,,,
80th,The Assassination of Jesse James by the Coward Robert Ford,,,,,,,,,,,,,,,,,,,,,,,,,,,,,,,,
80th,The Savages,,,,,,,,,,,,,,,,,,,,,,,,,,,,,,,,
80th,12,,,,,,,,,,,,,,,,,,,,,,,,,,,,,,,,
80th,Across the Universe,,,,,,,,,,,,,,,,,,,,,,,,,,,,,,,,
80th,At Night,,,,,,,,,,,,,,,,,,,,,,,,,,,,,,,,
80th,August Rush,,,,,,,,,,,,,,,,,,,,,,,,,,,,,,,,
80th,Beaufort,,,,,,,,,,,,,,,,,,,,,,,,,,,,,,,,
80th,Charlie Wilson's War,,,,,,,,,,,,,,,,,,,,,,,,,,,,,,,,
80th,Eastern Promises,,,,,,,,,,,,,,,,,,,,,,,,,,,,,,,,
80th,Even Pigeons Go to Heaven,,,,,,,,,,,,,,,,,,,,,,,,,,,,,,,,
80th,Gone Baby Gone,,,,,,,,,,,,,,,,,,,,,,,,,,,,,,,,
80th,I Met the Walrus,,,,,,,,,,,,,,,,,,,,,,,,,,,,,,,,
80th,I'm Not There,,,,,,,,,,,,,,,,,,,,,,,,,,,,,,,,
80th,In the Valley of Elah,,,,,,,,,,,,,,,,,,,,,,,,,,,,,,,,
80th,Katyń,,,,,,,,,,,,,,,,,,,,,,,,,,,,,,,,
80th,La Corona,,,,,,,,,,,,,,,,,,,,,,,,,,,,,,,,
80th,Lars and the Real Girl,,,,,,,,,,,,,,,,,,,,,,,,,,,,,,,,
80th,Madame Tutli-Putli,,,,,,,,,,,,,,,,,,,,,,,,,,,,,,,,
80th,Mongol,,,,,,,,,,,,,,,,,,,,,,,,,,,,,,,,
80th,My Love,,,,,,,,,,,,,,,,,,,,,,,,,,,,,,,,
80th,No End in Sight,,,,,,,,,,,,,,,,,,,,,,,,,,,,,,,,
80th,Norbit,,,,,,,,,,,,,,,,,,,,,,,,,,,,,,,,
80th,Operation Homecoming: Writing the Wartime Experience,,,,,,,,,,,,,,,,,,,,,,,,,,,,,,,,
80th,Persepolis,,,,,,,,,,,,,,,,,,,,,,,,,,,,,,,,
80th,Salim Baba,,,,,,,,,,,,,,,,,,,,,,,,,,,,,,,,
80th,Sari's Mother,,,,,,,,,,,,,,,,,,,,,,,,,,,,,,,,
80th,Sicko,,,,,,,,,,,,,,,,,,,,,,,,,,,,,,,,
80th,Surf's Up,,,,,,,,,,,,,,,,,,,,,,,,,,,,,,,,
80th,Tanghi Argentini,,,,,,,,,,,,,,,,,,,,,,,,,,,,,,,,
80th,The Kite Runner,,,,,,,,,,,,,,,,,,,,,,,,,,,,,,,,
80th,The Substitute,,,,,,,,,,,,,,,,,,,,,,,,,,,,,,,,
80th,The Tonto Woman,,,,,,,,,,,,,,,,,,,,,,,,,,,,,,,,
80th,War/Dance,,,,,,,,,,,,,,,,,,,,,,,,,,,,,,,,
81st,Slumdog Millionaire,,,,,,,,,,,,,,,,,,,,,,,,,,,,,,,,
81st,The Curious Case of Benjamin Button,,,,,,,,,,,,,,,,,,,,,,,,,,,,,,,,
81st,Milk,,,,,,,,,,,,,,,,,,,,,,,,,,,,,,,,
81st,The Dark Knight,,,,,,,,,,,,,,,,,,,,,,,,,,,,,,,,
81st,WALL-E,,,,,,,,,,,,,,,,,,,,,,,,,,,,,,,,
81st,The Reader,,,,,,,,,,,,,,,,,,,,,,,,,,,,,,,,
81st,The Duchess,,,,,,,,,,,,,,,,,,,,,,,,,,,,,,,,
81st,Departures,,,,,,,,,,,,,,,,,,,,,,,,,,,,,,,,
81st,La Maison en Petits Cubes,,,,,,,,,,,,,,,,,,,,,,,,,,,,,,,,
81st,Man on Wire,,,,,,,,,,,,,,,,,,,,,,,,,,,,,,,,
81st,Smile Pinki,,,,,,,,,,,,,,,,,,,,,,,,,,,,,,,,
81st,Toyland,,,,,,,,,,,,,,,,,,,,,,,,,,,,,,,,
81st,Vicky Cristina Barcelona,,,,,,,,,,,,,,,,,,,,,,,,,,,,,,,,
81st,Doubt,,,,,,,,,,,,,,,,,,,,,,,,,,,,,,,,
81st,Frost/Nixon,,,,,,,,,,,,,,,,,,,,,,,,,,,,,,,,
81st,Changeling,,,,,,,,,,,,,,,,,,,,,,,,,,,,,,,,
81st,Revolutionary Road,,,,,,,,,,,,,,,,,,,,,,,,,,,,,,,,
81st,Frozen River,,,,,,,,,,,,,,,,,,,,,,,,,,,,,,,,
81st,Iron Man,,,,,,,,,,,,,,,,,,,,,,,,,,,,,,,,
81st,The Wrestler,,,,,,,,,,,,,,,,,,,,,,,,,,,,,,,,
81st,Wanted,,,,,,,,,,,,,,,,,,,,,,,,,,,,,,,,
81st,Australia,,,,,,,,,,,,,,,,,,,,,,,,,,,,,,,,
81st,Bolt,,,,,,,,,,,,,,,,,,,,,,,,,,,,,,,,
81st,Defiance,,,,,,,,,,,,,,,,,,,,,,,,,,,,,,,,
81st,Encounters at the End of the World,,,,,,,,,,,,,,,,,,,,,,,,,,,,,,,,
81st,Happy-Go-Lucky,,,,,,,,,,,,,,,,,,,,,,,,,,,,,,,,
81st,Hellboy II: The Golden Army,,,,,,,,,,,,,,,,,,,,,,,,,,,,,,,,
81st,In Bruges,,,,,,,,,,,,,,,,,,,,,,,,,,,,,,,,
81st,Kung Fu Panda,,,,,,,,,,,,,,,,,,,,,,,,,,,,,,,,
81st,Lavatory – Lovestory,,,,,,,,,,,,,,,,,,,,,,,,,,,,,,,,
81st,Manon on the Asphalt,,,,,,,,,,,,,,,,,,,,,,,,,,,,,,,,
81st,New Boy,,,,,,,,,,,,,,,,,,,,,,,,,,,,,,,,
81st,Oktapodi,,,,,,,,,,,,,,,,,,,,,,,,,,,,,,,,
81st,On the Line (Auf der Strecke),,,,,,,,,,,,,,,,,,,,,,,,,,,,,,,,
81st,Presto,,,,,,,,,,,,,,,,,,,,,,,,,,,,,,,,
81st,Rachel Getting Married,,,,,,,,,,,,,,,,,,,,,,,,,,,,,,,,
81st,Revanche,,,,,,,,,,,,,,,,,,,,,,,,,,,,,,,,
81st,The Baader Meinhof Complex,,,,,,,,,,,,,,,,,,,,,,,,,,,,,,,,
81st,The Betrayal – Nerakhoon,,,,,,,,,,,,,,,,,,,,,,,,,,,,,,,,
81st,The Class,,,,,,,,,,,,,,,,,,,,,,,,,,,,,,,,
81st,The Conscience of Nhem En,,,,,,,,,,,,,,,,,,,,,,,,,,,,,,,,
81st,The Final Inch,,,,,,,,,,,,,,,,,,,,,,,,,,,,,,,,
81st,The Garden,,,,,,,,,,,,,,,,,,,,,,,,,,,,,,,,
81st,The Pig (Grisen),,,,,,,,,,,,,,,,,,,,,,,,,,,,,,,,
81st,The Visitor,,,,,,,,,,,,,,,,,,,,,,,,,,,,,,,,
81st,The Witness: From the Balcony of Room 306,,,,,,,,,,,,,,,,,,,,,,,,,,,,,,,,
81st,This Way Up,,,,,,,,,,,,,,,,,,,,,,,,,,,,,,,,
81st,Tropic Thunder,,,,,,,,,,,,,,,,,,,,,,,,,,,,,,,,
81st,Trouble the Water,,,,,,,,,,,,,,,,,,,,,,,,,,,,,,,,
81st,Waltz with Bashir,,,,,,,,,,,,,,,,,,,,,,,,,,,,,,,,
82nd,The Hurt Locker,,,,,,,,,,,,,,,,,,,,,,,,,,,,,,,,
82nd,Avatar,,,,,,,,,,,,,,,,,,,,,,,,,,,,,,,,
82nd,Precious,,,,,,,,,,,,,,,,,,,,,,,,,,,,,,,,
82nd,Up,,,,,,,,,,,,,,,,,,,,,,,,,,,,,,,,
82nd,Crazy Heart,,,,,,,,,,,,,,,,,,,,,,,,,,,,,,,,
82nd,Inglourious Basterds,,,,,,,,,,,,,,,,,,,,,,,,,,,,,,,,
82nd,Star Trek,,,,,,,,,,,,,,,,,,,,,,,,,,,,,,,,
82nd,The Young Victoria,,,,,,,,,,,,,,,,,,,,,,,,,,,,,,,,
82nd,The Blind Side,,,,,,,,,,,,,,,,,,,,,,,,,,,,,,,,
82nd,Logorama,,,,,,,,,,,,,,,,,,,,,,,,,,,,,,,,
82nd,Music by Prudence,,,,,,,,,,,,,,,,,,,,,,,,,,,,,,,,
82nd,The Cove,,,,,,,,,,,,,,,,,,,,,,,,,,,,,,,,
82nd,The New Tenants,,,,,,,,,,,,,,,,,,,,,,,,,,,,,,,,
82nd,The Secret in Their Eyes,,,,,,,,,,,,,,,,,,,,,,,,,,,,,,,,
82nd,Up in the Air,,,,,,,,,,,,,,,,,,,,,,,,,,,,,,,,
82nd,District 9,,,,,,,,,,,,,,,,,,,,,,,,,,,,,,,,
82nd,Nine,,,,,,,,,,,,,,,,,,,,,,,,,,,,,,,,
82nd,An Education,,,,,,,,,,,,,,,,,,,,,,,,,,,,,,,,
82nd,The Princess and the Frog,,,,,,,,,,,,,,,,,,,,,,,,,,,,,,,,
82nd,A Serious Man,,,,,,,,,,,,,,,,,,,,,,,,,,,,,,,,
82nd,Fantastic Mr. Fox,,,,,,,,,,,,,,,,,,,,,,,,,,,,,,,,
82nd,Invictus,,,,,,,,,,,,,,,,,,,,,,,,,,,,,,,,
82nd,Sherlock Holmes,,,,,,,,,,,,,,,,,,,,,,,,,,,,,,,,
82nd,The Imaginarium of Doctor Parnassus,,,,,,,,,,,,,,,,,,,,,,,,,,,,,,,,
82nd,The Last Station,,,,,,,,,,,,,,,,,,,,,,,,,,,,,,,,
82nd,The Messenger,,,,,,,,,,,,,,,,,,,,,,,,,,,,,,,,
82nd,The White Ribbon,,,,,,,,,,,,,,,,,,,,,,,,,,,,,,,,
82nd,A Matter of Loaf and Death,,,,,,,,,,,,,,,,,,,,,,,,,,,,,,,,
82nd,A Prophet,,,,,,,,,,,,,,,,,,,,,,,,,,,,,,,,
82nd,A Single Man,,,,,,,,,,,,,,,,,,,,,,,,,,,,,,,,
82nd,Ajami,,,,,,,,,,,,,,,,,,,,,,,,,,,,,,,,
82nd,Bright Star,,,,,,,,,,,,,,,,,,,,,,,,,,,,,,,,
82nd,Burma VJ,,,,,,,,,,,,,,,,,,,,,,,,,,,,,,,,
82nd,China's Unnatural Disaster: The Tears of Sichuan Province,,,,,,,,,,,,,,,,,,,,,,,,,,,,,,,,
82nd,Coco Before Chanel,,,,,,,,,,,,,,,,,,,,,,,,,,,,,,,,
82nd,Coraline,,,,,,,,,,,,,,,,,,,,,,,,,,,,,,,,
82nd,"Food, Inc.",,,,,,,,,,,,,,,,,,,,,,,,,,,,,,,,
82nd,French Roast,,,,,,,,,,,,,,,,,,,,,,,,,,,,,,,,
82nd,Granny O'Grimm's Sleeping Beauty,,,,,,,,,,,,,,,,,,,,,,,,,,,,,,,,
82nd,Harry Potter and the Half-Blood Prince,,,,,,,,,,,,,,,,,,,,,,,,,,,,,,,,
82nd,Il Divo,,,,,,,,,,,,,,,,,,,,,,,,,,,,,,,,
82nd,In the Loop,,,,,,,,,,,,,,,,,,,,,,,,,,,,,,,,
82nd,Instead of Abracadabra,,,,,,,,,,,,,,,,,,,,,,,,,,,,,,,,
82nd,Julie & Julia,,,,,,,,,,,,,,,,,,,,,,,,,,,,,,,,
82nd,Kavi,,,,,,,,,,,,,,,,,,,,,,,,,,,,,,,,
82nd,Miracle Fish,,,,,,,,,,,,,,,,,,,,,,,,,,,,,,,,
82nd,Paris 36,,,,,,,,,,,,,,,,,,,,,,,,,,,,,,,,
82nd,Rabbit à la Berlin,,,,,,,,,,,,,,,,,,,,,,,,,,,,,,,,
82nd,The Door,,,,,,,,,,,,,,,,,,,,,,,,,,,,,,,,
82nd,The Lady and the Reaper,,,,,,,,,,,,,,,,,,,,,,,,,,,,,,,,
82nd,The Last Campaign of Governor Booth Gardner,,,,,,,,,,,,,,,,,,,,,,,,,,,,,,,,
82nd,The Last Truck: Closing of a GM Plant,,,,,,,,,,,,,,,,,,,,,,,,,,,,,,,,
82nd,The Lovely Bones,,,,,,,,,,,,,,,,,,,,,,,,,,,,,,,,
82nd,The Milk of Sorrow,,,,,,,,,,,,,,,,,,,,,,,,,,,,,,,,
82nd,The Most Dangerous Man in America,,,,,,,,,,,,,,,,,,,,,,,,,,,,,,,,
82nd,The Secret of Kells,,,,,,,,,,,,,,,,,,,,,,,,,,,,,,,,
82nd,Transformers: Revenge of the Fallen,,,,,,,,,,,,,,,,,,,,,,,,,,,,,,,,
82nd,Which Way Home,,,,,,,,,,,,,,,,,,,,,,,,,,,,,,,,
83rd,The King's Speech,,,,,,,,,,,,,,,,,,,,,,,,,,,,,,,,
83rd,Inception,,,,,,,,,,,,,,,,,,,,,,,,,,,,,,,,
83rd,The Social Network,,,,,,,,,,,,,,,,,,,,,,,,,,,,,,,,
83rd,The Fighter,,,,,,,,,,,,,,,,,,,,,,,,,,,,,,,,
83rd,Toy Story 3,,,,,,,,,,,,,,,,,,,,,,,,,,,,,,,,
83rd,Alice in Wonderland,,,,,,,,,,,,,,,,,,,,,,,,,,,,,,,,
83rd,Black Swan,,,,,,,,,,,,,,,,,,,,,,,,,,,,,,,,
83rd,God of Love,,,,,,,,,,,,,,,,,,,,,,,,,,,,,,,,
83rd,In a Better World,,,,,,,,,,,,,,,,,,,,,,,,,,,,,,,,
83rd,Inside Job,,,,,,,,,,,,,,,,,,,,,,,,,,,,,,,,
83rd,Strangers No More,,,,,,,,,,,,,,,,,,,,,,,,,,,,,,,,
83rd,The Lost Thing,,,,,,,,,,,,,,,,,,,,,,,,,,,,,,,,
83rd,The Wolfman,,,,,,,,,,,,,,,,,,,,,,,,,,,,,,,,
83rd,True Grit,,,,,,,,,,,,,,,,,,,,,,,,,,,,,,,,
83rd,127 Hours,,,,,,,,,,,,,,,,,,,,,,,,,,,,,,,,
83rd,The Kids Are All Right,,,,,,,,,,,,,,,,,,,,,,,,,,,,,,,,
83rd,Winter's Bone,,,,,,,,,,,,,,,,,,,,,,,,,,,,,,,,
83rd,Biutiful,,,,,,,,,,,,,,,,,,,,,,,,,,,,,,,,
83rd,Harry Potter and the Deathly Hallows – Part 1,,,,,,,,,,,,,,,,,,,,,,,,,,,,,,,,
83rd,How to Train Your Dragon,,,,,,,,,,,,,,,,,,,,,,,,,,,,,,,,
83rd,Animal Kingdom,,,,,,,,,,,,,,,,,,,,,,,,,,,,,,,,
83rd,Another Year,,,,,,,,,,,,,,,,,,,,,,,,,,,,,,,,
83rd,Barney's Version,,,,,,,,,,,,,,,,,,,,,,,,,,,,,,,,
83rd,Blue Valentine,,,,,,,,,,,,,,,,,,,,,,,,,,,,,,,,
83rd,Country Strong,,,,,,,,,,,,,,,,,,,,,,,,,,,,,,,,
83rd,Day & Night,,,,,,,,,,,,,,,,,,,,,,,,,,,,,,,,
83rd,Dogtooth,,,,,,,,,,,,,,,,,,,,,,,,,,,,,,,,
83rd,Exit Through the Gift Shop,,,,,,,,,,,,,,,,,,,,,,,,,,,,,,,,
83rd,Gasland,,,,,,,,,,,,,,,,,,,,,,,,,,,,,,,,
83rd,Hereafter,,,,,,,,,,,,,,,,,,,,,,,,,,,,,,,,
83rd,I Am Love,,,,,,,,,,,,,,,,,,,,,,,,,,,,,,,,
83rd,Incendies,,,,,,,,,,,,,,,,,,,,,,,,,,,,,,,,
83rd,Iron Man 2,,,,,,,,,,,,,,,,,,,,,,,,,,,,,,,,
83rd,Killing in the Name,,,,,,,,,,,,,,,,,,,,,,,,,,,,,,,,
83rd,Let's Pollute,,,,,,,,,,,,,,,,,,,,,,,,,,,,,,,,
83rd,"Madagascar, a Journey Diary",,,,,,,,,,,,,,,,,,,,,,,,,,,,,,,,
83rd,Na Wewe,,,,,,,,,,,,,,,,,,,,,,,,,,,,,,,,
83rd,Outside the Law,,,,,,,,,,,,,,,,,,,,,,,,,,,,,,,,
83rd,Poster Girl,,,,,,,,,,,,,,,,,,,,,,,,,,,,,,,,
83rd,Rabbit Hole,,,,,,,,,,,,,,,,,,,,,,,,,,,,,,,,
83rd,Restrepo,,,,,,,,,,,,,,,,,,,,,,,,,,,,,,,,
83rd,Salt,,,,,,,,,,,,,,,,,,,,,,,,,,,,,,,,
83rd,Sun Come Up,,,,,,,,,,,,,,,,,,,,,,,,,,,,,,,,
83rd,Tangled,,,,,,,,,,,,,,,,,,,,,,,,,,,,,,,,
83rd,The Confession,,,,,,,,,,,,,,,,,,,,,,,,,,,,,,,,
83rd,The Crush,,,,,,,,,,,,,,,,,,,,,,,,,,,,,,,,
83rd,The Gruffalo,,,,,,,,,,,,,,,,,,,,,,,,,,,,,,,,
83rd,The Illusionist,,,,,,,,,,,,,,,,,,,,,,,,,,,,,,,,
83rd,The Tempest,,,,,,,,,,,,,,,,,,,,,,,,,,,,,,,,
83rd,The Town,,,,,,,,,,,,,,,,,,,,,,,,,,,,,,,,
83rd,The Warriors of Qiugang,,,,,,,,,,,,,,,,,,,,,,,,,,,,,,,,
83rd,The Way Back,,,,,,,,,,,,,,,,,,,,,,,,,,,,,,,,
83rd,Tron: Legacy,,,,,,,,,,,,,,,,,,,,,,,,,,,,,,,,
83rd,Unstoppable,,,,,,,,,,,,,,,,,,,,,,,,,,,,,,,,
83rd,Waste Land,,,,,,,,,,,,,,,,,,,,,,,,,,,,,,,,
83rd,Wish 143,,,,,,,,,,,,,,,,,,,,,,,,,,,,,,,,
84th,The Artist,,,,,,,,,,,,,,,,,,,,,,,,,,,,,,,,
84th,Hugo,,,,,,,,,,,,,,,,,,,,,,,,,,,,,,,,
84th,The Iron Lady,,,,,,,,,,,,,,,,,,,,,,,,,,,,,,,,
84th,The Descendants,,,,,,,,,,,,,,,,,,,,,,,,,,,,,,,,
84th,The Girl with the Dragon Tattoo,,,,,,,,,,,,,,,,,,,,,,,,,,,,,,,,
84th,Midnight in Paris,,,,,,,,,,,,,,,,,,,,,,,,,,,,,,,,
84th,The Help,,,,,,,,,,,,,,,,,,,,,,,,,,,,,,,,
84th,A Separation,,,,,,,,,,,,,,,,,,,,,,,,,,,,,,,,
84th,Beginners,,,,,,,,,,,,,,,,,,,,,,,,,,,,,,,,
84th,Rango,,,,,,,,,,,,,,,,,,,,,,,,,,,,,,,,
84th,Saving Face,,,,,,,,,,,,,,,,,,,,,,,,,,,,,,,,
84th,The Fantastic Flying Books of Mr. Morris Lessmore,,,,,,,,,,,,,,,,,,,,,,,,,,,,,,,,
84th,The Muppets,,,,,,,,,,,,,,,,,,,,,,,,,,,,,,,,
84th,The Shore,,,,,,,,,,,,,,,,,,,,,,,,,,,,,,,,
84th,Undefeated,,,,,,,,,,,,,,,,,,,,,,,,,,,,,,,,
84th,Moneyball,,,,,,,,,,,,,,,,,,,,,,,,,,,,,,,,
84th,War Horse,,,,,,,,,,,,,,,,,,,,,,,,,,,,,,,,
84th,Albert Nobbs,,,,,,,,,,,,,,,,,,,,,,,,,,,,,,,,
84th,Harry Potter and the Deathly Hallows – Part 2,,,,,,,,,,,,,,,,,,,,,,,,,,,,,,,,
84th,The Tree of Life,,,,,,,,,,,,,,,,,,,,,,,,,,,,,,,,
84th,Tinker Tailor Soldier Spy,,,,,,,,,,,,,,,,,,,,,,,,,,,,,,,,
84th,Transformers: Dark of the Moon,,,,,,,,,,,,,,,,,,,,,,,,,,,,,,,,
84th,Bridesmaids,,,,,,,,,,,,,,,,,,,,,,,,,,,,,,,,
84th,Extremely Loud & Incredibly Close,,,,,,,,,,,,,,,,,,,,,,,,,,,,,,,,
84th,My Week with Marilyn,,,,,,,,,,,,,,,,,,,,,,,,,,,,,,,,
84th,A Better Life,,,,,,,,,,,,,,,,,,,,,,,,,,,,,,,,
84th,A Cat in Paris,,,,,,,,,,,,,,,,,,,,,,,,,,,,,,,,
84th,A Morning Stroll,,,,,,,,,,,,,,,,,,,,,,,,,,,,,,,,
84th,Anonymous,,,,,,,,,,,,,,,,,,,,,,,,,,,,,,,,
84th,Bullhead,,,,,,,,,,,,,,,,,,,,,,,,,,,,,,,,
84th,Chico and Rita,,,,,,,,,,,,,,,,,,,,,,,,,,,,,,,,
84th,Sunday,,,,,,,,,,,,,,,,,,,,,,,,,,,,,,,,
84th,Drive,,,,,,,,,,,,,,,,,,,,,,,,,,,,,,,,
84th,Footnote,,,,,,,,,,,,,,,,,,,,,,,,,,,,,,,,
84th,God Is the Bigger Elvis,,,,,,,,,,,,,,,,,,,,,,,,,,,,,,,,
84th,Hell and Back Again,,,,,,,,,,,,,,,,,,,,,,,,,,,,,,,,
84th,If a Tree Falls: A Story of the Earth Liberation Front,,,,,,,,,,,,,,,,,,,,,,,,,,,,,,,,
84th,In Darkness,,,,,,,,,,,,,,,,,,,,,,,,,,,,,,,,
84th,Incident in New Baghdad,,,,,,,,,,,,,,,,,,,,,,,,,,,,,,,,
84th,Jane Eyre,,,,,,,,,,,,,,,,,,,,,,,,,,,,,,,,
84th,Kung Fu Panda 2,,,,,,,,,,,,,,,,,,,,,,,,,,,,,,,,
84th,La Luna,,,,,,,,,,,,,,,,,,,,,,,,,,,,,,,,
84th,Margin Call,,,,,,,,,,,,,,,,,,,,,,,,,,,,,,,,
84th,Monsieur Lazhar,,,,,,,,,,,,,,,,,,,,,,,,,,,,,,,,
84th,Paradise Lost 3: Purgatory,,,,,,,,,,,,,,,,,,,,,,,,,,,,,,,,
84th,Pentecost,,,,,,,,,,,,,,,,,,,,,,,,,,,,,,,,
84th,Pina,,,,,,,,,,,,,,,,,,,,,,,,,,,,,,,,
84th,Puss in Boots,,,,,,,,,,,,,,,,,,,,,,,,,,,,,,,,
84th,Raju,,,,,,,,,,,,,,,,,,,,,,,,,,,,,,,,
84th,Real Steel,,,,,,,,,,,,,,,,,,,,,,,,,,,,,,,,
84th,Rio,,,,,,,,,,,,,,,,,,,,,,,,,,,,,,,,
84th,Rise of the Planet of the Apes,,,,,,,,,,,,,,,,,,,,,,,,,,,,,,,,
84th,The Adventures of Tintin,,,,,,,,,,,,,,,,,,,,,,,,,,,,,,,,
84th,The Barber of Birmingham,,,,,,,,,,,,,,,,,,,,,,,,,,,,,,,,
84th,The Ides of March,,,,,,,,,,,,,,,,,,,,,,,,,,,,,,,,
84th,The Tsunami and the Cherry Blossom,,,,,,,,,,,,,,,,,,,,,,,,,,,,,,,,
84th,Time Freak,,,,,,,,,,,,,,,,,,,,,,,,,,,,,,,,
84th,Tuba Atlantic,,,,,,,,,,,,,,,,,,,,,,,,,,,,,,,,
84th,W.E.,,,,,,,,,,,,,,,,,,,,,,,,,,,,,,,,
84th,Warrior,,,,,,,,,,,,,,,,,,,,,,,,,,,,,,,,
84th,Wild Life,,,,,,,,,,,,,,,,,,,,,,,,,,,,,,,,
85th,Argo,,,,,,,,,,,,,,,,,,,,,,,,,,,,,,,,
85th,Life of Pi,,,,,,,,,,,,,,,,,,,,,,,,,,,,,,,,
85th,Les Misérables,,,,,,,,,,,,,,,,,,,,,,,,,,,,,,,,
85th,Lincoln,,,,,,,,,,,,,,,,,,,,,,,,,,,,,,,,
85th,Django Unchained,,,,,,,,,,,,,,,,,,,,,,,,,,,,,,,,
85th,Skyfall,,,,,,,,,,,,,,,,,,,,,,,,,,,,,,,,
85th,Silver Linings Playbook,,,,,,,,,,,,,,,,,,,,,,,,,,,,,,,,
85th,Amour,,,,,,,,,,,,,,,,,,,,,,,,,,,,,,,,
85th,Zero Dark Thirty,,,,,,,,,,,,,,,,,,,,,,,,,,,,,,,,
85th,Anna Karenina,,,,,,,,,,,,,,,,,,,,,,,,,,,,,,,,
85th,Brave,,,,,,,,,,,,,,,,,,,,,,,,,,,,,,,,
85th,Curfew,,,,,,,,,,,,,,,,,,,,,,,,,,,,,,,,
85th,Inocente,,,,,,,,,,,,,,,,,,,,,,,,,,,,,,,,
85th,Paperman,,,,,,,,,,,,,,,,,,,,,,,,,,,,,,,,
85th,Searching for Sugar Man,,,,,,,,,,,,,,,,,,,,,,,,,,,,,,,,
85th,Beasts of the Southern Wild,,,,,,,,,,,,,,,,,,,,,,,,,,,,,,,,
85th,The Hobbit: An Unexpected Journey,,,,,,,,,,,,,,,,,,,,,,,,,,,,,,,,
85th,The Master,,,,,,,,,,,,,,,,,,,,,,,,,,,,,,,,
85th,Flight,,,,,,,,,,,,,,,,,,,,,,,,,,,,,,,,
85th,Snow White and the Huntsman,,,,,,,,,,,,,,,,,,,,,,,,,,,,,,,,
85th,5 Broken Cameras,,,,,,,,,,,,,,,,,,,,,,,,,,,,,,,,
85th,A Royal Affair,,,,,,,,,,,,,,,,,,,,,,,,,,,,,,,,
85th,Adam and Dog,,,,,,,,,,,,,,,,,,,,,,,,,,,,,,,,
85th,Asad,,,,,,,,,,,,,,,,,,,,,,,,,,,,,,,,
85th,Buzkashi Boys,,,,,,,,,,,,,,,,,,,,,,,,,,,,,,,,
85th,Chasing Ice,,,,,,,,,,,,,,,,,,,,,,,,,,,,,,,,
85th,Death of a Shadow,,,,,,,,,,,,,,,,,,,,,,,,,,,,,,,,
85th,Frankenweenie,,,,,,,,,,,,,,,,,,,,,,,,,,,,,,,,
85th,Fresh Guacamole,,,,,,,,,,,,,,,,,,,,,,,,,,,,,,,,
85th,Head over Heels,,,,,,,,,,,,,,,,,,,,,,,,,,,,,,,,
85th,Henry,,,,,,,,,,,,,,,,,,,,,,,,,,,,,,,,
85th,Hitchcock,,,,,,,,,,,,,,,,,,,,,,,,,,,,,,,,
85th,How to Survive a Plague,,,,,,,,,,,,,,,,,,,,,,,,,,,,,,,,
85th,Kings Point,,,,,,,,,,,,,,,,,,,,,,,,,,,,,,,,
85th,Kon-Tiki,,,,,,,,,,,,,,,,,,,,,,,,,,,,,,,,
85th,Mirror Mirror,,,,,,,,,,,,,,,,,,,,,,,,,,,,,,,,
85th,Mondays at Racine,,,,,,,,,,,,,,,,,,,,,,,,,,,,,,,,
85th,Moonrise Kingdom,,,,,,,,,,,,,,,,,,,,,,,,,,,,,,,,
85th,No,,,,,,,,,,,,,,,,,,,,,,,,,,,,,,,,
85th,Open Heart,,,,,,,,,,,,,,,,,,,,,,,,,,,,,,,,
85th,ParaNorman,,,,,,,,,,,,,,,,,,,,,,,,,,,,,,,,
85th,Prometheus,,,,,,,,,,,,,,,,,,,,,,,,,,,,,,,,
85th,Redemption,,,,,,,,,,,,,,,,,,,,,,,,,,,,,,,,
85th,Ted,,,,,,,,,,,,,,,,,,,,,,,,,,,,,,,,
85th,The Avengers,,,,,,,,,,,,,,,,,,,,,,,,,,,,,,,,
85th,The Gatekeepers,,,,,,,,,,,,,,,,,,,,,,,,,,,,,,,,
85th,The Impossible,,,,,,,,,,,,,,,,,,,,,,,,,,,,,,,,
85th,The Invisible War,,,,,,,,,,,,,,,,,,,,,,,,,,,,,,,,
85th,The Longest Daycare,,,,,,,,,,,,,,,,,,,,,,,,,,,,,,,,
85th,The Pirates! Band of Misfits,,,,,,,,,,,,,,,,,,,,,,,,,,,,,,,,
85th,The Sessions,,,,,,,,,,,,,,,,,,,,,,,,,,,,,,,,
85th,War Witch,,,,,,,,,,,,,,,,,,,,,,,,,,,,,,,,
85th,Wreck-It Ralph,,,,,,,,,,,,,,,,,,,,,,,,,,,,,,,,
86th,12 Years a Slave,,,,,,,,,,,,,,,,,,,,,,,,,,,,,,,,
86th,Gravity,,,,,,,,,,,,,,,,,,,,,,,,,,,,,,,,
86th,Dallas Buyers Club,,,,,,,,,,,,,,,,,,,,,,,,,,,,,,,,
86th,Frozen,,,,,,,,,,,,,,,,,,,,,,,,,,,,,,,,
86th,The Great Gatsby,,,,,,,,,,,,,,,,,,,,,,,,,,,,,,,,
86th,Her,,,,,,,,,,,,,,,,,,,,,,,,,,,,,,,,
86th,Blue Jasmine,,,,,,,,,,,,,,,,,,,,,,,,,,,,,,,,
86th,20 Feet from Stardom,,,,,,,,,,,,,,,,,,,,,,,,,,,,,,,,
86th,Helium,,,,,,,,,,,,,,,,,,,,,,,,,,,,,,,,
86th,Mr Hublot,,,,,,,,,,,,,,,,,,,,,,,,,,,,,,,,
86th,The Great Beauty,,,,,,,,,,,,,,,,,,,,,,,,,,,,,,,,
86th,The Lady in Number 6: Music Saved My Life,,,,,,,,,,,,,,,,,,,,,,,,,,,,,,,,
86th,American Hustle,,,,,,,,,,,,,,,,,,,,,,,,,,,,,,,,
86th,Captain Phillips,,,,,,,,,,,,,,,,,,,,,,,,,,,,,,,,
86th,Nebraska,,,,,,,,,,,,,,,,,,,,,,,,,,,,,,,,
86th,The Wolf of Wall Street,,,,,,,,,,,,,,,,,,,,,,,,,,,,,,,,
86th,Philomena,,,,,,,,,,,,,,,,,,,,,,,,,,,,,,,,
86th,The Hobbit: The Desolation of Smaug,,,,,,,,,,,,,,,,,,,,,,,,,,,,,,,,
86th,August: Osage County,,,,,,,,,,,,,,,,,,,,,,,,,,,,,,,,
86th,Despicable Me 2,,,,,,,,,,,,,,,,,,,,,,,,,,,,,,,,
86th,Inside Llewyn Davis,,,,,,,,,,,,,,,,,,,,,,,,,,,,,,,,
86th,Lone Survivor,,,,,,,,,,,,,,,,,,,,,,,,,,,,,,,,
86th,The Grandmaster,,,,,,,,,,,,,,,,,,,,,,,,,,,,,,,,
86th,The Lone Ranger,,,,,,,,,,,,,,,,,,,,,,,,,,,,,,,,
86th,All Is Lost,,,,,,,,,,,,,,,,,,,,,,,,,,,,,,,,
86th,Alone yet Not Alone,,,,,,,,,,,,,,,,,,,,,,,,,,,,,,,,
86th,Before Midnight,,,,,,,,,,,,,,,,,,,,,,,,,,,,,,,,
86th,Cavedigger,,,,,,,,,,,,,,,,,,,,,,,,,,,,,,,,
86th,Cutie and the Boxer,,,,,,,,,,,,,,,,,,,,,,,,,,,,,,,,
86th,Dirty Wars,,,,,,,,,,,,,,,,,,,,,,,,,,,,,,,,
86th,Do I Have to Take Care of Everything?,,,,,,,,,,,,,,,,,,,,,,,,,,,,,,,,
86th,Ernest & Celestine,,,,,,,,,,,,,,,,,,,,,,,,,,,,,,,,
86th,Facing Fear,,,,,,,,,,,,,,,,,,,,,,,,,,,,,,,,
86th,Feral,,,,,,,,,,,,,,,,,,,,,,,,,,,,,,,,
86th,Get a Horse!,,,,,,,,,,,,,,,,,,,,,,,,,,,,,,,,
86th,Iron Man 3,,,,,,,,,,,,,,,,,,,,,,,,,,,,,,,,
86th,Jackass Presents: Bad Grandpa,,,,,,,,,,,,,,,,,,,,,,,,,,,,,,,,
86th,Just Before Losing Everything,,,,,,,,,,,,,,,,,,,,,,,,,,,,,,,,
86th,Karama Has No Walls,,,,,,,,,,,,,,,,,,,,,,,,,,,,,,,,
86th,Mandela: Long Walk to Freedom,,,,,,,,,,,,,,,,,,,,,,,,,,,,,,,,
86th,Omar,,,,,,,,,,,,,,,,,,,,,,,,,,,,,,,,
86th,Possessions,,,,,,,,,,,,,,,,,,,,,,,,,,,,,,,,
86th,Prison Terminal: The Last Days of Private Jack Hall,,,,,,,,,,,,,,,,,,,,,,,,,,,,,,,,
86th,Prisoners,,,,,,,,,,,,,,,,,,,,,,,,,,,,,,,,
86th,Room on the Broom,,,,,,,,,,,,,,,,,,,,,,,,,,,,,,,,
86th,Saving Mr. Banks,,,,,,,,,,,,,,,,,,,,,,,,,,,,,,,,
86th,Star Trek Into Darkness,,,,,,,,,,,,,,,,,,,,,,,,,,,,,,,,
86th,That Wasn't Me,,,,,,,,,,,,,,,,,,,,,,,,,,,,,,,,
86th,The Act of Killing,,,,,,,,,,,,,,,,,,,,,,,,,,,,,,,,
86th,The Book Thief,,,,,,,,,,,,,,,,,,,,,,,,,,,,,,,,
86th,The Broken Circle Breakdown,,,,,,,,,,,,,,,,,,,,,,,,,,,,,,,,
86th,The Croods,,,,,,,,,,,,,,,,,,,,,,,,,,,,,,,,
86th,The Hunt,,,,,,,,,,,,,,,,,,,,,,,,,,,,,,,,
86th,The Invisible Woman,,,,,,,,,,,,,,,,,,,,,,,,,,,,,,,,
86th,The Missing Picture,,,,,,,,,,,,,,,,,,,,,,,,,,,,,,,,
86th,The Square,,,,,,,,,,,,,,,,,,,,,,,,,,,,,,,,
86th,The Voorman Problem,,,,,,,,,,,,,,,,,,,,,,,,,,,,,,,,
86th,The Wind Rises,,,,,,,,,,,,,,,,,,,,,,,,,,,,,,,,
87th,Birdman or (The Unexpected Virtue of Ignorance),,,,,,,,,,,,,,,,,,,,,,,,,,,,,,,,
87th,The Grand Budapest Hotel,,,,,,,,,,,,,,,,,,,,,,,,,,,,,,,,
87th,Whiplash,,,,,,,,,,,,,,,,,,,,,,,,,,,,,,,,
87th,The Imitation Game,,,,,,,,,,,,,,,,,,,,,,,,,,,,,,,,
87th,American Sniper,,,,,,,,,,,,,,,,,,,,,,,,,,,,,,,,
87th,Boyhood,,,,,,,,,,,,,,,,,,,,,,,,,,,,,,,,
87th,Interstellar,,,,,,,,,,,,,,,,,,,,,,,,,,,,,,,,
87th,The Theory of Everything,,,,,,,,,,,,,,,,,,,,,,,,,,,,,,,,
87th,Ida,,,,,,,,,,,,,,,,,,,,,,,,,,,,,,,,
87th,Selma,,,,,,,,,,,,,,,,,,,,,,,,,,,,,,,,
87th,Big Hero 6,,,,,,,,,,,,,,,,,,,,,,,,,,,,,,,,
87th,Citizenfour,,,,,,,,,,,,,,,,,,,,,,,,,,,,,,,,
87th,Crisis Hotline: Veterans Press 1,,,,,,,,,,,,,,,,,,,,,,,,,,,,,,,,
87th,Feast,,,,,,,,,,,,,,,,,,,,,,,,,,,,,,,,
87th,Still Alice,,,,,,,,,,,,,,,,,,,,,,,,,,,,,,,,
87th,The Phone Call,,,,,,,,,,,,,,,,,,,,,,,,,,,,,,,,
87th,Foxcatcher,,,,,,,,,,,,,,,,,,,,,,,,,,,,,,,,
87th,Mr. Turner,,,,,,,,,,,,,,,,,,,,,,,,,,,,,,,,
87th,Into the Woods,,,,,,,,,,,,,,,,,,,,,,,,,,,,,,,,
87th,Unbroken,,,,,,,,,,,,,,,,,,,,,,,,,,,,,,,,
87th,Guardians of the Galaxy,,,,,,,,,,,,,,,,,,,,,,,,,,,,,,,,
87th,Inherent Vice,,,,,,,,,,,,,,,,,,,,,,,,,,,,,,,,
87th,Wild,,,,,,,,,,,,,,,,,,,,,,,,,,,,,,,,
87th,A Single Life,,,,,,,,,,,,,,,,,,,,,,,,,,,,,,,,
87th,Aya,,,,,,,,,,,,,,,,,,,,,,,,,,,,,,,,
87th,Begin Again,,,,,,,,,,,,,,,,,,,,,,,,,,,,,,,,
87th,Beyond the Lights,,,,,,,,,,,,,,,,,,,,,,,,,,,,,,,,
87th,Boogaloo and Graham,,,,,,,,,,,,,,,,,,,,,,,,,,,,,,,,
87th,Butter Lamp,,,,,,,,,,,,,,,,,,,,,,,,,,,,,,,,
87th,Captain America: The Winter Soldier,,,,,,,,,,,,,,,,,,,,,,,,,,,,,,,,
87th,Dawn of the Planet of the Apes,,,,,,,,,,,,,,,,,,,,,,,,,,,,,,,,
87th,Finding Vivian Maier,,,,,,,,,,,,,,,,,,,,,,,,,,,,,,,,
87th,Glen Campbell: I'll Be Me,,,,,,,,,,,,,,,,,,,,,,,,,,,,,,,,
87th,Gone Girl,,,,,,,,,,,,,,,,,,,,,,,,,,,,,,,,
87th,How to Train Your Dragon 2,,,,,,,,,,,,,,,,,,,,,,,,,,,,,,,,
87th,Joanna,,,,,,,,,,,,,,,,,,,,,,,,,,,,,,,,
87th,Last Days in Vietnam,,,,,,,,,,,,,,,,,,,,,,,,,,,,,,,,
87th,Leviathan,,,,,,,,,,,,,,,,,,,,,,,,,,,,,,,,
87th,Maleficent,,,,,,,,,,,,,,,,,,,,,,,,,,,,,,,,
87th,Me and My Moulton,,,,,,,,,,,,,,,,,,,,,,,,,,,,,,,,
87th,Nightcrawler,,,,,,,,,,,,,,,,,,,,,,,,,,,,,,,,
87th,Our Curse,,,,,,,,,,,,,,,,,,,,,,,,,,,,,,,,
87th,Parvaneh,,,,,,,,,,,,,,,,,,,,,,,,,,,,,,,,
87th,Song of the Sea,,,,,,,,,,,,,,,,,,,,,,,,,,,,,,,,
87th,Tangerines,,,,,,,,,,,,,,,,,,,,,,,,,,,,,,,,
87th,The Bigger Picture,,,,,,,,,,,,,,,,,,,,,,,,,,,,,,,,
87th,The Boxtrolls,,,,,,,,,,,,,,,,,,,,,,,,,,,,,,,,
87th,The Dam Keeper,,,,,,,,,,,,,,,,,,,,,,,,,,,,,,,,
87th,The Hobbit: The Battle of the Five Armies,,,,,,,,,,,,,,,,,,,,,,,,,,,,,,,,
87th,The Judge,,,,,,,,,,,,,,,,,,,,,,,,,,,,,,,,
87th,The Lego Movie,,,,,,,,,,,,,,,,,,,,,,,,,,,,,,,,
87th,The Reaper,,,,,,,,,,,,,,,,,,,,,,,,,,,,,,,,
87th,The Salt of the Earth,,,,,,,,,,,,,,,,,,,,,,,,,,,,,,,,
87th,The Tale of the Princess Kaguya,,,,,,,,,,,,,,,,,,,,,,,,,,,,,,,,
87th,Timbuktu,,,,,,,,,,,,,,,,,,,,,,,,,,,,,,,,
87th,"Two Days, One Night",,,,,,,,,,,,,,,,,,,,,,,,,,,,,,,,
87th,Virunga,,,,,,,,,,,,,,,,,,,,,,,,,,,,,,,,
87th,White Earth,,,,,,,,,,,,,,,,,,,,,,,,,,,,,,,,
87th,Wild Tales,,,,,,,,,,,,,,,,,,,,,,,,,,,,,,,,
87th,X-Men: Days of Future Past,,,,,,,,,,,,,,,,,,,,,,,,,,,,,,,,
88th,Spotlight,,,,,,,,,,,,,,,,,,,,,,,,,,,,,,,,
88th,Mad Max: Fury Road,,,,,,,,,,,,,,,,,,,,,,,,,,,,,,,,
88th,The Revenant,,,,,,,,,,,,,,,,,,,,,,,,,,,,,,,,
88th,Bridge of Spies,,,,,,,,,,,,,,,,,,,,,,,,,,,,,,,,
88th,The Big Short,,,,,,,,,,,,,,,,,,,,,,,,,,,,,,,,
88th,Room,,,,,,,,,,,,,,,,,,,,,,,,,,,,,,,,
88th,The Danish Girl,,,,,,,,,,,,,,,,,,,,,,,,,,,,,,,,
88th,The Hateful Eight,,,,,,,,,,,,,,,,,,,,,,,,,,,,,,,,
88th,Ex Machina,,,,,,,,,,,,,,,,,,,,,,,,,,,,,,,,
88th,Inside Out,,,,,,,,,,,,,,,,,,,,,,,,,,,,,,,,
88th,A Girl in the River: The Price of Forgiveness,,,,,,,,,,,,,,,,,,,,,,,,,,,,,,,,
88th,Amy,,,,,,,,,,,,,,,,,,,,,,,,,,,,,,,,
88th,Bear Story,,,,,,,,,,,,,,,,,,,,,,,,,,,,,,,,
88th,Son of Saul,,,,,,,,,,,,,,,,,,,,,,,,,,,,,,,,
88th,Spectre,,,,,,,,,,,,,,,,,,,,,,,,,,,,,,,,
88th,Stutterer,,,,,,,,,,,,,,,,,,,,,,,,,,,,,,,,
88th,The Martian,,,,,,,,,,,,,,,,,,,,,,,,,,,,,,,,
88th,Carol,,,,,,,,,,,,,,,,,,,,,,,,,,,,,,,,
88th,Star Wars Episode VII: The Force Awakens,,,,,,,,,,,,,,,,,,,,,,,,,,,,,,,,
88th,Brooklyn,,,,,,,,,,,,,,,,,,,,,,,,,,,,,,,,
88th,Sicario,,,,,,,,,,,,,,,,,,,,,,,,,,,,,,,,
88th,Steve Jobs,,,,,,,,,,,,,,,,,,,,,,,,,,,,,,,,
88th,45 Years,,,,,,,,,,,,,,,,,,,,,,,,,,,,,,,,
88th,A War,,,,,,,,,,,,,,,,,,,,,,,,,,,,,,,,
88th,Anomalisa,,,,,,,,,,,,,,,,,,,,,,,,,,,,,,,,
88th,Ave Maria,,,,,,,,,,,,,,,,,,,,,,,,,,,,,,,,
88th,Body Team 12,,,,,,,,,,,,,,,,,,,,,,,,,,,,,,,,
88th,Boy and the World,,,,,,,,,,,,,,,,,,,,,,,,,,,,,,,,
88th,Cartel Land,,,,,,,,,,,,,,,,,,,,,,,,,,,,,,,,
88th,"Chau, Beyond the Lines",,,,,,,,,,,,,,,,,,,,,,,,,,,,,,,,
88th,Cinderella,,,,,,,,,,,,,,,,,,,,,,,,,,,,,,,,
88th,Claude Lanzmann: Spectres of the Shoah,,,,,,,,,,,,,,,,,,,,,,,,,,,,,,,,
88th,Creed,,,,,,,,,,,,,,,,,,,,,,,,,,,,,,,,
88th,Day One,,,,,,,,,,,,,,,,,,,,,,,,,,,,,,,,
88th,Embrace of the Serpent,,,,,,,,,,,,,,,,,,,,,,,,,,,,,,,,
88th,Everything Will Be Okay,,,,,,,,,,,,,,,,,,,,,,,,,,,,,,,,
88th,Fifty Shades of Grey,,,,,,,,,,,,,,,,,,,,,,,,,,,,,,,,
88th,Joy,,,,,,,,,,,,,,,,,,,,,,,,,,,,,,,,
88th,Last Day of Freedom,,,,,,,,,,,,,,,,,,,,,,,,,,,,,,,,
88th,Mustang,,,,,,,,,,,,,,,,,,,,,,,,,,,,,,,,
88th,Prologue,,,,,,,,,,,,,,,,,,,,,,,,,,,,,,,,
88th,Racing Extinction,,,,,,,,,,,,,,,,,,,,,,,,,,,,,,,,
88th,Sanjay's Super Team,,,,,,,,,,,,,,,,,,,,,,,,,,,,,,,,
88th,Shaun the Sheep Movie,,,,,,,,,,,,,,,,,,,,,,,,,,,,,,,,
88th,Shok,,,,,,,,,,,,,,,,,,,,,,,,,,,,,,,,
88th,Straight Outta Compton,,,,,,,,,,,,,,,,,,,,,,,,,,,,,,,,
88th,The 100-Year-Old Man Who Climbed Out of the Window and Disappeared,,,,,,,,,,,,,,,,,,,,,,,,,,,,,,,,
88th,The Hunting Ground,,,,,,,,,,,,,,,,,,,,,,,,,,,,,,,,
88th,The Look of Silence,,,,,,,,,,,,,,,,,,,,,,,,,,,,,,,,
88th,Theeb,,,,,,,,,,,,,,,,,,,,,,,,,,,,,,,,
88th,Trumbo,,,,,,,,,,,,,,,,,,,,,,,,,,,,,,,,
88th,We Can't Live Without Cosmos,,,,,,,,,,,,,,,,,,,,,,,,,,,,,,,,
88th,"What Happened, Miss Simone?",,,,,,,,,,,,,,,,,,,,,,,,,,,,,,,,
88th,When Marnie Was There,,,,,,,,,,,,,,,,,,,,,,,,,,,,,,,,
88th,Winter on Fire: Ukraine's Fight for Freedom,,,,,,,,,,,,,,,,,,,,,,,,,,,,,,,,
88th,World of Tomorrow,,,,,,,,,,,,,,,,,,,,,,,,,,,,,,,,
88th,Youth,,,,,,,,,,,,,,,,,,,,,,,,,,,,,,,,
89th,Moonlight,,,,,,,,,,,,,,,,,,,,,,,,,,,,,,,,
89th,La La Land,,,,,,,,,,,,,,,,,,,,,,,,,,,,,,,,
89th,Hacksaw Ridge,,,,,,,,,,,,,,,,,,,,,,,,,,,,,,,,
89th,Manchester by the Sea,,,,,,,,,,,,,,,,,,,,,,,,,,,,,,,,
89th,Arrival,,,,,,,,,,,,,,,,,,,,,,,,,,,,,,,,
89th,Fences,,,,,,,,,,,,,,,,,,,,,,,,,,,,,,,,
89th,Fantastic Beasts and Where to Find Them,,,,,,,,,,,,,,,,,,,,,,,,,,,,,,,,
89th,O.J.: Made in America,,,,,,,,,,,,,,,,,,,,,,,,,,,,,,,,
89th,Piper,,,,,,,,,,,,,,,,,,,,,,,,,,,,,,,,
89th,Sing,,,,,,,,,,,,,,,,,,,,,,,,,,,,,,,,
89th,Suicide Squad,,,,,,,,,,,,,,,,,,,,,,,,,,,,,,,,
89th,The Jungle Book,,,,,,,,,,,,,,,,,,,,,,,,,,,,,,,,
89th,The Salesman,,,,,,,,,,,,,,,,,,,,,,,,,,,,,,,,
89th,The White Helmets,,,,,,,,,,,,,,,,,,,,,,,,,,,,,,,,
89th,Zootopia,,,,,,,,,,,,,,,,,,,,,,,,,,,,,,,,
89th,Lion,,,,,,,,,,,,,,,,,,,,,,,,,,,,,,,,
89th,Hell or High Water,,,,,,,,,,,,,,,,,,,,,,,,,,,,,,,,
89th,Hidden Figures,,,,,,,,,,,,,,,,,,,,,,,,,,,,,,,,
89th,Jackie,,,,,,,,,,,,,,,,,,,,,,,,,,,,,,,,
89th,A Man Called Ove,,,,,,,,,,,,,,,,,,,,,,,,,,,,,,,,
89th,Deepwater Horizon,,,,,,,,,,,,,,,,,,,,,,,,,,,,,,,,
89th,Florence Foster Jenkins,,,,,,,,,,,,,,,,,,,,,,,,,,,,,,,,
89th,Kubo and the Two Strings,,,,,,,,,,,,,,,,,,,,,,,,,,,,,,,,
89th,Moana,,,,,,,,,,,,,,,,,,,,,,,,,,,,,,,,
89th,Passengers,,,,,,,,,,,,,,,,,,,,,,,,,,,,,,,,
89th,Rogue One: A Star Wars Story,,,,,,,,,,,,,,,,,,,,,,,,,,,,,,,,
89th,13 Hours: The Secret Soldiers of Benghazi,,,,,,,,,,,,,,,,,,,,,,,,,,,,,,,,
89th,13th,,,,,,,,,,,,,,,,,,,,,,,,,,,,,,,,
89th,20th Century Women,,,,,,,,,,,,,,,,,,,,,,,,,,,,,,,,
89th,4.1 Miles,,,,,,,,,,,,,,,,,,,,,,,,,,,,,,,,
89th,Allied,,,,,,,,,,,,,,,,,,,,,,,,,,,,,,,,
89th,Blind Vaysha,,,,,,,,,,,,,,,,,,,,,,,,,,,,,,,,
89th,Borrowed Time,,,,,,,,,,,,,,,,,,,,,,,,,,,,,,,,
89th,Captain Fantastic,,,,,,,,,,,,,,,,,,,,,,,,,,,,,,,,
89th,Doctor Strange,,,,,,,,,,,,,,,,,,,,,,,,,,,,,,,,
89th,Elle,,,,,,,,,,,,,,,,,,,,,,,,,,,,,,,,
89th,Ennemis intérieurs,,,,,,,,,,,,,,,,,,,,,,,,,,,,,,,,
89th,Extremis,,,,,,,,,,,,,,,,,,,,,,,,,,,,,,,,
89th,Fire at Sea,,,,,,,,,,,,,,,,,,,,,,,,,,,,,,,,
89th,"Hail, Caesar!",,,,,,,,,,,,,,,,,,,,,,,,,,,,,,,,
89th,I Am Not Your Negro,,,,,,,,,,,,,,,,,,,,,,,,,,,,,,,,
89th,Jim: The James Foley Story,,,,,,,,,,,,,,,,,,,,,,,,,,,,,,,,
89th,Joe's Violin,,,,,,,,,,,,,,,,,,,,,,,,,,,,,,,,
89th,La femme et le TGV,,,,,,,,,,,,,,,,,,,,,,,,,,,,,,,,
89th,Land of Mine,,,,,,,,,,,,,,,,,,,,,,,,,,,,,,,,
89th,"Life, Animated",,,,,,,,,,,,,,,,,,,,,,,,,,,,,,,,
89th,Loving,,,,,,,,,,,,,,,,,,,,,,,,,,,,,,,,
89th,My Life as a Zucchini,,,,,,,,,,,,,,,,,,,,,,,,,,,,,,,,
89th,Nocturnal Animals,,,,,,,,,,,,,,,,,,,,,,,,,,,,,,,,
89th,Pear Cider and Cigarettes,,,,,,,,,,,,,,,,,,,,,,,,,,,,,,,,
89th,Pearl,,,,,,,,,,,,,,,,,,,,,,,,,,,,,,,,
89th,Silence,,,,,,,,,,,,,,,,,,,,,,,,,,,,,,,,
89th,Silent Nights,,,,,,,,,,,,,,,,,,,,,,,,,,,,,,,,
89th,Star Trek Beyond,,,,,,,,,,,,,,,,,,,,,,,,,,,,,,,,
89th,Sully,,,,,,,,,,,,,,,,,,,,,,,,,,,,,,,,
89th,Tanna,,,,,,,,,,,,,,,,,,,,,,,,,,,,,,,,
89th,The Lobster,,,,,,,,,,,,,,,,,,,,,,,,,,,,,,,,
89th,The Red Turtle,,,,,,,,,,,,,,,,,,,,,,,,,,,,,,,,
89th,Timecode,,,,,,,,,,,,,,,,,,,,,,,,,,,,,,,,
89th,Toni Erdmann,,,,,,,,,,,,,,,,,,,,,,,,,,,,,,,,
89th,Trolls,,,,,,,,,,,,,,,,,,,,,,,,,,,,,,,,
89th,Watani: My Homeland,,,,,,,,,,,,,,,,,,,,,,,,,,,,,,,,
90th,The Shape of Water,,,,,,,,,,,,,,,,,,,,,,,,,,,,,,,,
90th,Dunkirk,,,,,,,,,,,,,,,,,,,,,,,,,,,,,,,,
90th,"Three Billboards Outside Ebbing, Missouri",,,,,,,,,,,,,,,,,,,,,,,,,,,,,,,,
90th,Darkest Hour,,,,,,,,,,,,,,,,,,,,,,,,,,,,,,,,
90th,Blade Runner 2049,,,,,,,,,,,,,,,,,,,,,,,,,,,,,,,,
90th,Coco,,,,,,,,,,,,,,,,,,,,,,,,,,,,,,,,
90th,Phantom Thread,,,,,,,,,,,,,,,,,,,,,,,,,,,,,,,,
90th,Call Me by Your Name,,,,,,,,,,,,,,,,,,,,,,,,,,,,,,,,
90th,Get Out,,,,,,,,,,,,,,,,,,,,,,,,,,,,,,,,
90th,"I, Tonya",,,,,,,,,,,,,,,,,,,,,,,,,,,,,,,,
90th,A Fantastic Woman,,,,,,,,,,,,,,,,,,,,,,,,,,,,,,,,
90th,Dear Basketball,,,,,,,,,,,,,,,,,,,,,,,,,,,,,,,,
90th,Heaven Is a Traffic Jam on the 405,,,,,,,,,,,,,,,,,,,,,,,,,,,,,,,,
90th,Icarus,,,,,,,,,,,,,,,,,,,,,,,,,,,,,,,,
90th,The Silent Child,,,,,,,,,,,,,,,,,,,,,,,,,,,,,,,,
90th,Lady Bird,,,,,,,,,,,,,,,,,,,,,,,,,,,,,,,,
90th,Mudbound,,,,,,,,,,,,,,,,,,,,,,,,,,,,,,,,
90th,Star Wars Episode VIII: The Last Jedi,,,,,,,,,,,,,,,,,,,,,,,,,,,,,,,,
90th,Baby Driver,,,,,,,,,,,,,,,,,,,,,,,,,,,,,,,,
90th,Beauty and the Beast,,,,,,,,,,,,,,,,,,,,,,,,,,,,,,,,
90th,The Post,,,,,,,,,,,,,,,,,,,,,,,,,,,,,,,,
90th,Victoria & Abdul,,,,,,,,,,,,,,,,,,,,,,,,,,,,,,,,
90th,Abacus: Small Enough to Jail,,,,,,,,,,,,,,,,,,,,,,,,,,,,,,,,
90th,All the Money in the World,,,,,,,,,,,,,,,,,,,,,,,,,,,,,,,,
90th,DeKalb Elementary,,,,,,,,,,,,,,,,,,,,,,,,,,,,,,,,
90th,Edith+Eddie,,,,,,,,,,,,,,,,,,,,,,,,,,,,,,,,
90th,Faces Places,,,,,,,,,,,,,,,,,,,,,,,,,,,,,,,,
90th,Ferdinand,,,,,,,,,,,,,,,,,,,,,,,,,,,,,,,,
90th,Garden Party,,,,,,,,,,,,,,,,,,,,,,,,,,,,,,,,
90th,Guardians of the Galaxy Vol. 2,,,,,,,,,,,,,,,,,,,,,,,,,,,,,,,,
90th,Heroin(e),,,,,,,,,,,,,,,,,,,,,,,,,,,,,,,,
90th,Knife Skills,,,,,,,,,,,,,,,,,,,,,,,,,,,,,,,,
90th,Kong: Skull Island,,,,,,,,,,,,,,,,,,,,,,,,,,,,,,,,
90th,Last Men in Aleppo,,,,,,,,,,,,,,,,,,,,,,,,,,,,,,,,
90th,Logan,,,,,,,,,,,,,,,,,,,,,,,,,,,,,,,,
90th,Lou,,,,,,,,,,,,,,,,,,,,,,,,,,,,,,,,
90th,Loveless,,,,,,,,,,,,,,,,,,,,,,,,,,,,,,,,
90th,Loving Vincent,,,,,,,,,,,,,,,,,,,,,,,,,,,,,,,,
90th,Marshall,,,,,,,,,,,,,,,,,,,,,,,,,,,,,,,,
90th,Molly's Game,,,,,,,,,,,,,,,,,,,,,,,,,,,,,,,,
90th,My Nephew Emmett,,,,,,,,,,,,,,,,,,,,,,,,,,,,,,,,
90th,Negative Space,,,,,,,,,,,,,,,,,,,,,,,,,,,,,,,,
90th,On Body and Soul,,,,,,,,,,,,,,,,,,,,,,,,,,,,,,,,
90th,Revolting Rhymes,,,,,,,,,,,,,,,,,,,,,,,,,,,,,,,,
90th,"Roman J. Israel, Esq.",,,,,,,,,,,,,,,,,,,,,,,,,,,,,,,,
90th,Strong Island,,,,,,,,,,,,,,,,,,,,,,,,,,,,,,,,
90th,The Big Sick,,,,,,,,,,,,,,,,,,,,,,,,,,,,,,,,
90th,The Boss Baby,,,,,,,,,,,,,,,,,,,,,,,,,,,,,,,,
90th,The Breadwinner,,,,,,,,,,,,,,,,,,,,,,,,,,,,,,,,
90th,The Disaster Artist,,,,,,,,,,,,,,,,,,,,,,,,,,,,,,,,
90th,The Eleven O'Clock,,,,,,,,,,,,,,,,,,,,,,,,,,,,,,,,
90th,The Florida Project,,,,,,,,,,,,,,,,,,,,,,,,,,,,,,,,
90th,The Greatest Showman,,,,,,,,,,,,,,,,,,,,,,,,,,,,,,,,
90th,The Insult,,,,,,,,,,,,,,,,,,,,,,,,,,,,,,,,
90th,The Square,,,,,,,,,,,,,,,,,,,,,,,,,,,,,,,,
90th,Traffic Stop,,,,,,,,,,,,,,,,,,,,,,,,,,,,,,,,
90th,War for the Planet of the Apes,,,,,,,,,,,,,,,,,,,,,,,,,,,,,,,,
90th,Watu Wote/All of Us,,,,,,,,,,,,,,,,,,,,,,,,,,,,,,,,
90th,Wonder,,,,,,,,,,,,,,,,,,,,,,,,,,,,,,,,
90th,Carne y Arena,,,,,,,,,,,,,,,,,,,,,,,,,,,,,,,,
91st,Green Book,,,,,,,,,,,,,,,,,,,,,,,,,,,,,,,,
91st,Bohemian Rhapsody,,,,,,,,,,,,,,,,,,,,,,,,,,,,,,,,
91st,Roma,,,,,,,,,,,,,,,,,,,,,,,,,,,,,,,,
91st,Black Panther,,,,,,,,,,,,,,,,,,,,,,,,,,,,,,,,
91st,The Favourite,,,,,,,,,,,,,,,,,,,,,,,,,,,,,,,,
91st,A Star is Born,,,,,,,,,,,,,,,,,,,,,,,,,,,,,,,,
91st,Vice,,,,,,,,,,,,,,,,,,,,,,,,,,,,,,,,
91st,BlacKkKlansman,,,,,,,,,,,,,,,,,,,,,,,,,,,,,,,,
91st,First Man,,,,,,,,,,,,,,,,,,,,,,,,,,,,,,,,
91st,If Beale Street Could Talk,,,,,,,,,,,,,,,,,,,,,,,,,,,,,,,,
91st,Bao,,,,,,,,,,,,,,,,,,,,,,,,,,,,,,,,
91st,Free Solo,,,,,,,,,,,,,,,,,,,,,,,,,,,,,,,,
91st,Period. End of Sentence.,,,,,,,,,,,,,,,,,,,,,,,,,,,,,,,,
91st,Skin,,,,,,,,,,,,,,,,,,,,,,,,,,,,,,,,
91st,Spider-Man: Into the Spider-Verse,,,,,,,,,,,,,,,,,,,,,,,,,,,,,,,,
91st,Mary Poppins Returns,,,,,,,,,,,,,,,,,,,,,,,,,,,,,,,,
91st,Can You Ever Forgive Me?,,,,,,,,,,,,,,,,,,,,,,,,,,,,,,,,
91st,Cold War,,,,,,,,,,,,,,,,,,,,,,,,,,,,,,,,
91st,The Ballad of Buster Scruggs,,,,,,,,,,,,,,,,,,,,,,,,,,,,,,,,
91st,Isle of Dogs,,,,,,,,,,,,,,,,,,,,,,,,,,,,,,,,
91st,Mary Queen of Scots,,,,,,,,,,,,,,,,,,,,,,,,,,,,,,,,
91st,Never Look Away,,,,,,,,,,,,,,,,,,,,,,,,,,,,,,,,
91st,RBG,,,,,,,,,,,,,,,,,,,,,,,,,,,,,,,,
91st,A Night at the Garden,,,,,,,,,,,,,,,,,,,,,,,,,,,,,,,,
91st,A Quiet Place,,,,,,,,,,,,,,,,,,,,,,,,,,,,,,,,
91st,Animal Behaviour,,,,,,,,,,,,,,,,,,,,,,,,,,,,,,,,
91st,At Eternity's Gate,,,,,,,,,,,,,,,,,,,,,,,,,,,,,,,,
91st,Avengers: Infinity War,,,,,,,,,,,,,,,,,,,,,,,,,,,,,,,,
91st,Black Sheep,,,,,,,,,,,,,,,,,,,,,,,,,,,,,,,,
91st,Border,,,,,,,,,,,,,,,,,,,,,,,,,,,,,,,,
91st,Capernaum,,,,,,,,,,,,,,,,,,,,,,,,,,,,,,,,
91st,Christopher Robin,,,,,,,,,,,,,,,,,,,,,,,,,,,,,,,,
91st,Detainment,,,,,,,,,,,,,,,,,,,,,,,,,,,,,,,,
91st,End Game,,,,,,,,,,,,,,,,,,,,,,,,,,,,,,,,
91st,Fauve,,,,,,,,,,,,,,,,,,,,,,,,,,,,,,,,
91st,First Reformed,,,,,,,,,,,,,,,,,,,,,,,,,,,,,,,,
91st,"Hale County This Morning, This Evening",,,,,,,,,,,,,,,,,,,,,,,,,,,,,,,,
91st,Incredibles 2,,,,,,,,,,,,,,,,,,,,,,,,,,,,,,,,
91st,Late Afternoon,,,,,,,,,,,,,,,,,,,,,,,,,,,,,,,,
91st,Lifeboat,,,,,,,,,,,,,,,,,,,,,,,,,,,,,,,,
91st,Marguerite,,,,,,,,,,,,,,,,,,,,,,,,,,,,,,,,
91st,Minding the Gap,,,,,,,,,,,,,,,,,,,,,,,,,,,,,,,,
91st,Mirai,,,,,,,,,,,,,,,,,,,,,,,,,,,,,,,,
91st,Mother,,,,,,,,,,,,,,,,,,,,,,,,,,,,,,,,
91st,Of Fathers and Sons,,,,,,,,,,,,,,,,,,,,,,,,,,,,,,,,
91st,One Small Step,,,,,,,,,,,,,,,,,,,,,,,,,,,,,,,,
91st,Ralph Breaks the Internet,,,,,,,,,,,,,,,,,,,,,,,,,,,,,,,,
91st,Ready Player One,,,,,,,,,,,,,,,,,,,,,,,,,,,,,,,,
91st,Shoplifters,,,,,,,,,,,,,,,,,,,,,,,,,,,,,,,,
91st,Solo: A Star Wars Story,,,,,,,,,,,,,,,,,,,,,,,,,,,,,,,,
91st,The Wife,,,,,,,,,,,,,,,,,,,,,,,,,,,,,,,,
91st,Weekends,,,,,,,,,,,,,,,,,,,,,,,,,,,,,,,,
92nd,Parasite,,,,,,,,,,,,,,,,,,,,,,,,,,,,,,,,
92nd,1917,,,,,,,,,,,,,,,,,,,,,,,,,,,,,,,,
92nd,Joker,,,,,,,,,,,,,,,,,,,,,,,,,,,,,,,,
92nd,Once Upon a Time in Hollywood,,,,,,,,,,,,,,,,,,,,,,,,,,,,,,,,
92nd,Ford v Ferrari,,,,,,,,,,,,,,,,,,,,,,,,,,,,,,,,
92nd,Jojo Rabbit,,,,,,,,,,,,,,,,,,,,,,,,,,,,,,,,
92nd,Little Women,,,,,,,,,,,,,,,,,,,,,,,,,,,,,,,,
92nd,Marriage Story,,,,,,,,,,,,,,,,,,,,,,,,,,,,,,,,
92nd,Bombshell,,,,,,,,,,,,,,,,,,,,,,,,,,,,,,,,
92nd,Judy,,,,,,,,,,,,,,,,,,,,,,,,,,,,,,,,
92nd,Toy Story 4,,,,,,,,,,,,,,,,,,,,,,,,,,,,,,,,
92nd,American Factory,,,,,,,,,,,,,,,,,,,,,,,,,,,,,,,,
92nd,Hair Love,,,,,,,,,,,,,,,,,,,,,,,,,,,,,,,,
92nd,Learning to Skateboard in a Warzone (If You're a Girl),,,,,,,,,,,,,,,,,,,,,,,,,,,,,,,,
92nd,Rocketman,,,,,,,,,,,,,,,,,,,,,,,,,,,,,,,,
92nd,The Neighbors' Window,,,,,,,,,,,,,,,,,,,,,,,,,,,,,,,,
92nd,The Irishman,,,,,,,,,,,,,,,,,,,,,,,,,,,,,,,,
92nd,Star Wars: The Rise of Skywalker,,,,,,,,,,,,,,,,,,,,,,,,,,,,,,,,
92nd,The Two Popes,,,,,,,,,,,,,,,,,,,,,,,,,,,,,,,,
92nd,Harriet,,,,,,,,,,,,,,,,,,,,,,,,,,,,,,,,
92nd,Honeyland,,,,,,,,,,,,,,,,,,,,,,,,,,,,,,,,
92nd,Pain and Glory,,,,,,,,,,,,,,,,,,,,,,,,,,,,,,,,
92nd,A Beautiful Day in the Neighborhood,,,,,,,,,,,,,,,,,,,,,,,,,,,,,,,,
92nd,A Sister,,,,,,,,,,,,,,,,,,,,,,,,,,,,,,,,
92nd,Ad Astra,,,,,,,,,,,,,,,,,,,,,,,,,,,,,,,,
92nd,Avengers: Endgame,,,,,,,,,,,,,,,,,,,,,,,,,,,,,,,,
92nd,Breakthrough,,,,,,,,,,,,,,,,,,,,,,,,,,,,,,,,
92nd,Brotherhood,,,,,,,,,,,,,,,,,,,,,,,,,,,,,,,,
92nd,Corpus Christi,,,,,,,,,,,,,,,,,,,,,,,,,,,,,,,,
92nd,Dcera (Daughter),,,,,,,,,,,,,,,,,,,,,,,,,,,,,,,,
92nd,For Sama,,,,,,,,,,,,,,,,,,,,,,,,,,,,,,,,
92nd,Frozen II,,,,,,,,,,,,,,,,,,,,,,,,,,,,,,,,
92nd,How to Train Your Dragon: The Hidden World,,,,,,,,,,,,,,,,,,,,,,,,,,,,,,,,
92nd,I Lost My Body,,,,,,,,,,,,,,,,,,,,,,,,,,,,,,,,
92nd,In the Absence,,,,,,,,,,,,,,,,,,,,,,,,,,,,,,,,
92nd,Kitbull,,,,,,,,,,,,,,,,,,,,,,,,,,,,,,,,
92nd,Klaus,,,,,,,,,,,,,,,,,,,,,,,,,,,,,,,,
92nd,Knives Out,,,,,,,,,,,,,,,,,,,,,,,,,,,,,,,,
92nd,Les Misérables,,,,,,,,,,,,,,,,,,,,,,,,,,,,,,,,
92nd,Life Overtakes Me,,,,,,,,,,,,,,,,,,,,,,,,,,,,,,,,
92nd,Maleficent: Mistress of Evil,,,,,,,,,,,,,,,,,,,,,,,,,,,,,,,,
92nd,Mémorable,,,,,,,,,,,,,,,,,,,,,,,,,,,,,,,,
92nd,Missing Link,,,,,,,,,,,,,,,,,,,,,,,,,,,,,,,,
92nd,Nefta Football Club,,,,,,,,,,,,,,,,,,,,,,,,,,,,,,,,
92nd,Richard Jewell,,,,,,,,,,,,,,,,,,,,,,,,,,,,,,,,
92nd,Saria,,,,,,,,,,,,,,,,,,,,,,,,,,,,,,,,
92nd,Sister,,,,,,,,,,,,,,,,,,,,,,,,,,,,,,,,
92nd,St. Louis Superman,,,,,,,,,,,,,,,,,,,,,,,,,,,,,,,,
92nd,The Cave,,,,,,,,,,,,,,,,,,,,,,,,,,,,,,,,
92nd,The Edge of Democracy,,,,,,,,,,,,,,,,,,,,,,,,,,,,,,,,
92nd,The Lighthouse,,,,,,,,,,,,,,,,,,,,,,,,,,,,,,,,
92nd,The Lion King,,,,,,,,,,,,,,,,,,,,,,,,,,,,,,,,
92nd,Walk Run Cha-Cha,,,,,,,,,,,,,,,,,,,,,,,,,,,,,,,,
93rd,Nomadland,,,,,,,,,,,,,,,,,,,,,,,,,,,,,,,,
93rd,Mank,,,,,,,,,,,,,,,,,,,,,,,,,,,,,,,,
93rd,Judas and the Black Messiah,,,,,,,,,,,,,,,,,,,,,,,,,,,,,,,,
93rd,Sound of Metal,,,,,,,,,,,,,,,,,,,,,,,,,,,,,,,,
93rd,The Father,,,,,,,,,,,,,,,,,,,,,,,,,,,,,,,,
93rd,Ma Rainey's Black Bottom,,,,,,,,,,,,,,,,,,,,,,,,,,,,,,,,
93rd,Soul,,,,,,,,,,,,,,,,,,,,,,,,,,,,,,,,
93rd,Minari,,,,,,,,,,,,,,,,,,,,,,,,,,,,,,,,
93rd,Promising Young Woman,,,,,,,,,,,,,,,,,,,,,,,,,,,,,,,,
93rd,Another Round,,,,,,,,,,,,,,,,,,,,,,,,,,,,,,,,
93rd,Tenet,,,,,,,,,,,,,,,,,,,,,,,,,,,,,,,,
93rd,Colette,,,,,,,,,,,,,,,,,,,,,,,,,,,,,,,,
93rd,If Anything Happens I Love You,,,,,,,,,,,,,,,,,,,,,,,,,,,,,,,,
93rd,My Octopus Teacher,,,,,,,,,,,,,,,,,,,,,,,,,,,,,,,,
93rd,Two Distant Strangers,,,,,,,,,,,,,,,,,,,,,,,,,,,,,,,,
93rd,The Trial of the Chicago 7,,,,,,,,,,,,,,,,,,,,,,,,,,,,,,,,
93rd,News of the World,,,,,,,,,,,,,,,,,,,,,,,,,,,,,,,,
93rd,One Night in Miami,,,,,,,,,,,,,,,,,,,,,,,,,,,,,,,,
93rd,Borat Subsequent Moviefilm: Delivery of Prodigious Bribe to American Regime for Make Benefit Once Glorious Nation of Kazakhstan,,,,,,,,,,,,,,,,,,,,,,,,,,,,,,,,
93rd,Collective,,,,,,,,,,,,,,,,,,,,,,,,,,,,,,,,
93rd,Emma,,,,,,,,,,,,,,,,,,,,,,,,,,,,,,,,
93rd,Hillbilly Elegy,,,,,,,,,,,,,,,,,,,,,,,,,,,,,,,,
93rd,Mulan,,,,,,,,,,,,,,,,,,,,,,,,,,,,,,,,
93rd,Pinocchio,,,,,,,,,,,,,,,,,,,,,,,,,,,,,,,,
93rd,A Concerto Is a Conversation,,,,,,,,,,,,,,,,,,,,,,,,,,,,,,,,
93rd,A Love Song for Latasha,,,,,,,,,,,,,,,,,,,,,,,,,,,,,,,,
93rd,A Shaun the Sheep Movie: Farmageddon,,,,,,,,,,,,,,,,,,,,,,,,,,,,,,,,
93rd,Better Days,,,,,,,,,,,,,,,,,,,,,,,,,,,,,,,,
93rd,Burrow,,,,,,,,,,,,,,,,,,,,,,,,,,,,,,,,
93rd,Crip Camp,,,,,,,,,,,,,,,,,,,,,,,,,,,,,,,,
93rd,Da 5 Bloods,,,,,,,,,,,,,,,,,,,,,,,,,,,,,,,,
93rd,Do Not Split,,,,,,,,,,,,,,,,,,,,,,,,,,,,,,,,
93rd,Eurovision Song Contest: The Story of Fire Saga,,,,,,,,,,,,,,,,,,,,,,,,,,,,,,,,
93rd,Feeling Through,,,,,,,,,,,,,,,,,,,,,,,,,,,,,,,,
93rd,Genius Loci,,,,,,,,,,,,,,,,,,,,,,,,,,,,,,,,
93rd,Greyhound,,,,,,,,,,,,,,,,,,,,,,,,,,,,,,,,
93rd,Hunger Ward,,,,,,,,,,,,,,,,,,,,,,,,,,,,,,,,
93rd,Love and Monsters,,,,,,,,,,,,,,,,,,,,,,,,,,,,,,,,
93rd,Onward,,,,,,,,,,,,,,,,,,,,,,,,,,,,,,,,
93rd,Opera,,,,,,,,,,,,,,,,,,,,,,,,,,,,,,,,
93rd,Over the Moon,,,,,,,,,,,,,,,,,,,,,,,,,,,,,,,,
93rd,Pieces of a Woman,,,,,,,,,,,,,,,,,,,,,,,,,,,,,,,,
93rd,"Quo Vadis, Aida?",,,,,,,,,,,,,,,,,,,,,,,,,,,,,,,,
93rd,The Letter Room,,,,,,,,,,,,,,,,,,,,,,,,,,,,,,,,
93rd,The Life Ahead,,,,,,,,,,,,,,,,,,,,,,,,,,,,,,,,
93rd,The Man Who Sold His Skin,,,,,,,,,,,,,,,,,,,,,,,,,,,,,,,,
93rd,The Midnight Sky,,,,,,,,,,,,,,,,,,,,,,,,,,,,,,,,
93rd,The Mole Agent,,,,,,,,,,,,,,,,,,,,,,,,,,,,,,,,
93rd,The One and Only Ivan,,,,,,,,,,,,,,,,,,,,,,,,,,,,,,,,
93rd,The Present,,,,,,,,,,,,,,,,,,,,,,,,,,,,,,,,
93rd,The United States vs. Billie Holiday,,,,,,,,,,,,,,,,,,,,,,,,,,,,,,,,
93rd,The White Tiger,,,,,,,,,,,,,,,,,,,,,,,,,,,,,,,,
93rd,Time,,,,,,,,,,,,,,,,,,,,,,,,,,,,,,,,
93rd,White Eye,,,,,,,,,,,,,,,,,,,,,,,,,,,,,,,,
93rd,Wolfwalkers,,,,,,,,,,,,,,,,,,,,,,,,,,,,,,,,
93rd,Yes-People,,,,,,,,,,,,,,,,,,,,,,,,,,,,,,,,
94th,CODA,,,,,,,,,,,,,,,,,,,,,,,,,,,,,,,,
94th,Dune,,,,,,,,,,,,,,,,,,,,,,,,,,,,,,,,
94th,The Eyes of Tammy Faye,,,,,,,,,,,,,,,,,,,,,,,,,,,,,,,,
94th,The Power of the Dog,,,,,,,,,,,,,,,,,,,,,,,,,,,,,,,,
94th,Belfast,,,,,,,,,,,,,,,,,,,,,,,,,,,,,,,,
94th,West Side Story,,,,,,,,,,,,,,,,,,,,,,,,,,,,,,,,
94th,King Richard,,,,,,,,,,,,,,,,,,,,,,,,,,,,,,,,
94th,Drive My Car,,,,,,,,,,,,,,,,,,,,,,,,,,,,,,,,
94th,Encanto,,,,,,,,,,,,,,,,,,,,,,,,,,,,,,,,
94th,No Time to Die,,,,,,,,,,,,,,,,,,,,,,,,,,,,,,,,
94th,Cruella,,,,,,,,,,,,,,,,,,,,,,,,,,,,,,,,
94th,"Summer of Soul (...Or, When the Revolution Could Not Be Televised)",,,,,,,,,,,,,,,,,,,,,,,,,,,,,,,,
94th,The Long Goodbye,,,,,,,,,,,,,,,,,,,,,,,,,,,,,,,,
94th,The Queen of Basketball,,,,,,,,,,,,,,,,,,,,,,,,,,,,,,,,
94th,The Windshield Wiper,,,,,,,,,,,,,,,,,,,,,,,,,,,,,,,,
94th,Don't Look Up,,,,,,,,,,,,,,,,,,,,,,,,,,,,,,,,
94th,Nightmare Alley,,,,,,,,,,,,,,,,,,,,,,,,,,,,,,,,
94th,Being the Ricardos,,,,,,,,,,,,,,,,,,,,,,,,,,,,,,,,
94th,Flee,,,,,,,,,,,,,,,,,,,,,,,,,,,,,,,,
94th,Licorice Pizza,,,,,,,,,,,,,,,,,,,,,,,,,,,,,,,,
94th,The Lost Daughter,,,,,,,,,,,,,,,,,,,,,,,,,,,,,,,,
94th,The Tragedy of Macbeth,,,,,,,,,,,,,,,,,,,,,,,,,,,,,,,,
94th,Parallel Mothers,,,,,,,,,,,,,,,,,,,,,,,,,,,,,,,,
94th,The Worst Person in the World,,,,,,,,,,,,,,,,,,,,,,,,,,,,,,,,
94th,"Tick, Tick... Boom!",,,,,,,,,,,,,,,,,,,,,,,,,,,,,,,,
94th,Affairs of the Art,,,,,,,,,,,,,,,,,,,,,,,,,,,,,,,,
94th,Ala Kachuu – Take and Run,,,,,,,,,,,,,,,,,,,,,,,,,,,,,,,,
94th,Ascension,,,,,,,,,,,,,,,,,,,,,,,,,,,,,,,,
94th,Attica,,,,,,,,,,,,,,,,,,,,,,,,,,,,,,,,
94th,Audible,,,,,,,,,,,,,,,,,,,,,,,,,,,,,,,,
94th,Bestia,,,,,,,,,,,,,,,,,,,,,,,,,,,,,,,,
94th,Boxballet,,,,,,,,,,,,,,,,,,,,,,,,,,,,,,,,
94th,Coming 2 America,,,,,,,,,,,,,,,,,,,,,,,,,,,,,,,,
94th,Cyrano,,,,,,,,,,,,,,,,,,,,,,,,,,,,,,,,
94th,Four Good Days,,,,,,,,,,,,,,,,,,,,,,,,,,,,,,,,
94th,Free Guy,,,,,,,,,,,,,,,,,,,,,,,,,,,,,,,,
94th,House of Gucci,,,,,,,,,,,,,,,,,,,,,,,,,,,,,,,,
94th,Lead Me Home,,,,,,,,,,,,,,,,,,,,,,,,,,,,,,,,
94th,Luca,,,,,,,,,,,,,,,,,,,,,,,,,,,,,,,,
94th,Lunana: A Yak in the Classroom,,,,,,,,,,,,,,,,,,,,,,,,,,,,,,,,
94th,On My Mind,,,,,,,,,,,,,,,,,,,,,,,,,,,,,,,,
94th,Please Hold,,,,,,,,,,,,,,,,,,,,,,,,,,,,,,,,
94th,Raya and the Last Dragon,,,,,,,,,,,,,,,,,,,,,,,,,,,,,,,,
94th,Robin Robin,,,,,,,,,,,,,,,,,,,,,,,,,,,,,,,,
94th,Shang-Chi and the Legend of the Ten Rings,,,,,,,,,,,,,,,,,,,,,,,,,,,,,,,,
94th,Spencer,,,,,,,,,,,,,,,,,,,,,,,,,,,,,,,,
94th,Spider-Man: No Way Home,,,,,,,,,,,,,,,,,,,,,,,,,,,,,,,,
94th,The Dress,,,,,,,,,,,,,,,,,,,,,,,,,,,,,,,,
94th,The Hand of God,,,,,,,,,,,,,,,,,,,,,,,,,,,,,,,,
94th,The Mitchells vs. the Machines,,,,,,,,,,,,,,,,,,,,,,,,,,,,,,,,
94th,Three Songs for Benazir,,,,,,,,,,,,,,,,,,,,,,,,,,,,,,,,
94th,When We Were Bullies,,,,,,,,,,,,,,,,,,,,,,,,,,,,,,,,
94th,Writing with Fire,,,,,,,,,,,,,,,,,,,,,,,,,,,,,,,,
95th,Everything Everywhere All at Once,,,,,,,,,,,,,,,,,,,,,,,,,,,,,,,,
95th,All Quiet on the Western Front,,,,,,,,,,,,,,,,,,,,,,,,,,,,,,,,
95th,The Whale,,,,,,,,,,,,,,,,,,,,,,,,,,,,,,,,
95th,Top Gun: Maverick,,,,,,,,,,,,,,,,,,,,,,,,,,,,,,,,
95th,Black Panther: Wakanda Forever,,,,,,,,,,,,,,,,,,,,,,,,,,,,,,,,
95th,Avatar: The Way of Water,,,,,,,,,,,,,,,,,,,,,,,,,,,,,,,,
95th,Women Talking,,,,,,,,,,,,,,,,,,,,,,,,,,,,,,,,
95th,An Irish Goodbye,,,,,,,,,,,,,,,,,,,,,,,,,,,,,,,,
95th,Navalny,,,,,,,,,,,,,,,,,,,,,,,,,,,,,,,,
95th,Guillermo del Toro's Pinocchio,,,,,,,,,,,,,,,,,,,,,,,,,,,,,,,,
95th,RRR,,,,,,,,,,,,,,,,,,,,,,,,,,,,,,,,
95th,"The Boy, the Mole, the Fox and the Horse",,,,,,,,,,,,,,,,,,,,,,,,,,,,,,,,
95th,The Elephant Whisperers,,,,,,,,,,,,,,,,,,,,,,,,,,,,,,,,
95th,The Banshees of Inisherin,,,,,,,,,,,,,,,,,,,,,,,,,,,,,,,,
95th,Elvis,,,,,,,,,,,,,,,,,,,,,,,,,,,,,,,,
95th,The Fabelmans,,,,,,,,,,,,,,,,,,,,,,,,,,,,,,,,
95th,Tár,,,,,,,,,,,,,,,,,,,,,,,,,,,,,,,,
95th,Babylon,,,,,,,,,,,,,,,,,,,,,,,,,,,,,,,,
95th,The Batman,,,,,,,,,,,,,,,,,,,,,,,,,,,,,,,,
95th,Triangle of Sadness,,,,,,,,,,,,,,,,,,,,,,,,,,,,,,,,
95th,Living,,,,,,,,,,,,,,,,,,,,,,,,,,,,,,,,
95th,A House Made of Splinters,,,,,,,,,,,,,,,,,,,,,,,,,,,,,,,,
95th,Aftersun,,,,,,,,,,,,,,,,,,,,,,,,,,,,,,,,
95th,All That Breathes,,,,,,,,,,,,,,,,,,,,,,,,,,,,,,,,
95th,All the Beauty and the Bloodshed,,,,,,,,,,,,,,,,,,,,,,,,,,,,,,,,
95th,An Ostrich Told Me the World Is Fake and I Think I Believe It,,,,,,,,,,,,,,,,,,,,,,,,,,,,,,,,
95th,"Argentina, 1985",,,,,,,,,,,,,,,,,,,,,,,,,,,,,,,,
95th,"Bardo, False Chronicle of a Handful of Truths",,,,,,,,,,,,,,,,,,,,,,,,,,,,,,,,
95th,Blonde,,,,,,,,,,,,,,,,,,,,,,,,,,,,,,,,
95th,Causeway,,,,,,,,,,,,,,,,,,,,,,,,,,,,,,,,
95th,Close,,,,,,,,,,,,,,,,,,,,,,,,,,,,,,,,
95th,Empire of Light,,,,,,,,,,,,,,,,,,,,,,,,,,,,,,,,
95th,EO,,,,,,,,,,,,,,,,,,,,,,,,,,,,,,,,
95th,Fire of Love,,,,,,,,,,,,,,,,,,,,,,,,,,,,,,,,
95th,Glass Onion: A Knives Out Mystery,,,,,,,,,,,,,,,,,,,,,,,,,,,,,,,,
95th,Haulout,,,,,,,,,,,,,,,,,,,,,,,,,,,,,,,,
95th,How Do You Measure a Year?,,,,,,,,,,,,,,,,,,,,,,,,,,,,,,,,
95th,Ice Merchants,,,,,,,,,,,,,,,,,,,,,,,,,,,,,,,,
95th,Ivalu,,,,,,,,,,,,,,,,,,,,,,,,,,,,,,,,
95th,Le pupille,,,,,,,,,,,,,,,,,,,,,,,,,,,,,,,,
95th,Marcel the Shell with Shoes On,,,,,,,,,,,,,,,,,,,,,,,,,,,,,,,,
95th,Mrs. Harris Goes to Paris,,,,,,,,,,,,,,,,,,,,,,,,,,,,,,,,
95th,My Year of Dicks,,,,,,,,,,,,,,,,,,,,,,,,,,,,,,,,
95th,Night Ride,,,,,,,,,,,,,,,,,,,,,,,,,,,,,,,,
95th,Puss in Boots: The Last Wish,,,,,,,,,,,,,,,,,,,,,,,,,,,,,,,,
95th,Stranger at the Gate,,,,,,,,,,,,,,,,,,,,,,,,,,,,,,,,
95th,Tell It Like a Woman,,,,,,,,,,,,,,,,,,,,,,,,,,,,,,,,
95th,The Flying Sailor,,,,,,,,,,,,,,,,,,,,,,,,,,,,,,,,
95th,The Martha Mitchell Effect,,,,,,,,,,,,,,,,,,,,,,,,,,,,,,,,
95th,The Quiet Girl,,,,,,,,,,,,,,,,,,,,,,,,,,,,,,,,
95th,The Red Suitcase,,,,,,,,,,,,,,,,,,,,,,,,,,,,,,,,
95th,The Sea Beast,,,,,,,,,,,,,,,,,,,,,,,,,,,,,,,,
95th,To Leslie,,,,,,,,,,,,,,,,,,,,,,,,,,,,,,,,
95th,Turning Red,,,,,,,,,,,,,,,,,,,,,,,,,,,,,,,,
96th,Oppenheimer,,,,,,,,,,,,,,,,,,,,,,,,,,,,,,,,
96th,Poor Things,,,,,,,,,,,,,,,,,,,,,,,,,,,,,,,,
96th,The Zone of Interest,,,,,,,,,,,,,,,,,,,,,,,,,,,,,,,,
96th,Barbie,,,,,,,,,,,,,,,,,,,,,,,,,,,,,,,,
96th,American Fiction,,,,,,,,,,,,,,,,,,,,,,,,,,,,,,,,
96th,Anatomy of a Fall,,,,,,,,,,,,,,,,,,,,,,,,,,,,,,,,
96th,The Holdovers,,,,,,,,,,,,,,,,,,,,,,,,,,,,,,,,
96th,20 Days in Mariupol,,,,,,,,,,,,,,,,,,,,,,,,,,,,,,,,
96th,Godzilla Minus One,,,,,,,,,,,,,,,,,,,,,,,,,,,,,,,,
96th,The Boy and the Heron,,,,,,,,,,,,,,,,,,,,,,,,,,,,,,,,
96th,The Last Repair Shop,,,,,,,,,,,,,,,,,,,,,,,,,,,,,,,,
96th,The Wonderful Story of Henry Sugar,,,,,,,,,,,,,,,,,,,,,,,,,,,,,,,,
96th,War Is Over!,,,,,,,,,,,,,,,,,,,,,,,,,,,,,,,,
96th,Killers of the Flower Moon,,,,,,,,,,,,,,,,,,,,,,,,,,,,,,,,
96th,Maestro,,,,,,,,,,,,,,,,,,,,,,,,,,,,,,,,
96th,Napoleon,,,,,,,,,,,,,,,,,,,,,,,,,,,,,,,,
96th,Mission: Impossible – Dead Reckoning Part One,,,,,,,,,,,,,,,,,,,,,,,,,,,,,,,,
96th,Nyad,,,,,,,,,,,,,,,,,,,,,,,,,,,,,,,,
96th,Past Lives,,,,,,,,,,,,,,,,,,,,,,,,,,,,,,,,
96th,Society of the Snow,,,,,,,,,,,,,,,,,,,,,,,,,,,,,,,,
96th,The Creator,,,,,,,,,,,,,,,,,,,,,,,,,,,,,,,,
96th,American Symphony,,,,,,,,,,,,,,,,,,,,,,,,,,,,,,,,
96th,Bobi Wine: The People's President,,,,,,,,,,,,,,,,,,,,,,,,,,,,,,,,
96th,El Conde,,,,,,,,,,,,,,,,,,,,,,,,,,,,,,,,
96th,Elemental,,,,,,,,,,,,,,,,,,,,,,,,,,,,,,,,
96th,Flamin' Hot,,,,,,,,,,,,,,,,,,,,,,,,,,,,,,,,
96th,Four Daughters,,,,,,,,,,,,,,,,,,,,,,,,,,,,,,,,
96th,Golda,,,,,,,,,,,,,,,,,,,,,,,,,,,,,,,,
96th,Guardians of the Galaxy Vol. 3,,,,,,,,,,,,,,,,,,,,,,,,,,,,,,,,
96th,Indiana Jones and the Dial of Destiny,,,,,,,,,,,,,,,,,,,,,,,,,,,,,,,,
96th,Invincible,,,,,,,,,,,,,,,,,,,,,,,,,,,,,,,,
96th,Io capitano,,,,,,,,,,,,,,,,,,,,,,,,,,,,,,,,
96th,Island in Between,,,,,,,,,,,,,,,,,,,,,,,,,,,,,,,,
96th,Knight of Fortune,,,,,,,,,,,,,,,,,,,,,,,,,,,,,,,,
96th,Letter to a Pig,,,,,,,,,,,,,,,,,,,,,,,,,,,,,,,,
96th,May December,,,,,,,,,,,,,,,,,,,,,,,,,,,,,,,,
96th,Nǎi Nai & Wài Pó,,,,,,,,,,,,,,,,,,,,,,,,,,,,,,,,
96th,Nimona,,,,,,,,,,,,,,,,,,,,,,,,,,,,,,,,
96th,Ninety-Five Senses,,,,,,,,,,,,,,,,,,,,,,,,,,,,,,,,
96th,Our Uniform,,,,,,,,,,,,,,,,,,,,,,,,,,,,,,,,
96th,Pachyderme,,,,,,,,,,,,,,,,,,,,,,,,,,,,,,,,
96th,Perfect Days,,,,,,,,,,,,,,,,,,,,,,,,,,,,,,,,
96th,"Red, White and Blue",,,,,,,,,,,,,,,,,,,,,,,,,,,,,,,,
96th,Robot Dreams,,,,,,,,,,,,,,,,,,,,,,,,,,,,,,,,
96th,Rustin,,,,,,,,,,,,,,,,,,,,,,,,,,,,,,,,
96th,Spider-Man: Across the Spider-Verse,,,,,,,,,,,,,,,,,,,,,,,,,,,,,,,,
96th,The ABCs of Book Banning,,,,,,,,,,,,,,,,,,,,,,,,,,,,,,,,
96th,The After,,,,,,,,,,,,,,,,,,,,,,,,,,,,,,,,
96th,The Barber of Little Rock,,,,,,,,,,,,,,,,,,,,,,,,,,,,,,,,
96th,The Color Purple,,,,,,,,,,,,,,,,,,,,,,,,,,,,,,,,
96th,The Eternal Memory,,,,,,,,,,,,,,,,,,,,,,,,,,,,,,,,
96th,The Teachers' Lounge,,,,,,,,,,,,,,,,,,,,,,,,,,,,,,,,
96th,To Kill a Tiger,,,,,,,,,,,,,,,,,,,,,,,,,,,,,,,,
97th,Emilia Pérez,,,,,,,,,,,,,,,,,,,,,,,,,,,,,,,,
97th,The Brutalist,,,,,,,,,,,,,,,,,,,,,,,,,,,,,,,,
97th,Wicked,,,,,,,,,,,,,,,,,,,,,,,,,,,,,,,,
97th,A Complete Unknown,,,,,,,,,,,,,,,,,,,,,,,,,,,,,,,,
97th,Conclave,,,,,,,,,,,,,,,,,,,,,,,,,,,,,,,,
97th,Anora,,,,,,,,,,,,,,,,,,,,,,,,,,,,,,,,
97th,Dune: Part Two,,,,,,,,,,,,,,,,,,,,,,,,,,,,,,,,
97th,The Substance,,,,,,,,,,,,,,,,,,,,,,,,,,,,,,,,
97th,Nosferatu,,,,,,,,,,,,,,,,,,,,,,,,,,,,,,,,
97th,I'm Still Here,,,,,,,,,,,,,,,,,,,,,,,,,,,,,,,,
97th,Sing Sing,,,,,,,,,,,,,,,,,,,,,,,,,,,,,,,,
97th,The Wild Robot,,,,,,,,,,,,,,,,,,,,,,,,,,,,,,,,
97th,A Real Pain,,,,,,,,,,,,,,,,,,,,,,,,,,,,,,,,
97th,Flow,,,,,,,,,,,,,,,,,,,,,,,,,,,,,,,,
97th,Nickel Boys,,,,,,,,,,,,,,,,,,,,,,,,,,,,,,,,
97th,The Apprentice,,,,,,,,,,,,,,,,,,,,,,,,,,,,,,,,
97th,A Different Man,,,,,,,,,,,,,,,,,,,,,,,,,,,,,,,,
97th,A Lien,,,,,,,,,,,,,,,,,,,,,,,,,,,,,,,,
97th,Alien: Romulus,,,,,,,,,,,,,,,,,,,,,,,,,,,,,,,,
97th,Anuja,,,,,,,,,,,,,,,,,,,,,,,,,,,,,,,,
97th,Beautiful Men,,,,,,,,,,,,,,,,,,,,,,,,,,,,,,,,
97th,Better Man,,,,,,,,,,,,,,,,,,,,,,,,,,,,,,,,
97th,Black Box Diaries,,,,,,,,,,,,,,,,,,,,,,,,,,,,,,,,
97th,Death by Numbers,,,,,,,,,,,,,,,,,,,,,,,,,,,,,,,,
97th,Elton John: Never Too Late,,,,,,,,,,,,,,,,,,,,,,,,,,,,,,,,
97th,Gladiator II,,,,,,,,,,,,,,,,,,,,,,,,,,,,,,,,
97th,"I Am Ready, Warden",,,,,,,,,,,,,,,,,,,,,,,,,,,,,,,,
97th,I'm Not a Robot,,,,,,,,,,,,,,,,,,,,,,,,,,,,,,,,
97th,In the Shadow of the Cypress,,,,,,,,,,,,,,,,,,,,,,,,,,,,,,,,
97th,Incident,,,,,,,,,,,,,,,,,,,,,,,,,,,,,,,,
97th,Inside Out 2,,,,,,,,,,,,,,,,,,,,,,,,,,,,,,,,
97th,Instruments of a Beating Heart,,,,,,,,,,,,,,,,,,,,,,,,,,,,,,,,
97th,Kingdom of the Planet of the Apes,,,,,,,,,,,,,,,,,,,,,,,,,,,,,,,,
97th,Magic Candies,,,,,,,,,,,,,,,,,,,,,,,,,,,,,,,,
97th,Maria,,,,,,,,,,,,,,,,,,,,,,,,,,,,,,,,
97th,Memoir of a Snail,,,,,,,,,,,,,,,,,,,,,,,,,,,,,,,,
97th,No Other Land,,,,,,,,,,,,,,,,,,,,,,,,,,,,,,,,
97th,Porcelain War,,,,,,,,,,,,,,,,,,,,,,,,,,,,,,,,
97th,September 5,,,,,,,,,,,,,,,,,,,,,,,,,,,,,,,,
97th,Soundtrack to a Coup d'Etat,,,,,,,,,,,,,,,,,,,,,,,,,,,,,,,,
97th,Sugarcane,,,,,,,,,,,,,,,,,,,,,,,,,,,,,,,,
97th,The Girl with the Needle,,,,,,,,,,,,,,,,,,,,,,,,,,,,,,,,
97th,The Last Ranger,,,,,,,,,,,,,,,,,,,,,,,,,,,,,,,,
97th,The Man Who Could Not Remain Silent,,,,,,,,,,,,,,,,,,,,,,,,,,,,,,,,
97th,The Only Girl in the Orchestra,,,,,,,,,,,,,,,,,,,,,,,,,,,,,,,,
97th,The Seed of the Sacred Fig,,,,,,,,,,,,,,,,,,,,,,,,,,,,,,,,
97th,The Six Triple Eight,,,,,,,,,,,,,,,,,,,,,,,,,,,,,,,,
97th,Wallace & Gromit: Vengeance Most Fowl,,,,,,,,,,,,,,,,,,,,,,,,,,,,,,,,
97th,Wander to Wonder,,,,,,,,,,,,,,,,,,,,,,,,,,,,,,,,
97th,Yuck!,,,,,,,,,,,,,,,,,,,,,,,,,,,,,,,,
98th,Sinners,,,,,,,,,,,,,,,,,,,,,,,,,,,,,,,,
98th,One Battle After Another,,,,,,,,,,,,,,,,,,,,,,,,,,,,,,,,
98th,Frankenstein,,,,,,,,,,,,,,,,,,,,,,,,,,,,,,,,
98th,Marty Supreme,,,,,,,,,,,,,,,,,,,,,,,,,,,,,,,,
98th,Sentimental Value,,,,,,,,,,,,,,,,,,,,,,,,,,,,,,,,
98th,Hamnet,,,,,,,,,,,,,,,,,,,,,,,,,,,,,,,,
98th,Bugonia,,,,,,,,,,,,,,,,,,,,,,,,,,,,,,,,
98th,F1,,,,,,,,,,,,,,,,,,,,,,,,,,,,,,,,
98th,The Secret Agent,,,,,,,,,,,,,,,,,,,,,,,,,,,,,,,,
98th,Train Dreams,,,,,,,,,,,,,,,,,,,,,,,,,,,,,,,,
98th,Avatar: Fire and Ash,,,,,,,,,,,,,,,,,,,,,,,,,,,,,,,,
98th,Blue Moon,,,,,,,,,,,,,,,,,,,,,,,,,,,,,,,,
98th,KPop Demon Hunters,,,,,,,,,,,,,,,,,,,,,,,,,,,,,,,,
98th,It Was Just an Accident,,,,,,,,,,,,,,,,,,,,,,,,,,,,,,,,
98th,Sirāt,,,,,,,,,,,,,,,,,,,,,,,,,,,,,,,,
98th,A Friend of Dorothy,,,,,,,,,,,,,,,,,,,,,,,,,,,,,,,,
98th,All the Empty Rooms,,,,,,,,,,,,,,,,,,,,,,,,,,,,,,,,
98th,Arco,,,,,,,,,,,,,,,,,,,,,,,,,,,,,,,,
98th,Armed Only with a Camera: The Life and Death of Brent Renaud,,,,,,,,,,,,,,,,,,,,,,,,,,,,,,,,
98th,"Children No More: ""Were and Are Gone""",,,,,,,,,,,,,,,,,,,,,,,,,,,,,,,,
98th,Come See Me in the Good Light,,,,,,,,,,,,,,,,,,,,,,,,,,,,,,,,
98th,Cutting Through Rocks,,,,,,,,,,,,,,,,,,,,,,,,,,,,,,,,
98th,Butcher's Stain,,,,,,,,,,,,,,,,,,,,,,,,,,,,,,,,
98th,Butterfly,,,,,,,,,,,,,,,,,,,,,,,,,,,,,,,,
98th,Diane Warren: Relentless,,,,,,,,,,,,,,,,,,,,,,,,,,,,,,,,
98th,Elio,,,,,,,,,,,,,,,,,,,,,,,,,,,,,,,,
98th,Forevergreen,,,,,,,,,,,,,,,,,,,,,,,,,,,,,,,,
98th,Jurassic World Rebirth,,,,,,,,,,,,,,,,,,,,,,,,,,,,,,,,
98th,Jane Austen's Period Drama,,,,,,,,,,,,,,,,,,,,,,,,,,,,,,,,
98th,If I Had Legs I'd Kick You,,,,,,,,,,,,,,,,,,,,,,,,,,,,,,,,
98th,Kokuho,,,,,,,,,,,,,,,,,,,,,,,,,,,,,,,,
98th,Little Amélie or the Character of Rain,,,,,,,,,,,,,,,,,,,,,,,,,,,,,,,,
98th,Mr. Nobody Against Putin,,,,,,,,,,,,,,,,,,,,,,,,,,,,,,,,
98th,Perfectly a Strangeness,,,,,,,,,,,,,,,,,,,,,,,,,,,,,,,,
98th,Retirement Plan,,,,,,,,,,,,,,,,,,,,,,,,,,,,,,,,
98th,Song Sung Blue,,,,,,,,,,,,,,,,,,,,,,,,,,,,,,,,
98th,The Alabama Solution,,,,,,,,,,,,,,,,,,,,,,,,,,,,,,,,
98th,The Devil Is Busy,,,,,,,,,,,,,,,,,,,,,,,,,,,,,,,,
98th,The Girl Who Cried Pearls,,,,,,,,,,,,,,,,,,,,,,,,,,,,,,,,
98th,The Lost Bus,,,,,,,,,,,,,,,,,,,,,,,,,,,,,,,,
98th,The Perfect Neighbor,,,,,,,,,,,,,,,,,,,,,,,,,,,,,,,,
98th,The Singers,,,,,,,,,,,,,,,,,,,,,,,,,,,,,,,,
98th,The Smashing Machine,,,,,,,,,,,,,,,,,,,,,,,,,,,,,,,,
98th,The Three Sisters,,,,,,,,,,,,,,,,,,,,,,,,,,,,,,,,
98th,The Ugly Stepsister,,,,,,,,,,,,,,,,,,,,,,,,,,,,,,,,
98th,The Voice of Hind Rajab,,,,,,,,,,,,,,,,,,,,,,,,,,,,,,,,
98th,Two People Exchanging Saliva,,,,,,,,,,,,,,,,,,,,,,,,,,,,,,,,
98th,Viva Verdi!,,,,,,,,,,,,,,,,,,,,,,,,,,,,,,,,
98th,Weapons,,,,,,,,,,,,,,,,,,,,,,,,,,,,,,,,
98th,Zootopia 2,,,,,,,,,,,,,,,,,,,,,,,,,,,,,,,,
